,FSCS,Location,Library Class,Total Population Served,Federal Capital Income,State Capital Income,Local Capital Icome,Private Capital Income,Total Capital Income,Capital Expenditures for Electronic Access,Furnishings and Equipment Expenditures,Building Expenditures,Other Capital Expenditures,Total Capital Expenditures
0,MI0147,Alden District Library,"Class 1: Serve 3,999 or less",1285.0,0.0,0.0,0.0,0.0,0.0,0.0,0.0,0.0,0.0,0.0
1,MI9010,Ashley District Library,"Class 1: Serve 3,999 or less",3248.0,0.0,0.0,0.0,0.0,0.0,0.0,0.0,24240.0,0.0,24240.0
2,MI0023,Beaver Island District Library,"Class 1: Serve 3,999 or less",657.0,0.0,0.0,0.0,0.0,0.0,0.0,0.0,0.0,0.0,0.0
3,MI0024,Bellaire Public Library,"Class 1: Serve 3,999 or less",3769.0,0.0,0.0,0.0,0.0,0.0,650.0,0.0,0.0,0.0,650.0
4,MI0025,Bellevue Township Library,"Class 1: Serve 3,999 or less",3150.0,0.0,0.0,0.0,0.0,0.0,0.0,0.0,0.0,0.0,0.0
5,MI0114,Benzie Shores District Library,"Class 1: Serve 3,999 or less",3811.0,0.0,0.0,0.0,171000.0,171000.0,0.0,1978.0,0.0,52237.0,54215.0
6,MI0029,Benzonia Public Library,"Class 1: Serve 3,999 or less",3623.0,0.0,0.0,0.0,0.0,0.0,0.0,0.0,0.0,0.0,0.0
7,MI0033,Betsie Valley District Library,"Class 1: Serve 3,999 or less",2937.0,0.0,2352.0,0.0,0.0,2352.0,2706.0,604.0,0.0,0.0,3310.0
8,MI0048,Burr Oak Township Library,"Class 1: Serve 3,999 or less",2611.0,0.0,0.0,0.0,0.0,0.0,90.0,1100.0,0.0,0.0,1190.0
9,MI0053,Carp Lake Township Library,"Class 1: Serve 3,999 or less",722.0,0.0,0.0,0.0,0.0,0.0,0.0,0.0,0.0,0.0,0.0
10,MI0058,Central Lake District Library,"Class 1: Serve 3,999 or less",3995.0,0.0,0.0,0.0,0.0,0.0,0.0,0.0,0.0,0.0,0.0
11,MI0062,Chase Township Public Library,"Class 1: Serve 3,999 or less",1854.0,0.0,0.0,2465.0,0.0,2465.0,0.0,4930.0,0.0,0.0,4930.0
12,MI0065,Clinton Township Public Library,"Class 1: Serve 3,999 or less",3604.0,0.0,0.0,0.0,0.0,0.0,0.0,0.0,0.0,0.0,0.0
13,MI0068,Colon Township Library,"Class 1: Serve 3,999 or less",3803.0,0.0,0.0,89462.0,0.0,89462.0,0.0,0.0,6743.0,0.0,6743.0
14,MI0069,Columbia Township Library,"Class 1: Serve 3,999 or less",2373.0,0.0,0.0,0.0,0.0,0.0,0.0,36225.0,521516.0,0.0,557741.0
15,MI0076,Crooked Tree District Library,"Class 1: Serve 3,999 or less",3953.0,0.0,0.0,0.0,0.0,0.0,0.0,0.0,0.0,2764.0,2764.0
16,MI0429,Croton Township Library,"Class 1: Serve 3,999 or less",3228.0,0.0,0.0,0.0,0.0,0.0,0.0,0.0,0.0,0.0,0.0
17,MI0077,Crystal Falls District Community Library,"Class 1: Serve 3,999 or less",3453.0,0.0,0.0,0.0,1000.0,1000.0,0.0,6727.0,0.0,0.0,6727.0
18,MI0417,Curtis Township Library,"Class 1: Serve 3,999 or less",1236.0,0.0,0.0,0.0,0.0,0.0,0.0,3665.0,454.0,226.0,4345.0
19,MI0034,Darcy Library of Beulah,"Class 1: Serve 3,999 or less",3179.0,0.0,0.0,0.0,0.0,0.0,0.0,0.0,0.0,0.0,0.0
20,MI0099,Elk Township Library,"Class 1: Serve 3,999 or less",2769.0,0.0,0.0,0.0,0.0,0.0,0.0,0.0,0.0,0.0,0.0
21,MI0100,Elsie Public Library,"Class 1: Serve 3,999 or less",3738.0,0.0,0.0,0.0,0.0,0.0,0.0,0.0,0.0,0.0,0.0
22,MI0103,Fairgrove District Library,"Class 1: Serve 3,999 or less",3112.0,0.0,0.0,0.0,0.0,0.0,2763.0,0.0,28225.0,3082.0,34070.0
23,MI0109,Fife Lake Public Library,"Class 1: Serve 3,999 or less",2791.0,0.0,0.0,0.0,0.0,0.0,3551.0,0.0,5927.0,0.0,9478.0
24,MI0115,Franklin Public Library,"Class 1: Serve 3,999 or less",3150.0,0.0,0.0,0.0,0.0,0.0,0.0,962.0,29913.0,0.0,30875.0
25,MI0120,Galien Township Public Library,"Class 1: Serve 3,999 or less",3043.0,0.0,0.0,0.0,0.0,0.0,2807.0,4560.0,0.0,0.0,7367.0
26,MI0376,George W. Spindler Memorial Library,"Class 1: Serve 3,999 or less",2047.0,0.0,0.0,0.0,0.0,0.0,0.0,0.0,0.0,0.0,0.0
27,MI0128,Glen Lake Community Library,"Class 1: Serve 3,999 or less",3650.0,0.0,76500.0,71000.0,491896.0,639396.0,0.0,0.0,0.0,925422.0,925422.0
28,MI0436,Goodland Township Library,"Class 1: Serve 3,999 or less",1828.0,0.0,725.0,0.0,0.0,725.0,0.0,457.0,75.0,0.0,532.0
29,MI0155,Homer Public Library,"Class 1: Serve 3,999 or less",3926.0,0.0,0.0,0.0,0.0,0.0,0.0,0.0,0.0,0.0,0.0
30,MI0167,Indian River Area Library,"Class 1: Serve 3,999 or less",3038.0,0.0,0.0,0.0,9000.0,9000.0,0.0,4140.0,0.0,0.0,4140.0
31,MI0187,Lake Linden-Hubbell School/Public Library,"Class 1: Serve 3,999 or less",3730.0,0.0,0.0,0.0,0.0,0.0,0.0,0.0,0.0,0.0,0.0
32,MI0191,Lawrence Memorial Public Library,"Class 1: Serve 3,999 or less",2735.0,0.0,0.0,0.0,0.0,0.0,635.0,743.0,0.0,0.0,1378.0
33,MI0192,Lawton Public Library,"Class 1: Serve 3,999 or less",1900.0,0.0,0.0,0.0,0.0,0.0,2500.0,0.0,5000.0,0.0,7500.0
34,MI0193,Leelanau Township Library,"Class 1: Serve 3,999 or less",2027.0,0.0,0.0,0.0,0.0,0.0,0.0,0.0,0.0,0.0,0.0
35,MI0197,LeRoy Community Library,"Class 1: Serve 3,999 or less",2835.0,0.0,0.0,0.0,0.0,0.0,3637.0,0.0,3316.0,0.0,6953.0
36,MI0199,Litchfield District Library,"Class 1: Serve 3,999 or less",2372.0,0.0,0.0,0.0,0.0,0.0,0.0,0.0,56093.0,0.0,56093.0
37,MI0205,Lyons Township District Library,"Class 1: Serve 3,999 or less",3667.0,0.0,0.0,0.0,0.0,0.0,0.0,0.0,4995.0,0.0,4995.0
38,MI0207,Mackinac Island Public Library,"Class 1: Serve 3,999 or less",492.0,0.0,0.0,0.0,0.0,0.0,415.0,0.0,0.0,6192.0,6607.0
39,MI0215,Maple Rapids Public Library,"Class 1: Serve 3,999 or less",3115.0,0.0,0.0,0.0,0.0,0.0,0.0,279.0,0.0,0.0,279.0
40,MI0227,Merrill District Library,"Class 1: Serve 3,999 or less",3433.0,0.0,0.0,0.0,0.0,0.0,0.0,1800.0,0.0,0.0,1800.0
41,MI0238,Mulliken District Library,"Class 1: Serve 3,999 or less",1848.0,0.0,0.0,0.0,0.0,0.0,0.0,0.0,0.0,0.0,0.0
42,MI0247,North Branch Township Library,"Class 1: Serve 3,999 or less",3645.0,0.0,0.0,0.0,0.0,0.0,0.0,1178.0,2749.0,8945.0,12872.0
43,MI0254,Ontonagon Township Library,"Class 1: Serve 3,999 or less",3679.0,0.0,0.0,0.0,0.0,0.0,0.0,0.0,0.0,0.0,0.0
44,MI0256,Osceola Township School Public Library,"Class 1: Serve 3,999 or less",1830.0,0.0,0.0,0.0,0.0,0.0,0.0,0.0,0.0,0.0,0.0
45,MI0267,Pentwater Township Library,"Class 1: Serve 3,999 or less",1939.0,0.0,0.0,0.0,0.0,0.0,5648.0,0.0,16700.0,0.0,22348.0
46,MI0427,Ray Township Public Library,"Class 1: Serve 3,999 or less",3739.0,0.0,0.0,0.0,0.0,0.0,12158.0,0.0,21577.0,0.0,33735.0
47,MI0285,Republic-Michigamme Public Library,"Class 1: Serve 3,999 or less",1508.0,0.0,0.0,0.0,0.0,0.0,0.0,0.0,0.0,0.0,0.0
48,MI0287,Richfield Township Public Library,"Class 1: Serve 3,999 or less",3731.0,0.0,4500.0,0.0,0.0,4500.0,0.0,431.0,0.0,0.0,431.0
49,MI0289,Richland Township Library,"Class 1: Serve 3,999 or less",3674.0,0.0,0.0,0.0,0.0,0.0,4849.0,3251.0,0.0,0.0,8100.0
50,MI0291,Richmond Township Library,"Class 1: Serve 3,999 or less",882.0,0.0,0.0,0.0,0.0,0.0,0.0,1373.0,0.0,0.0,1373.0
51,MI0305,Schoolcraft Community Library,"Class 1: Serve 3,999 or less",3775.0,0.0,0.0,0.0,5273.0,5273.0,0.0,1108.0,65.0,0.0,1173.0
52,MI0307,Seville Township Public Library,"Class 1: Serve 3,999 or less",3138.0,0.0,0.0,0.0,0.0,0.0,2073.0,351.0,1372.0,0.0,3796.0
53,MI0311,Sleeper Public Library,"Class 1: Serve 3,999 or less",3428.0,0.0,2748.0,5500.0,0.0,8248.0,3606.0,5000.0,18817.0,0.0,27423.0
54,MI0312,Sodus Township Library,"Class 1: Serve 3,999 or less",1932.0,0.0,0.0,0.0,0.0,0.0,1201.0,2207.0,2465.0,0.0,5873.0
55,MI0327,Sunfield District Library,"Class 1: Serve 3,999 or less",2387.0,0.0,0.0,0.0,0.0,0.0,185.0,0.0,0.0,0.0,185.0
56,MI0334,Tekonsha Township Public Library,"Class 1: Serve 3,999 or less",1873.0,0.0,0.0,0.0,0.0,0.0,0.0,1550.0,280.0,0.0,1830.0
57,MI0341,Topinabee Public Library,"Class 1: Serve 3,999 or less",2294.0,0.0,0.0,0.0,0.0,0.0,0.0,0.0,0.0,0.0,0.0
58,MI0346,Vermontville Township Library,"Class 1: Serve 3,999 or less",3895.0,0.0,0.0,0.0,0.0,0.0,0.0,0.0,0.0,0.0,0.0
59,MI0350,Wakefield Public Library,"Class 1: Serve 3,999 or less",2156.0,0.0,0.0,0.0,0.0,0.0,178.0,3785.0,450.0,303.0,4716.0
60,MI0351,Waldron District Library,"Class 1: Serve 3,999 or less",2475.0,0.0,0.0,0.0,0.0,0.0,0.0,0.0,0.0,0.0,0.0
61,MI0352,Walkerville Public/School Library,"Class 1: Serve 3,999 or less",1968.0,0.0,0.0,0.0,0.0,0.0,0.0,0.0,0.0,0.0,0.0
62,MI0359,Watertown Township Library,"Class 1: Serve 3,999 or less",2202.0,0.0,0.0,0.0,0.0,0.0,0.0,0.0,0.0,0.0,0.0
63,MI0365,Wheatland Township Library,"Class 1: Serve 3,999 or less",2913.0,0.0,0.0,0.0,0.0,0.0,0.0,0.0,0.0,0.0,0.0
64,MI0369,Whitefish Township Community Library,"Class 1: Serve 3,999 or less",575.0,0.0,0.0,0.0,0.0,0.0,250.0,0.0,0.0,0.0,250.0
65,MI0375,Wolverine Community Library,"Class 1: Serve 3,999 or less",2738.0,0.0,0.0,0.0,0.0,0.0,1541.0,2462.0,4741.0,0.0,8744.0
66,MI0405,Addison Township Public Library,"Class 2: Serve 4,000-6,999",6351.0,0.0,0.0,0.0,0.0,0.0,0.0,769.0,0.0,0.0,769.0
67,MI0149,Almont District Library,"Class 2: Serve 4,000-6,999",6583.0,0.0,0.0,0.0,0.0,0.0,1297.0,990.0,0.0,0.0,2287.0
68,MI0013,Armada Free Public Library,"Class 2: Serve 4,000-6,999",5379.0,0.0,0.0,0.0,0.0,0.0,4425.0,18089.0,35838.0,0.0,58352.0
69,MI0014,Athens Community Library,"Class 2: Serve 4,000-6,999",4265.0,0.0,0.0,0.0,0.0,0.0,0.0,0.0,0.0,0.0,0.0
70,MI0018,Bad Axe District Library,"Class 2: Serve 4,000-6,999",6621.0,0.0,0.0,0.0,0.0,0.0,0.0,0.0,0.0,0.0,0.0
71,MI0020,Barryton Public Library,"Class 2: Serve 4,000-6,999",4075.0,0.0,0.0,0.0,0.0,0.0,0.0,0.0,0.0,0.0,0.0
72,MI0032,Bessemer Public Library,"Class 2: Serve 4,000-6,999",5414.0,0.0,0.0,0.0,0.0,0.0,0.0,0.0,0.0,0.0,0.0
73,MI0042,Bridgman Public Library,"Class 2: Serve 4,000-6,999",6296.0,0.0,0.0,0.0,0.0,0.0,0.0,85530.0,134519.0,0.0,220049.0
74,MI0044,Brown City Public Library,"Class 2: Serve 4,000-6,999",4005.0,0.0,0.0,0.0,0.0,0.0,0.0,0.0,3861.0,0.0,3861.0
75,MI0051,Camden Township Library,"Class 2: Serve 4,000-6,999",4191.0,0.0,0.0,2371.0,0.0,2371.0,0.0,0.0,0.0,3221.0,3221.0
76,MI0066,Coleman Area Library,"Class 2: Serve 4,000-6,999",4622.0,0.0,0.0,0.0,0.0,0.0,0.0,1201.0,0.0,0.0,1201.0
77,MI0071,Constantine Township Library,"Class 2: Serve 4,000-6,999",4986.0,0.0,0.0,0.0,0.0,0.0,0.0,942.0,0.0,0.0,942.0
78,MI0080,Deckerville Public Library,"Class 2: Serve 4,000-6,999",4514.0,0.0,0.0,0.0,0.0,0.0,0.0,0.0,0.0,0.0,0.0
79,MI0373,Dorothy Hull Library - Windsor Township,"Class 2: Serve 4,000-6,999",6838.0,0.0,0.0,0.0,0.0,0.0,0.0,352.0,0.0,0.0,352.0
80,MI0088,Dowling Public Library,"Class 2: Serve 4,000-6,999",4869.0,0.0,0.0,0.0,0.0,0.0,0.0,0.0,0.0,0.0,0.0
81,MI0089,Dryden Township Library,"Class 2: Serve 4,000-6,999",4768.0,0.0,0.0,0.0,0.0,0.0,0.0,0.0,0.0,0.0,0.0
82,MI0098,Elk Rapids District Library,"Class 2: Serve 4,000-6,999",5432.0,0.0,0.0,0.0,802161.0,802161.0,0.0,0.0,10955.0,0.0,10955.0
83,MI0112,Forsyth Township Public Library,"Class 2: Serve 4,000-6,999",6164.0,0.0,0.0,0.0,0.0,0.0,0.0,6244.0,0.0,0.0,6244.0
84,MI0117,Freeport District Library,"Class 2: Serve 4,000-6,999",5641.0,0.0,0.0,0.0,0.0,0.0,0.0,0.0,0.0,0.0,0.0
85,MI0140,Harbor Beach Area District Library,"Class 2: Serve 4,000-6,999",6119.0,0.0,0.0,0.0,0.0,0.0,0.0,7865.0,0.0,0.0,7865.0
86,MI0144,Hartford Public Library,"Class 2: Serve 4,000-6,999",6582.0,262947.0,0.0,0.0,281161.0,544108.0,0.0,0.0,544108.0,0.0,544108.0
87,MI0151,Hesperia Community Library,"Class 2: Serve 4,000-6,999",5933.0,0.0,0.0,13999.0,0.0,13999.0,1411.0,0.0,0.0,0.0,1411.0
88,MI0154,Home Township Library,"Class 2: Serve 4,000-6,999",4220.0,0.0,0.0,0.0,0.0,0.0,3051.0,0.0,0.0,0.0,3051.0
89,MI0157,Hopkins District Library,"Class 2: Serve 4,000-6,999",4610.0,0.0,0.0,0.0,0.0,0.0,0.0,7641.0,0.0,0.0,7641.0
90,MI0159,Howe Memorial Library,"Class 2: Serve 4,000-6,999",5531.0,0.0,0.0,0.0,0.0,0.0,0.0,1796.0,2900.0,13647.0,18343.0
91,MI0161,Hudson Carnegie District Library,"Class 2: Serve 4,000-6,999",5107.0,0.0,0.0,0.0,0.0,0.0,0.0,0.0,1989.0,0.0,1989.0
92,MI0170,Interlochen Public Library,"Class 2: Serve 4,000-6,999",5784.0,0.0,0.0,0.0,2893602.0,2893602.0,0.0,9008.0,0.0,0.0,9008.0
93,MI0172,Ironwood Carnegie Library,"Class 2: Serve 4,000-6,999",5713.0,0.0,0.0,0.0,0.0,0.0,0.0,965.0,3605.0,0.0,4570.0
94,MI0174,J. C. Wheeler Public Library,"Class 2: Serve 4,000-6,999",6443.0,0.0,0.0,0.0,0.0,0.0,0.0,3318.0,1028.0,0.0,4346.0
95,MI0176,Jacquelin E. Opperman Memorial Library,"Class 2: Serve 4,000-6,999",4080.0,0.0,0.0,0.0,0.0,0.0,0.0,0.0,0.0,0.0,0.0
96,MI0178,Jonesville District Library,"Class 2: Serve 4,000-6,999",5210.0,0.0,0.0,0.0,0.0,0.0,0.0,0.0,0.0,0.0,0.0
97,MI0179,Jordan Valley District Library,"Class 2: Serve 4,000-6,999",6997.0,0.0,0.0,0.0,0.0,0.0,0.0,0.0,0.0,0.0,0.0
98,MI0188,Lake Odessa Community Library,"Class 2: Serve 4,000-6,999",4168.0,0.0,3340.0,0.0,0.0,3340.0,0.0,11731.0,0.0,0.0,11731.0
99,MI0422,Leighton Township Library,"Class 2: Serve 4,000-6,999",4934.0,0.0,0.0,0.0,0.0,0.0,980.0,798.0,0.0,7179.0,8957.0
100,MI0194,Leland Township Public Library,"Class 2: Serve 4,000-6,999",5857.0,0.0,0.0,0.0,0.0,0.0,6403.0,1285.0,0.0,0.0,7688.0
101,MI0203,Luther Area Public Library,"Class 2: Serve 4,000-6,999",4141.0,0.0,0.0,0.0,0.0,0.0,2337.0,0.0,0.0,0.0,2337.0
102,MI0206,M. Alice Chapin Memorial Library,"Class 2: Serve 4,000-6,999",4197.0,0.0,0.0,0.0,0.0,0.0,0.0,0.0,0.0,0.0,0.0
103,MI0208,Mackinaw Area Public Library,"Class 2: Serve 4,000-6,999",5068.0,0.0,0.0,0.0,0.0,0.0,3218.0,0.0,5210.0,0.0,8428.0
104,MI0211,Mancelona Township Library,"Class 2: Serve 4,000-6,999",4968.0,0.0,0.0,0.0,0.0,0.0,2212.0,0.0,0.0,0.0,2212.0
105,MI0216,Marcellus Township Wood Memorial Library,"Class 2: Serve 4,000-6,999",4101.0,0.0,0.0,0.0,0.0,0.0,4976.0,0.0,14894.0,0.0,19870.0
106,MI0217,Marlette District Library,"Class 2: Serve 4,000-6,999",5241.0,0.0,0.0,0.0,0.0,0.0,0.0,0.0,0.0,0.0,0.0
107,MI0221,Mayville District Public Library,"Class 2: Serve 4,000-6,999",5160.0,0.0,0.0,0.0,0.0,0.0,0.0,0.0,0.0,0.0,0.0
108,MI0418,McBain Community Library,"Class 2: Serve 4,000-6,999",5841.0,0.0,0.0,0.0,0.0,0.0,3386.0,0.0,0.0,0.0,3386.0
109,MI0225,Mendon Township Library,"Class 2: Serve 4,000-6,999",4730.0,0.0,0.0,1180.0,0.0,1180.0,0.0,0.0,1180.0,0.0,1180.0
110,MI0235,Moore Public Library,"Class 2: Serve 4,000-6,999",5072.0,0.0,0.0,93000.0,0.0,93000.0,0.0,0.0,840.0,0.0,840.0
111,MI0236,Morton Township Public Library,"Class 2: Serve 4,000-6,999",6634.0,0.0,0.0,0.0,0.0,0.0,0.0,0.0,0.0,0.0,0.0
112,MI0243,New Buffalo Township Public Library,"Class 2: Serve 4,000-6,999",5302.0,0.0,0.0,0.0,0.0,0.0,0.0,0.0,0.0,0.0,0.0
113,MI0244,Newaygo Area District Library,"Class 2: Serve 4,000-6,999",6834.0,0.0,0.0,0.0,0.0,0.0,6751.0,13240.0,0.0,0.0,19991.0
114,MI0246,North Adams Community Memorial Library,"Class 2: Serve 4,000-6,999",4469.0,0.0,0.0,0.0,5043.0,5043.0,156.0,8378.0,569514.0,0.0,578048.0
115,MI0249,Nottawa Township Library,"Class 2: Serve 4,000-6,999",6174.0,0.0,0.0,0.0,0.0,0.0,2510.0,5939.0,15677.0,11575.0,35701.0
116,MI0260,Ovid Public Library,"Class 2: Serve 4,000-6,999",5305.0,0.0,0.0,0.0,0.0,0.0,0.0,0.0,7915.0,0.0,7915.0
117,MI0264,Pathfinder Community Library,"Class 2: Serve 4,000-6,999",6341.0,0.0,0.0,0.0,0.0,0.0,4500.0,4992.0,5975.0,0.0,15467.0
118,MI0266,Peninsula Community Library,"Class 2: Serve 4,000-6,999",5433.0,0.0,0.0,663472.0,663472.0,1326944.0,0.0,134945.0,403804.0,106086.0,644835.0
119,MI0270,Pigeon District Library,"Class 2: Serve 4,000-6,999",6654.0,0.0,0.0,0.0,0.0,0.0,5928.0,4655.0,10890.0,0.0,21473.0
120,MI0272,Pittsford Public Library,"Class 2: Serve 4,000-6,999",4105.0,0.0,0.0,0.0,0.0,0.0,0.0,0.0,0.0,0.0,0.0
121,MI0275,Port Austin Township Library,"Class 2: Serve 4,000-6,999",5033.0,0.0,0.0,88500.0,3500.0,92000.0,4800.0,5000.0,0.0,0.0,9800.0
122,MI0028,Potterville-Benton Township District Library,"Class 2: Serve 4,000-6,999",5413.0,0.0,0.0,0.0,0.0,0.0,0.0,2153.0,0.0,0.0,2153.0
123,MI0280,Putnam District Library,"Class 2: Serve 4,000-6,999",6847.0,0.0,0.0,0.0,0.0,0.0,0.0,0.0,0.0,0.0,0.0
124,MI0281,Rauchholz Memorial Library,"Class 2: Serve 4,000-6,999",6240.0,0.0,0.0,0.0,1032387.0,1032387.0,0.0,0.0,0.0,0.0,0.0
125,MI0283,Reading Community Library,"Class 2: Serve 4,000-6,999",5376.0,0.0,0.0,0.0,0.0,0.0,0.0,0.0,0.0,0.0,0.0
126,MI0380,Reese Unity District Library,"Class 2: Serve 4,000-6,999",5523.0,0.0,12694.0,25751.0,6881.0,45326.0,1050.0,13798.0,2060.0,6953.0,23861.0
127,MI0064,River Rapids District Library,"Class 2: Serve 4,000-6,999",4659.0,0.0,0.0,0.0,0.0,0.0,0.0,84363.0,0.0,0.0,84363.0
128,MI0125,Roscommon Area District Library,"Class 2: Serve 4,000-6,999",6295.0,0.0,0.0,0.0,0.0,0.0,10563.0,0.0,0.0,0.0,10563.0
129,MI0323,Saint Ignace Public Library,"Class 2: Serve 4,000-6,999",4434.0,0.0,0.0,0.0,0.0,0.0,4644.0,0.0,3986.0,0.0,8630.0
130,MI0302,Sanilac District Library,"Class 2: Serve 4,000-6,999",4375.0,0.0,0.0,0.0,0.0,0.0,0.0,4578.0,0.0,0.0,4578.0
131,MI0304,Saugatuck-Douglas District Library,"Class 2: Serve 4,000-6,999",5101.0,0.0,0.0,299546.0,37587.0,337133.0,0.0,48571.0,2427206.0,0.0,2475777.0
132,MI9007,Sebewaing Township Library,"Class 2: Serve 4,000-6,999",4038.0,0.0,0.0,0.0,0.0,0.0,4580.0,0.0,0.0,0.0,4580.0
133,MI0432,Sherman Township Library,"Class 2: Serve 4,000-6,999",5635.0,0.0,0.0,0.0,0.0,0.0,0.0,0.0,0.0,0.0,0.0
134,MI0324,Stair District Library,"Class 2: Serve 4,000-6,999",4046.0,0.0,0.0,0.0,0.0,0.0,0.0,3350.0,0.0,0.0,3350.0
135,MI0329,Suttons Bay-Bingham District Library,"Class 2: Serve 4,000-6,999",5479.0,0.0,0.0,0.0,0.0,0.0,14075.0,738.0,10000.0,0.0,24813.0
136,MI0332,Taymouth Township Library,"Class 2: Serve 4,000-6,999",6680.0,0.0,0.0,0.0,0.0,0.0,0.0,0.0,300.0,0.0,300.0
137,MI0110,Thomas E. Fleschner Memorial Library,"Class 2: Serve 4,000-6,999",6033.0,0.0,4836.0,0.0,0.0,4836.0,0.0,4169.0,0.0,0.0,4169.0
138,MI0339,Three Oaks Township Public Library,"Class 2: Serve 4,000-6,999",4576.0,0.0,0.0,0.0,0.0,0.0,0.0,9260.0,0.0,19070.0,28330.0
139,MI0344,Utica Public Library,"Class 2: Serve 4,000-6,999",4757.0,0.0,0.0,0.0,0.0,0.0,1357.0,0.0,5136.0,0.0,6493.0
140,MI0347,Vernon District Public Library,"Class 2: Serve 4,000-6,999",4614.0,0.0,0.0,0.0,0.0,0.0,0.0,0.0,0.0,0.0,0.0
141,MI0353,Walled Lake City Library,"Class 2: Serve 4,000-6,999",6999.0,0.0,0.0,0.0,0.0,0.0,0.0,0.0,0.0,0.0,0.0
142,MI0360,Watervliet District Library,"Class 2: Serve 4,000-6,999",4837.0,0.0,0.0,0.0,1713.0,1713.0,0.0,969.0,0.0,1744.0,2713.0
143,MI0367,White Pigeon Township Library,"Class 2: Serve 4,000-6,999",5240.0,0.0,0.0,0.0,0.0,0.0,0.0,1012.0,2993.0,0.0,4005.0
144,MI0372,Aitkin Memorial District Library,"Class 3: Serve 7,000-11,999",7410.0,0.0,0.0,0.0,0.0,0.0,14717.0,0.0,833.0,0.0,15550.0
145,MI0407,Alanson Area Public Library,"Class 3: Serve 7,000-11,999",11600.0,0.0,0.0,0.0,0.0,0.0,0.0,1267.0,0.0,0.0,1267.0
146,MI0408,Albion District Library,"Class 3: Serve 7,000-11,999",11569.0,0.0,0.0,0.0,0.0,0.0,0.0,0.0,0.0,0.0,0.0
147,MI0409,Alcona County Library,"Class 3: Serve 7,000-11,999",9706.0,0.0,0.0,0.0,0.0,0.0,12687.0,5269.0,1956.0,0.0,19912.0
148,MI0412,Alma Public Library,"Class 3: Serve 7,000-11,999",11902.0,0.0,0.0,0.0,0.0,0.0,0.0,0.0,0.0,0.0,0.0
149,MI0010,Alvah N. Belding Memorial Library,"Class 3: Serve 7,000-11,999",11000.0,0.0,0.0,0.0,0.0,0.0,19591.0,3017.0,86217.0,0.0,108825.0
150,MI0016,Augusta-Ross Township District Library,"Class 3: Serve 7,000-11,999",7172.0,0.0,0.0,0.0,0.0,0.0,0.0,0.0,0.0,0.0,0.0
151,MI9026,Bath Township Public Library,"Class 3: Serve 7,000-11,999",11598.0,0.0,0.0,0.0,0.0,0.0,12824.0,2147.0,9500.0,0.0,24471.0
152,MI0031,Berrien Springs Community Library,"Class 3: Serve 7,000-11,999",9197.0,0.0,0.0,0.0,0.0,0.0,0.0,0.0,0.0,0.0,0.0
153,MI0036,Blair Memorial Library,"Class 3: Serve 7,000-11,999",11825.0,0.0,0.0,0.0,0.0,0.0,0.0,0.0,0.0,0.0,0.0
154,MI0038,Boyne District Library,"Class 3: Serve 7,000-11,999",7226.0,0.0,0.0,0.0,0.0,0.0,4000.0,8000.0,35819.0,0.0,47819.0
155,MI0045,Buchanan District Library,"Class 3: Serve 7,000-11,999",10090.0,0.0,0.0,0.0,1650.0,1650.0,390.0,3081.0,188048.0,0.0,191519.0
156,MI0046,Bullard Sanford Memorial Library,"Class 3: Serve 7,000-11,999",9705.0,0.0,0.0,0.0,0.0,0.0,16180.0,2793.0,16.0,0.0,18989.0
157,MI0050,Calumet Public School Library,"Class 3: Serve 7,000-11,999",8692.0,0.0,0.0,0.0,0.0,0.0,0.0,0.0,0.0,0.0,0.0
158,MI0168,Caro Area District Library,"Class 3: Serve 7,000-11,999",11833.0,0.0,0.0,0.0,0.0,0.0,0.0,0.0,5879.0,0.0,5879.0
159,MI0054,Carson City Public Library,"Class 3: Serve 7,000-11,999",10857.0,0.0,0.0,0.0,0.0,0.0,0.0,0.0,0.0,0.0,0.0
160,MI0056,Cedar Springs Public Library,"Class 3: Serve 7,000-11,999",9483.0,0.0,0.0,7700.0,0.0,7700.0,0.0,0.0,0.0,24155.0,24155.0
161,MI0057,Center Line Public Library,"Class 3: Serve 7,000-11,999",8257.0,0.0,0.0,0.0,0.0,0.0,0.0,0.0,0.0,0.0,0.0
162,MI0060,Charlevoix Public Library,"Class 3: Serve 7,000-11,999",9810.0,0.0,0.0,0.0,0.0,0.0,3500.0,40569.0,0.0,0.0,44069.0
163,MI0072,Coopersville Area District Library,"Class 3: Serve 7,000-11,999",11862.0,0.0,0.0,0.0,0.0,0.0,0.0,3982.94,4566.0,1460.16,10009.1
164,MI0081,Delton District Library,"Class 3: Serve 7,000-11,999",10021.0,0.0,0.0,0.0,0.0,0.0,0.0,0.0,0.0,0.0,0.0
165,MI0086,Dorr Township Library,"Class 3: Serve 7,000-11,999",7439.0,0.0,0.0,0.0,0.0,0.0,0.0,0.0,0.0,0.0,0.0
166,MI0095,Eau Claire District Library,"Class 3: Serve 7,000-11,999",7392.0,0.0,0.0,0.0,0.0,0.0,3759.0,337.0,24101.0,0.0,28197.0
167,MI9021,Ecorse Public Library,"Class 3: Serve 7,000-11,999",9512.0,0.0,0.0,0.0,0.0,0.0,0.0,0.0,0.0,0.0,0.0
168,MI0102,Evart Public Library,"Class 3: Serve 7,000-11,999",7717.0,0.0,0.0,0.0,0.0,0.0,0.0,0.0,0.0,0.0,0.0
169,MI0177,Frankenmuth James E. Wickson District Library,"Class 3: Serve 7,000-11,999",7824.0,0.0,0.0,0.0,0.0,0.0,6601.0,11336.0,0.0,0.0,17937.0
170,MI0119,Galesburg-Charleston Memorial District Library,"Class 3: Serve 7,000-11,999",9476.0,0.0,0.0,0.0,0.0,0.0,28162.0,2625.0,0.0,0.0,30787.0
171,MI0162,Gary Byker Memorial Library of Hudsonville,"Class 3: Serve 7,000-11,999",10983.0,0.0,0.0,34947.0,0.0,34947.0,0.0,34947.0,0.0,0.0,34947.0
172,MI0126,Gladstone School & Public Library,"Class 3: Serve 7,000-11,999",11239.0,0.0,0.0,0.0,0.0,0.0,0.0,0.0,0.0,0.0,0.0
173,MI0132,Grant Area District Library,"Class 3: Serve 7,000-11,999",8875.0,0.0,0.0,124948.0,0.0,124948.0,0.0,0.0,0.0,0.0,0.0
174,MI0143,Hart Area Public Library,"Class 3: Serve 7,000-11,999",8133.0,0.0,0.0,1450.0,5000.0,6450.0,2900.0,4500.0,71500.0,21428.0,100328.0
175,MI0148,Henika District Library,"Class 3: Serve 7,000-11,999",7135.0,0.0,0.0,0.0,0.0,0.0,0.0,0.0,0.0,0.0,0.0
176,MI0232,Hillsdale Community Library,"Class 3: Serve 7,000-11,999",11870.0,0.0,0.0,67365.0,0.0,67365.0,6403.0,300.0,600.0,8017.0,15320.0
177,MI0163,Huntington Woods Public Library,"Class 3: Serve 7,000-11,999",8764.0,0.0,0.0,0.0,0.0,0.0,0.0,0.0,13465.0,0.0,13465.0
178,MI0186,Laingsburg Public Library,"Class 3: Serve 7,000-11,999",9555.0,0.0,0.0,157174.0,2785.0,159959.0,0.0,0.0,0.0,0.0,0.0
179,MI0184,L'Anse Area School-Public Library,"Class 3: Serve 7,000-11,999",9533.0,0.0,0.0,0.0,0.0,0.0,0.0,0.0,0.0,0.0,0.0
180,MI0196,Lenox Township Library,"Class 3: Serve 7,000-11,999",10470.0,0.0,0.0,0.0,0.0,0.0,0.0,0.0,251344.0,0.0,251344.0
181,MI0290,Lois Wagner Memorial Library,"Class 3: Serve 7,000-11,999",11581.0,0.0,0.0,0.0,0.0,0.0,0.0,0.0,0.0,0.0,0.0
182,MI0212,Manchester District Library,"Class 3: Serve 7,000-11,999",7312.0,0.0,0.0,0.0,0.0,0.0,0.0,1218.0,0.0,0.0,1218.0
183,MI0214,Manistique School & Public Library,"Class 3: Serve 7,000-11,999",8344.0,0.0,0.0,0.0,0.0,0.0,0.0,0.0,0.0,0.0,0.0
184,MI9018,Melvindale Public Library,"Class 3: Serve 7,000-11,999",10715.0,0.0,0.0,0.0,0.0,0.0,0.0,0.0,0.0,0.0,0.0
185,MI0230,Millington Arbela District Library,"Class 3: Serve 7,000-11,999",7424.0,0.0,0.0,0.0,1000.0,1000.0,5073.0,3602.0,2822.0,341.0,11838.0
186,MI0234,Montmorency County Public Libraries,"Class 3: Serve 7,000-11,999",9765.0,0.0,0.0,0.0,0.0,0.0,0.0,6296.0,23099.0,0.0,29395.0
187,MI0239,Munising School Public Library,"Class 3: Serve 7,000-11,999",9623.0,0.0,0.0,0.0,0.0,0.0,0.0,0.0,0.0,0.0,0.0
188,MI0241,Negaunee Public Library,"Class 3: Serve 7,000-11,999",7656.0,0.0,0.0,0.0,0.0,0.0,0.0,500.0,0.0,0.0,500.0
189,MI0379,Northfield Township Area Library,"Class 3: Serve 7,000-11,999",8354.0,0.0,0.0,0.0,0.0,0.0,20069.0,0.0,58468.0,3214.0,81751.0
190,MI0257,Oscoda County Library,"Class 3: Serve 7,000-11,999",8640.0,0.0,0.0,0.0,0.0,0.0,12694.0,0.0,0.0,0.0,12694.0
191,MI0263,Parchment Community Library,"Class 3: Serve 7,000-11,999",9969.0,0.0,0.0,0.0,0.0,0.0,10361.0,5779.0,0.0,0.0,16140.0
192,MI9012,Patmos Library,"Class 3: Serve 7,000-11,999",7034.0,0.0,0.0,60000.0,0.0,60000.0,0.0,0.0,0.0,0.0,0.0
193,MI0122,Pere Marquette District Library,"Class 3: Serve 7,000-11,999",8833.0,0.0,0.0,0.0,0.0,0.0,0.0,0.0,0.0,0.0,0.0
194,MI0271,Pinckney Community Public Library,"Class 3: Serve 7,000-11,999",11503.0,0.0,0.0,0.0,0.0,0.0,13532.0,6500.0,2519.0,2002.0,24553.0
195,MI0282,Rawson Memorial Library,"Class 3: Serve 7,000-11,999",8891.0,0.0,0.0,0.0,0.0,0.0,0.0,0.0,0.0,29130.0,29130.0
196,MI0284,Reed City Area District Library,"Class 3: Serve 7,000-11,999",8543.0,0.0,0.0,0.0,0.0,0.0,2500.0,5963.0,0.0,2200.0,10663.0
197,MI0288,Richland Community Library,"Class 3: Serve 7,000-11,999",7580.0,0.0,0.0,0.0,0.0,0.0,0.0,7564.0,18114.0,0.0,25678.0
198,MI9019,River Rouge Public Library,"Class 3: Serve 7,000-11,999",7903.0,0.0,0.0,0.0,0.0,0.0,0.0,0.0,0.0,0.0,0.0
199,MI0165,Ruth Hughes Memorial District Library,"Class 3: Serve 7,000-11,999",11480.0,0.0,0.0,0.0,0.0,0.0,0.0,0.0,0.0,0.0,0.0
200,MI0320,Saint Charles District Library,"Class 3: Serve 7,000-11,999",7798.0,0.0,0.0,7056.0,0.0,7056.0,2145.0,11663.0,0.0,8346.0,22154.0
201,MI0423,Salem Township Library,"Class 3: Serve 7,000-11,999",7357.0,0.0,0.0,9275.0,0.0,9275.0,15361.0,2240.0,3986.0,0.0,21587.0
202,MI0301,Sandusky District Library,"Class 3: Serve 7,000-11,999",7103.0,0.0,0.0,0.0,0.0,0.0,0.0,0.0,0.0,12683.0,12683.0
203,MI0303,Saranac Public Library,"Class 3: Serve 7,000-11,999",10188.0,0.0,0.0,0.0,0.0,0.0,500.0,10000.0,54287.0,0.0,64787.0
204,MI0428,Schultz-Holmes Memorial Library,"Class 3: Serve 7,000-11,999",7272.0,0.0,0.0,0.0,0.0,0.0,0.0,0.0,0.0,0.0,0.0
205,MI0309,Shelby Area District Library,"Class 3: Serve 7,000-11,999",11377.0,0.0,0.0,0.0,0.0,0.0,1221.0,0.0,0.0,0.0,1221.0
206,MI0314,South Haven Memorial Library,"Class 3: Serve 7,000-11,999",8386.0,0.0,0.0,136110.0,0.0,136110.0,0.0,0.0,0.0,0.0,0.0
207,MI0317,Sparta Carnegie Township Library,"Class 3: Serve 7,000-11,999",9110.0,0.0,0.0,0.0,0.0,0.0,7842.0,4854.0,0.0,1550.0,14246.0
208,MI0318,Spies Public Library,"Class 3: Serve 7,000-11,999",9645.0,0.0,0.0,0.0,0.0,0.0,0.0,0.0,10922.0,0.0,10922.0
209,MI0328,Surrey Township Public Library,"Class 3: Serve 7,000-11,999",9301.0,0.0,0.0,0.0,0.0,0.0,4598.0,5675.0,5539.0,1943.0,17755.0
210,MI0330,Tahquamenon Area Public Library,"Class 3: Serve 7,000-11,999",7851.0,2999.0,0.0,0.0,0.0,2999.0,0.0,2462.0,0.0,0.0,2462.0
211,MI0331,Tamarack District Library,"Class 3: Serve 7,000-11,999",10250.0,0.0,0.0,126588.0,0.0,126588.0,6019.0,2147.0,28030.0,10597.0,46793.0
212,MI0335,Theodore A. Cutler Memorial Library,"Class 3: Serve 7,000-11,999",10662.0,0.0,0.0,0.0,0.0,0.0,0.0,0.0,4975.0,0.0,4975.0
213,MI0336,Thomas Township Library,"Class 3: Serve 7,000-11,999",11985.0,0.0,0.0,0.0,0.0,0.0,0.0,0.0,0.0,0.0,0.0
214,MI0337,Thompson Home Public Library,"Class 3: Serve 7,000-11,999",8147.0,0.0,0.0,0.0,0.0,0.0,0.0,0.0,8648.0,0.0,8648.0
215,MI0286,Timothy C. Hauenstein Reynolds Township Library,"Class 3: Serve 7,000-11,999",9714.0,0.0,0.0,30180.0,0.0,30180.0,0.0,0.0,15311.0,0.0,15311.0
216,MI0354,Walton Erickson Public Library,"Class 3: Serve 7,000-11,999",9514.0,0.0,0.0,0.0,2500.0,2500.0,1837.0,3844.0,0.0,0.0,5681.0
217,MI0363,West Branch District Library,"Class 3: Serve 7,000-11,999",9138.0,1.0,83.0,4.0,0.0,88.0,9566.0,9491.0,0.0,0.0,19057.0
218,MI0364,West Iron District Library,"Class 3: Serve 7,000-11,999",7370.0,0.0,0.0,0.0,0.0,0.0,0.0,0.0,0.0,0.0,0.0
219,MI0091,White Cloud Community Library,"Class 3: Serve 7,000-11,999",8533.0,0.0,0.0,0.0,0.0,0.0,0.0,0.0,0.0,0.0,0.0
220,MI0370,White Lake Community Library,"Class 3: Serve 7,000-11,999",11811.0,0.0,0.0,109242.0,1000.0,110242.0,3000.0,0.0,172566.0,1500.0,177066.0
221,MI0368,White Pine District Library,"Class 3: Serve 7,000-11,999",10014.0,0.0,0.0,0.0,0.0,0.0,2700.0,1192.0,38695.0,8315.0,50902.0
222,MI0406,Adrian District Library,"Class 4: Serve 12,000-25,999",21133.0,0.0,0.0,0.0,0.0,0.0,3408.0,64507.0,174552.0,0.0,242467.0
223,MI0410,Allegan District Library,"Class 4: Serve 12,000-25,999",17401.0,0.0,0.0,0.0,0.0,0.0,0.0,0.0,0.0,0.0,0.0
224,MI0015,Auburn Hills Public Library,"Class 4: Serve 12,000-25,999",21412.0,0.0,0.0,0.0,0.0,0.0,0.0,5516.0,52130.0,0.0,57646.0
225,MI0017,Bacon Memorial District Library,"Class 4: Serve 12,000-25,999",25883.0,0.0,0.0,0.0,0.0,0.0,10000.0,17500.0,0.0,54351.0,81851.0
226,MI0027,Benton Harbor Public Library,"Class 4: Serve 12,000-25,999",24787.0,0.0,0.0,0.0,0.0,0.0,0.0,0.0,0.0,0.0,0.0
227,MI0030,Berkley Public Library,"Class 4: Serve 12,000-25,999",14970.0,0.0,0.0,0.0,0.0,0.0,17520.0,2500.0,11300.0,0.0,31320.0
228,MI0035,Big Rapids Community Library,"Class 4: Serve 12,000-25,999",20025.0,0.0,0.0,0.0,0.0,0.0,0.0,0.0,33882.0,0.0,33882.0
229,MI0040,Brandon Township Public Library,"Class 4: Serve 12,000-25,999",15175.0,0.0,0.0,0.0,0.0,0.0,32935.0,10335.0,0.0,0.0,43270.0
230,MI0041,Bridgeport Public Library,"Class 4: Serve 12,000-25,999",12667.0,0.0,0.0,0.0,0.0,0.0,0.0,29258.0,0.0,0.0,29258.0
231,MI0026,Briggs District Library,"Class 4: Serve 12,000-25,999",19336.0,0.0,0.0,0.0,0.0,0.0,0.0,0.0,0.0,0.0,0.0
232,MI0059,Charles A. Ransom District Library,"Class 4: Serve 12,000-25,999",15068.0,0.0,0.0,403191.0,0.0,403191.0,0.0,150000.0,4000000.0,0.0,4150000.0
233,MI0061,Charlotte Community Library,"Class 4: Serve 12,000-25,999",24370.0,0.0,0.0,0.0,0.0,0.0,0.0,0.0,0.0,0.0,0.0
234,MI0063,Cheboygan Area Public Library,"Class 4: Serve 12,000-25,999",13894.0,0.0,0.0,239029.0,0.0,239029.0,0.0,0.0,38809.0,0.0,38809.0
235,MI0223,Chelsea District Library,"Class 4: Serve 12,000-25,999",15010.0,0.0,0.0,0.0,0.0,0.0,19584.0,30579.0,89027.0,22714.0,161904.0
236,MI0067,Coloma Public Library,"Class 4: Serve 12,000-25,999",12982.0,0.0,0.0,229047.0,1000.0,230047.0,40057.0,4659.0,235747.0,0.0,280463.0
237,MI0070,Comstock Township Library,"Class 4: Serve 12,000-25,999",14854.0,0.0,0.0,0.0,0.0,0.0,0.0,29748.0,0.0,20528.0,50276.0
238,MI0074,Crawford County Library,"Class 4: Serve 12,000-25,999",14074.0,0.0,0.0,0.0,0.0,0.0,9001.0,16.0,11883.0,0.0,20900.0
239,MI0106,DeWitt District Library,"Class 4: Serve 12,000-25,999",20542.0,0.0,0.0,0.0,0.0,0.0,0.0,6735.0,9225.0,0.0,15960.0
240,MI0084,Dexter District Library,"Class 4: Serve 12,000-25,999",19591.0,0.0,0.0,0.0,0.0,0.0,6855.0,34896.0,12191.0,0.0,53942.0
241,MI0087,Dowagiac District Library,"Class 4: Serve 12,000-25,999",13306.0,0.0,0.0,538920.0,40100.0,579020.0,3400.0,195883.0,3598528.0,0.0,3797811.0
242,MI0094,Eaton Rapids Area District Library,"Class 4: Serve 12,000-25,999",12670.0,0.0,0.0,0.0,0.0,0.0,0.0,0.0,0.0,0.0,0.0
243,MI0101,Escanaba Public Library,"Class 4: Serve 12,000-25,999",25830.0,0.0,0.0,0.0,0.0,0.0,0.0,0.0,0.0,0.0,0.0
244,MI0107,Fennville District Library,"Class 4: Serve 12,000-25,999",14230.0,0.0,0.0,0.0,0.0,0.0,4236.0,0.0,11258.0,16575.0,32069.0
245,MI0108,Ferndale Area District Library,"Class 4: Serve 12,000-25,999",19900.0,0.0,0.0,0.0,0.0,0.0,1302.0,25245.0,395313.0,300000.0,721860.0
246,MI0133,Flat River Community Library,"Class 4: Serve 12,000-25,999",17626.0,0.0,0.0,0.0,0.0,0.0,0.0,0.0,0.0,0.0,0.0
247,MI0421,Flat Rock Public Library,"Class 4: Serve 12,000-25,999",17823.0,0.0,0.0,0.0,0.0,0.0,0.0,0.0,14676.0,0.0,14676.0
248,MI0113,Fowlerville District Library,"Class 4: Serve 12,000-25,999",17068.0,0.0,0.0,13773.0,0.0,13773.0,5200.0,3612.0,0.0,0.0,8812.0
249,MI0116,Fraser Public Library,"Class 4: Serve 12,000-25,999",14480.0,0.0,0.0,0.0,0.0,0.0,1750.0,24695.0,0.0,0.0,26445.0
250,MI0118,Fremont Area District Library,"Class 4: Serve 12,000-25,999",13326.0,0.0,0.0,0.0,0.0,0.0,7058.0,9882.0,3016.0,0.0,19956.0
251,MI9022,Fruitport District Library,"Class 4: Serve 12,000-25,999",13598.0,0.0,0.0,0.0,0.0,0.0,2380.0,1316.0,0.0,0.0,3696.0
252,MI0127,Gladwin County District Library,"Class 4: Serve 12,000-25,999",25692.0,0.0,0.0,0.0,0.0,0.0,0.0,0.0,0.0,0.0,0.0
253,MI0130,Grand Ledge Area District Library,"Class 4: Serve 12,000-25,999",15959.0,0.0,0.0,22988.0,0.0,22988.0,0.0,22293.0,695.0,0.0,22988.0
254,MI0137,Hamburg Township Library,"Class 4: Serve 12,000-25,999",21165.0,0.0,0.0,0.0,0.0,0.0,0.0,8562.0,0.0,0.0,8562.0
255,MI0138,Hamtramck Public Library,"Class 4: Serve 12,000-25,999",22423.0,0.0,0.0,0.0,0.0,0.0,0.0,0.0,0.0,0.0,0.0
256,MI0141,Harper Woods Public Library,"Class 4: Serve 12,000-25,999",14236.0,0.0,0.0,0.0,0.0,0.0,0.0,0.0,0.0,0.0,0.0
257,MI0142,Harrison District Library,"Class 4: Serve 12,000-25,999",12920.0,0.0,0.0,0.0,0.0,0.0,0.0,0.0,0.0,0.0,0.0
258,MI0435,Harrison Township Public Library,"Class 4: Serve 12,000-25,999",24587.0,0.0,0.0,0.0,0.0,0.0,0.0,63968.0,40651.0,0.0,104619.0
259,MI0145,Hastings Public Library,"Class 4: Serve 12,000-25,999",13233.0,0.0,0.0,0.0,0.0,0.0,0.0,0.0,0.0,0.0,0.0
260,MI0146,Hazel Park Memorial District Library,"Class 4: Serve 12,000-25,999",16422.0,0.0,0.0,0.0,0.0,0.0,0.0,0.0,135726.0,0.0,135726.0
261,MI0152,Highland Township Public Library,"Class 4: Serve 12,000-25,999",19202.0,0.0,0.0,0.0,0.0,0.0,0.0,0.0,0.0,0.0,0.0
262,MI0153,Holly Township Library,"Class 4: Serve 12,000-25,999",23088.0,0.0,0.0,0.0,0.0,0.0,4134.0,1342.0,0.0,0.0,5476.0
263,MI0158,Houghton Lake Public Library,"Class 4: Serve 12,000-25,999",15322.0,0.0,0.0,0.0,0.0,0.0,0.0,18285.0,0.0,0.0,18285.0
264,MI0378,Howard Miller Library,"Class 4: Serve 12,000-25,999",22115.0,0.0,0.0,0.0,3526.0,3526.0,0.0,0.0,0.0,0.0,0.0
265,MI0136,Ionia Community Library,"Class 4: Serve 12,000-25,999",21638.0,0.0,0.0,0.0,0.0,0.0,12255.0,5864.0,0.0,0.0,18119.0
266,MI0173,Ishpeming Carnegie Public Library,"Class 4: Serve 12,000-25,999",13600.0,0.0,0.0,0.0,1284.0,1284.0,3071.0,1415.0,3929.0,0.0,8415.0
267,MI0181,Kalkaska County Library,"Class 4: Serve 12,000-25,999",17153.0,0.0,0.0,0.0,0.0,0.0,1178.0,3802.0,0.0,0.0,4980.0
268,MI0431,Leanna Hicks Public Library of Inkster,"Class 4: Serve 12,000-25,999",25369.0,0.0,0.0,0.0,0.0,0.0,0.0,201716.0,1765757.0,0.0,1967473.0
269,MI0198,Lincoln Township Public Library,"Class 4: Serve 12,000-25,999",22258.0,0.0,0.0,0.0,0.0,0.0,28152.0,27467.0,69635.0,33176.0,158430.0
270,MI0204,Lyon Township Public Library,"Class 4: Serve 12,000-25,999",14545.0,0.0,0.0,0.0,0.0,0.0,7513.0,42124.0,0.0,0.0,49637.0
271,MI0242,MacDonald Public Library,"Class 4: Serve 12,000-25,999",13452.0,0.0,0.0,0.0,0.0,0.0,28426.0,0.0,25604.0,0.0,54030.0
272,MI0213,Manistee County Library,"Class 4: Serve 12,000-25,999",22995.0,0.0,0.0,0.0,29418.0,29418.0,23980.0,54629.0,0.0,0.0,78609.0
273,MI0218,Marshall District Library,"Class 4: Serve 12,000-25,999",14948.0,0.0,0.0,0.0,0.0,0.0,0.0,9530.0,0.0,0.0,9530.0
274,MI0220,Maud Preston Palenske Memorial Library,"Class 4: Serve 12,000-25,999",18393.0,0.0,0.0,0.0,28391.0,28391.0,0.0,0.0,582470.0,0.0,582470.0
275,MI0226,Menominee County Library,"Class 4: Serve 12,000-25,999",14384.0,0.0,0.0,0.0,0.0,0.0,0.0,0.0,0.0,0.0,0.0
276,MI0228,Milan Public Library,"Class 4: Serve 12,000-25,999",17511.0,0.0,0.0,0.0,0.0,0.0,0.0,19203.0,0.0,0.0,19203.0
277,MI0229,Milford Public Library,"Class 4: Serve 12,000-25,999",15736.0,0.0,0.0,0.0,0.0,0.0,5741.0,14982.0,6857.0,0.0,27580.0
278,MI0231,Missaukee District Library,"Class 4: Serve 12,000-25,999",13097.0,0.0,0.0,0.0,0.0,0.0,0.0,0.0,34798.0,0.0,34798.0
279,MI0237,Mount Clemens Public Library,"Class 4: Serve 12,000-25,999",22857.0,0.0,0.0,0.0,0.0,0.0,0.0,0.0,0.0,25396.0,25396.0
280,MI0245,Niles District Library,"Class 4: Serve 12,000-25,999",24520.0,0.0,0.0,0.0,0.0,0.0,0.0,0.0,0.0,0.0,0.0
281,MI0253,Ogemaw District Library,"Class 4: Serve 12,000-25,999",12561.0,0.0,0.0,0.0,0.0,0.0,1000.0,4000.0,0.0,0.0,5000.0
282,MI0258,Otsego County Library,"Class 4: Serve 12,000-25,999",24164.0,0.0,0.0,0.0,22040.0,22040.0,2253.0,11000.0,117502.0,29014.0,159769.0
283,MI0259,Otsego District Public Library,"Class 4: Serve 12,000-25,999",14230.0,0.0,0.0,0.0,0.0,0.0,28302.0,0.0,0.0,0.0,28302.0
284,MI0262,Oxford Public Library,"Class 4: Serve 12,000-25,999",20526.0,0.0,0.0,0.0,0.0,0.0,47607.0,0.0,17905.0,19883.0,85395.0
285,MI0265,Paw Paw District Library,"Class 4: Serve 12,000-25,999",13579.0,0.0,0.0,0.0,0.0,0.0,0.0,0.0,128938.0,0.0,128938.0
286,MI0269,Petoskey District Library,"Class 4: Serve 12,000-25,999",16709.0,0.0,0.0,33956.0,0.0,33956.0,31329.0,2627.0,38554.0,0.0,72510.0
287,MI0276,Portage Lake District Library,"Class 4: Serve 12,000-25,999",19629.0,0.0,0.0,0.0,0.0,0.0,0.0,0.0,0.0,0.0,0.0
288,MI0278,Portland District Library,"Class 4: Serve 12,000-25,999",13912.0,0.0,0.0,220620.0,0.0,220620.0,5044.0,1435.0,219845.0,0.0,226324.0
289,MI0279,Presque Isle District Library,"Class 4: Serve 12,000-25,999",14878.0,0.0,2993.0,3625.0,0.0,6618.0,10103.0,2426.0,58296.0,1665.0,72490.0
290,MI0292,Riverview Veterans Memorial Library,"Class 4: Serve 12,000-25,999",12486.0,0.0,0.0,0.0,0.0,0.0,0.0,0.0,0.0,0.0,0.0
291,MI0315,Salem-South Lyon District Library,"Class 4: Serve 12,000-25,999",16753.0,0.0,0.0,0.0,0.0,0.0,1829.0,1271.0,9988.0,81171.0,94259.0
292,MI0355,Spring Lake District Library,"Class 4: Serve 12,000-25,999",18260.0,0.0,0.0,0.0,0.0,0.0,0.0,0.0,0.0,0.0,0.0
293,MI0319,Springfield Township Library,"Class 4: Serve 12,000-25,999",13940.0,0.0,0.0,0.0,0.0,0.0,0.0,4270.0,0.0,0.0,4270.0
294,MI0326,Sturgis District Library,"Class 4: Serve 12,000-25,999",17937.0,0.0,0.0,0.0,0.0,0.0,0.0,42995.0,64085.0,0.0,107080.0
295,MI0333,Tecumseh District Library,"Class 4: Serve 12,000-25,999",18134.0,0.0,0.0,0.0,0.0,0.0,0.0,0.0,0.0,0.0,0.0
296,MI0338,Thornapple Kellogg School and Community Library,"Class 4: Serve 12,000-25,999",15497.0,0.0,0.0,0.0,0.0,0.0,0.0,0.0,0.0,0.0,0.0
297,MI0340,Three Rivers Public Library,"Class 4: Serve 12,000-25,999",14253.0,0.0,0.0,29888.0,0.0,29888.0,36842.0,21563.0,1134589.0,0.0,1192994.0
298,MI0349,Vicksburg District Library,"Class 4: Serve 12,000-25,999",12238.0,0.0,0.0,0.0,17983.0,17983.0,0.0,0.0,0.0,0.0,0.0
299,MI0403,Wayne Public Library,"Class 4: Serve 12,000-25,999",17593.0,0.0,0.0,0.0,4921.0,4921.0,4921.0,0.0,89300.0,0.0,94221.0
300,MI0374,Wixom Public Library,"Class 4: Serve 12,000-25,999",13498.0,0.0,0.0,0.0,0.0,0.0,0.0,0.0,0.0,0.0,0.0
301,MI9017,Allen Park Public Library,"Class 5: Serve 26,000-49,999",28210.0,0.0,0.0,0.0,0.0,0.0,0.0,0.0,0.0,0.0,0.0
302,MI0411,Allendale Township Library,"Class 5: Serve 26,000-49,999",28283.0,0.0,0.0,0.0,0.0,0.0,0.0,4508.0,0.0,0.0,4508.0
303,MI0414,Alpena County Library,"Class 5: Serve 26,000-49,999",29598.0,0.0,0.0,0.0,200.0,200.0,0.0,12400.89,219321.29,0.0,231722.18
304,MI0019,Baldwin Public Library,"Class 5: Serve 26,000-49,999",35350.0,0.0,0.0,0.0,0.0,0.0,96786.0,31303.0,1918409.0,0.0,2046498.0
305,MI0430,Belleville Area District Library,"Class 5: Serve 26,000-49,999",42361.0,0.0,0.0,85544.0,48296.0,133840.0,61948.0,988344.0,4283636.0,0.0,5333928.0
306,MI0037,Bloomfield Township Public Library,"Class 5: Serve 26,000-49,999",41070.0,0.0,0.0,0.0,0.0,0.0,0.0,0.0,3310341.0,0.0,3310341.0
307,MI0039,Branch District Library,"Class 5: Serve 26,000-49,999",46905.0,0.0,0.0,0.0,0.0,0.0,0.0,8026.0,0.0,0.0,8026.0
308,MI0043,Brighton District Library,"Class 5: Serve 26,000-49,999",43254.0,0.0,0.0,81.0,0.0,81.0,0.0,69289.0,981322.0,34.0,1050645.0
309,MI0049,Cadillac-Wexford County Public Library,"Class 5: Serve 26,000-49,999",35087.0,0.0,0.0,0.0,0.0,0.0,30431.0,21005.0,0.0,0.0,51436.0
310,MI0055,Cass District Library,"Class 5: Serve 26,000-49,999",38002.0,0.0,0.0,0.0,0.0,0.0,8238.0,8159.0,37451.0,88969.0,142817.0
311,MI0416,Chesterfield Township Library,"Class 5: Serve 26,000-49,999",43381.0,0.0,0.0,0.0,15431.0,15431.0,13505.0,7937.0,0.0,0.0,21442.0
312,MI0166,Clarkston Independence District Library,"Class 5: Serve 26,000-49,999",35563.0,0.0,0.0,0.0,0.0,0.0,0.0,159591.0,0.0,0.0,159591.0
313,MI0426,Commerce Township Community Library,"Class 5: Serve 26,000-49,999",40186.0,0.0,0.0,0.0,0.0,0.0,0.0,15561.0,0.0,1214.0,16775.0
314,MI0310,Community District Library,"Class 5: Serve 26,000-49,999",28263.0,0.0,0.0,0.0,0.0,0.0,0.0,37000.0,0.0,0.0,37000.0
315,MI0075,Cromaine District Library,"Class 5: Serve 26,000-49,999",26391.0,0.0,0.0,0.0,0.0,0.0,5895.0,10996.0,181469.0,546.0,198906.0
316,MI9009,Delta Township District Library,"Class 5: Serve 26,000-49,999",32799.0,0.0,0.0,0.0,40645.0,40645.0,0.0,0.0,0.0,0.0,0.0
317,MI0085,Dickinson County Library,"Class 5: Serve 26,000-49,999",26168.0,0.0,0.0,0.0,0.0,0.0,0.0,2542.0,1705.0,0.0,4247.0
318,MI0093,East Lansing Public Library,"Class 5: Serve 26,000-49,999",48579.0,0.0,0.0,0.0,49101.0,49101.0,64000.0,7100.0,16000.0,0.0,87100.0
319,MI0092,Eastpointe Memorial Library,"Class 5: Serve 26,000-49,999",32442.0,0.0,0.0,0.0,0.0,0.0,0.0,0.0,0.0,0.0,0.0
320,MI0121,Garden City Public Library,"Class 5: Serve 26,000-49,999",27692.0,0.0,0.0,0.0,0.0,0.0,0.0,0.0,0.0,0.0,0.0
321,MI0124,Georgetown Township Public Library,"Class 5: Serve 26,000-49,999",46985.0,0.0,0.0,0.0,0.0,0.0,0.0,0.0,8705673.0,0.0,8705673.0
322,MI0135,Hackley Public Library,"Class 5: Serve 26,000-49,999",40898.0,0.0,0.0,0.0,0.0,0.0,0.0,500.0,24065.0,0.0,24565.0
323,MI0171,Iosco-Arenac District Library,"Class 5: Serve 26,000-49,999",41786.0,0.0,0.0,0.0,0.0,0.0,0.0,30193.0,0.0,0.0,30193.0
324,MI0195,Lenawee District Library,"Class 5: Serve 26,000-49,999",40771.0,0.0,0.0,0.0,0.0,0.0,0.0,0.0,0.0,9240.0,9240.0
325,MI9025,Lincoln Park Public Library,"Class 5: Serve 26,000-49,999",38144.0,0.0,0.0,0.0,0.0,0.0,19390.0,2544.0,14808.0,0.0,36742.0
326,MI0201,Loutit District Library,"Class 5: Serve 26,000-49,999",35540.0,0.0,0.0,39010.0,0.0,39010.0,8485.0,8924.0,110987.0,0.0,128396.0
327,MI0210,Madison Heights Public Library,"Class 5: Serve 26,000-49,999",29694.0,0.0,0.0,0.0,0.0,0.0,0.0,0.0,0.0,0.0,0.0
328,MI0401,Mason County District Library,"Class 5: Serve 26,000-49,999",28646.0,0.0,0.0,0.0,0.0,0.0,0.0,23254.0,0.0,0.0,23254.0
329,MI0248,Northville District Library,"Class 5: Serve 26,000-49,999",34467.0,0.0,0.0,0.0,0.0,0.0,8699.0,39428.0,51749.0,1935.0,101811.0
330,MI0251,Oak Park Public Library,"Class 5: Serve 26,000-49,999",29319.0,0.0,0.0,0.0,0.0,0.0,0.0,0.0,0.0,0.0,0.0
331,MI0255,Orion Township Public Library,"Class 5: Serve 26,000-49,999",35394.0,0.0,0.0,0.0,0.0,0.0,19437.0,16009.0,16828.0,15550.0,67824.0
332,MI0268,Peter White Public Library,"Class 5: Serve 26,000-49,999",36441.0,0.0,0.0,0.0,0.0,0.0,0.0,9963.0,63293.0,0.0,73256.0
333,MI0273,Plymouth District Library,"Class 5: Serve 26,000-49,999",36656.0,0.0,0.0,0.0,0.0,0.0,0.0,0.0,0.0,0.0,0.0
334,MI0402,Redford Township District Library,"Class 5: Serve 26,000-49,999",48362.0,0.0,0.0,0.0,0.0,0.0,2856.0,573.0,149256.0,0.0,152685.0
335,MI0294,Romeo District Library,"Class 5: Serve 26,000-49,999",33839.0,0.0,0.0,0.0,0.0,0.0,35131.0,99299.0,130052.0,67714.0,332196.0
336,MI0433,Romulus Public Library,"Class 5: Serve 26,000-49,999",39868.0,0.0,0.0,0.0,0.0,0.0,8126.0,2975.0,22667.0,0.0,33768.0
337,MI0295,Roseville Public Library,"Class 5: Serve 26,000-49,999",47299.0,0.0,0.0,0.0,0.0,0.0,75924.0,860.0,111719.0,0.0,188503.0
338,MI0300,Saline District Library,"Class 5: Serve 26,000-49,999",26376.0,0.0,0.0,0.0,0.0,0.0,0.0,0.0,0.0,0.0,0.0
339,MI0261,Shiawassee District Library,"Class 5: Serve 26,000-49,999",27920.0,0.0,0.0,0.0,0.0,0.0,0.0,0.0,0.0,0.0,0.0
340,MI0434,Southgate Veterans Memorial Library,"Class 5: Serve 26,000-49,999",30047.0,0.0,0.0,0.0,0.0,0.0,0.0,4618.0,35990.0,0.0,40608.0
341,MI0022,Superior District Library,"Class 5: Serve 26,000-49,999",43031.0,0.0,0.0,0.0,0.0,0.0,4600.0,1300.0,38000.0,0.0,43900.0
342,MI0345,Van Buren District Library,"Class 5: Serve 26,000-49,999",44265.0,0.0,0.0,0.0,0.0,0.0,37561.0,4243.0,225.0,3223.0,45252.0
343,MI0366,White Lake Township Library,"Class 5: Serve 26,000-49,999",30019.0,0.0,0.0,8193379.0,0.0,8193379.0,13110.0,318347.0,6509550.0,1978802.0,8819809.0
344,MI0012,Ann Arbor District Library,"Class 6: Serve 50,000+",163590.0,0.0,0.0,0.0,0.0,0.0,0.0,34420.0,1113982.0,316838.0,1465240.0
345,MI0021,Bay County Library System,"Class 6: Serve 50,000+",107681.0,0.0,0.0,0.0,0.0,0.0,0.0,0.0,0.0,0.0,0.0
346,MI0052,Canton Public Library,"Class 6: Serve 50,000+",90173.0,0.0,0.0,0.0,0.0,0.0,148904.0,162410.0,412405.0,225706.0,949425.0
347,MI0424,Capital Area District Libraries,"Class 6: Serve 50,000+",238859.0,0.0,0.0,0.0,0.0,0.0,145350.0,20912.0,296937.0,193437.0,656636.0
348,MI0348,Chippewa River District Library System,"Class 6: Serve 50,000+",51640.0,0.0,0.0,0.0,0.0,0.0,16745.0,26413.0,1700.0,0.0,44858.0
349,MI0397,Clinton-Macomb Public Library,"Class 6: Serve 50,000+",169833.0,0.0,0.0,0.0,0.0,0.0,392439.0,0.0,0.0,0.0,392439.0
350,MI0425,Dearborn Heights City Libraries,"Class 6: Serve 50,000+",57774.0,0.0,0.0,0.0,0.0,0.0,0.0,0.0,545294.0,0.0,545294.0
351,MI0078,Dearborn Public Library,"Class 6: Serve 50,000+",98153.0,0.0,0.0,0.0,0.0,0.0,0.0,250597.0,1087677.0,4498880.0,5837154.0
352,MI0083,Detroit Public Library,"Class 6: Serve 50,000+",713777.0,0.0,0.0,0.0,0.0,0.0,0.0,0.0,0.0,0.0,0.0
353,MI0105,Farmington Community Library,"Class 6: Serve 50,000+",90112.0,0.0,0.0,0.0,0.0,0.0,283922.0,50125.0,92814.0,26358.0,453219.0
354,MI0111,Flint Public Library,"Class 6: Serve 50,000+",102434.0,0.0,0.0,0.0,0.0,0.0,0.0,0.0,1439093.0,0.0,1439093.0
355,MI0123,Genesee District Library,"Class 6: Serve 50,000+",332567.0,0.0,0.0,0.0,0.0,0.0,0.0,19565.0,0.0,0.0,19565.0
356,MI0129,Grace A. Dow Memorial Library,"Class 6: Serve 50,000+",76707.0,0.0,0.0,0.0,0.0,0.0,0.0,0.0,9212.0,85328.0,94540.0
357,MI0131,Grand Rapids Public Library,"Class 6: Serve 50,000+",188040.0,0.0,0.0,1339564.0,0.0,1339564.0,0.0,98178.0,1200000.0,377201.0,1675379.0
358,MI0134,Grosse Pointe Public Library,"Class 6: Serve 50,000+",51133.0,0.0,0.0,0.0,0.0,0.0,0.0,205532.0,9799.0,110684.0,326015.0
359,MI0150,Herrick District Library,"Class 6: Serve 50,000+",102423.0,0.0,0.0,0.0,0.0,0.0,0.0,125098.0,610000.0,0.0,735098.0
360,MI0160,Howell Carnegie District Library,"Class 6: Serve 50,000+",52529.0,0.0,0.0,0.0,0.0,0.0,0.0,0.0,0.0,211750.0,211750.0
361,MI0175,Jackson District Library,"Class 6: Serve 50,000+",160248.0,0.0,0.0,0.0,0.0,0.0,61773.0,114360.0,73680.0,0.0,249813.0
362,MI0180,Kalamazoo Public Library,"Class 6: Serve 50,000+",123979.0,0.0,0.0,0.0,0.0,0.0,658494.0,157974.0,337573.0,0.0,1154041.0
363,MI0182,Kent District Library,"Class 6: Serve 50,000+",395660.0,0.0,0.0,0.0,0.0,0.0,17590.0,9189.0,754681.0,0.0,781460.0
364,MI0190,Lapeer District Library,"Class 6: Serve 50,000+",60006.0,0.0,0.0,0.0,0.0,0.0,27146.0,15155.0,0.0,27797.0,70098.0
365,MI0200,Livonia Public Library,"Class 6: Serve 50,000+",96942.0,0.0,0.0,0.0,0.0,0.0,26537.0,20629.0,130683.0,5955.0,183804.0
366,MI0233,Monroe County Library System,"Class 6: Serve 50,000+",149955.0,0.0,0.0,0.0,0.0,0.0,205978.0,323731.0,142561.0,579745.0,1252015.0
367,MI0240,Muskegon Area District Library,"Class 6: Serve 50,000+",105852.0,0.0,0.0,0.0,0.0,0.0,42289.0,84379.0,24237.0,111298.0,262203.0
368,MI0250,Novi Public Library,"Class 6: Serve 50,000+",55374.0,0.0,44384.0,0.0,0.0,44384.0,29227.0,0.0,0.0,31433.0,60660.0
369,MI0274,Pontiac Public Library,"Class 6: Serve 50,000+",59515.0,0.0,0.0,0.0,0.0,0.0,0.0,2271.0,0.0,0.0,2271.0
370,MI0277,Portage District Library,"Class 6: Serve 50,000+",52170.0,0.0,0.0,0.0,0.0,0.0,173583.0,13583.0,12740.0,0.0,199906.0
371,MI0299,Public Libraries of Saginaw,"Class 6: Serve 50,000+",124690.0,0.0,0.0,0.0,21281.0,21281.0,0.0,0.0,2391909.0,0.0,2391909.0
372,MI0293,Rochester Hills Public Library,"Class 6: Serve 50,000+",100485.0,0.0,0.0,0.0,0.0,0.0,0.0,7035.0,0.0,0.0,7035.0
373,MI0296,Royal Oak Public Library,"Class 6: Serve 50,000+",57236.0,0.0,0.0,0.0,0.0,0.0,68300.0,0.0,29680.0,0.0,97980.0
374,MI0321,Saint Clair County Library System,"Class 6: Serve 50,000+",160312.0,23111.0,527.0,0.0,0.0,23638.0,375057.0,64123.0,0.0,30300.0,469480.0
375,MI0322,Saint Clair Shores Public Library,"Class 6: Serve 50,000+",59715.0,0.0,0.0,0.0,0.0,0.0,0.0,0.0,0.0,0.0,0.0
376,MI0308,Shelby Township Library,"Class 6: Serve 50,000+",73804.0,0.0,0.0,0.0,0.0,0.0,0.0,15000.0,676771.0,0.0,691771.0
377,MI0316,Southfield Public Library,"Class 6: Serve 50,000+",75814.0,0.0,0.0,0.0,0.0,0.0,0.0,0.0,159954.0,2325233.0,2485187.0
378,MI0325,Sterling Heights Public Library,"Class 6: Serve 50,000+",129699.0,0.0,0.0,91086.0,0.0,91086.0,11891.0,0.0,79195.0,0.0,91086.0
379,MI9024,Taylor Community Library,"Class 6: Serve 50,000+",63131.0,0.0,0.0,0.0,0.0,0.0,0.0,0.0,403788.0,0.0,403788.0
380,MI0342,Traverse Area District Library,"Class 6: Serve 50,000+",97396.0,0.0,0.0,0.0,0.0,0.0,132702.0,20137.0,525038.0,0.0,677877.0
381,MI9020,Trenton Veteran's Memorial Library,"Class 6: Serve 50,000+",72726.0,0.0,0.0,0.0,0.0,0.0,10577.0,3970.0,0.0,0.0,14547.0
382,MI0343,Troy Public Library,"Class 6: Serve 50,000+",80980.0,0.0,0.0,1814277.0,0.0,1814277.0,0.0,0.0,35520.0,1188612.0,1224132.0
383,MI0356,Warren Public Library,"Class 6: Serve 50,000+",134056.0,0.0,0.0,0.0,0.0,0.0,12310.0,196556.0,1777237.0,11179.0,1997282.0
384,MI0358,Waterford Township Public Library,"Class 6: Serve 50,000+",71997.0,0.0,0.0,0.0,0.0,0.0,21358.0,5620.0,44064.0,1841.0,72883.0
385,MI0362,West Bloomfield Township Public Library,"Class 6: Serve 50,000+",71755.0,0.0,0.0,0.0,0.0,0.0,116530.0,51642.0,78478.0,0.0,246650.0
386,MI0371,Willard Public Library,"Class 6: Serve 50,000+",89779.0,0.0,0.0,0.0,0.0,0.0,86279.0,34077.0,0.0,0.0,120356.0
387,MI0415,William P. Faust Public Library of Westland,"Class 6: Serve 50,000+",84094.0,0.0,0.0,0.0,0.0,0.0,0.0,0.0,0.0,0.0,0.0
388,MI0377,Ypsilanti District Library,"Class 6: Serve 50,000+",82974.0,0.0,42500.0,0.0,7103.0,49603.0,0.0,7000.0,9500.0,0.0,16500.0
389,,,,,,,,,,,,,,
390,,Total Libraries Reporting (N),389,,,,,,,,,,,
391,,,Totals,9842571.0,289058.0,198182.0,15526263.0,6750331.0,22763834.0,4424254.0,6134784.83,60801300.29,14436802.16,85797141.28
392,,,,,,,,,,,,,,
393,End of worksheet,,,,,,,,,,,,,
