,FSCS,Location, Cooperative, Library Class,Type,Were any of the library's physical locations closed to the public for any period of time due to the Coronavirus (COVID-19) pandemic?,Did any staff continue to provide services to the public during any portion of the period when the building was physically closed due to the Coronavirus (COVID-19) pandemic?,How many hours of alternate service were provided due to the Coronavirus (COVID-19) pandemic?,Did the library have any temporary staffing reductions due to the COVID-19 Pandemic,If your library reduced staffing hours Due to COVID-19 provide an approximate total of the hours reduced,Were library staff re-assigned to assist other government agencies or nonprofit organizations with Coronavirus (COVID-19) pandemic -related efforts?,Did your library experience budget reductions due to the COVID-19 Pandemic,"If your budget was reduced due to COVID-19, please enter the approximate amount of the reduction",Did the library add or increase access to electronic collections or eMaterials due to the Coronavirus (COVID-19) pandemic?,"Did the library provide live, virtual programs via the Internet during the Coronavirus (COVID-19) pandemic?",Did the library create and provide recordings of programs via the Internet during the Coronavirus (COVID-19) pandemic?,(COVID-19) Children's Virtual Programs Offered (Live Events Only),(COVID-19) Children's Virtual Program Attendance (Live Events Only),(COVID-19) Teen Virtual Programs Offered (Live Events Only),(COVID-19) Teen Virtual Program Attendance (Live Events Only),(COVID-19) Adult Virtual Programs Offered (Live Events Only),(COVID-19) Adult Virtual Program Attendance (Live Events Only),(COVID-19) General Virtual Programs Offered (Live Events Only),(COVID-19) General Virtual Programs Attendance (Live Events Only),(COVID-19) The number of Library Created Virtual Recorded Program Content Offered due to the COVID-19 Pandemic,(COVID-19) Total Library Created Virtual Program Recorded Views,Did the library provide ‘outside’ services for circulation of physical materials at any outlets during the Coronavirus (COVID-19) pandemic,"Due to the COVID-19 Pandemic, did your library circulate electronic devices capable of providing remote internet access (Hoptspots, laptops with mobile broadband, etc)",(COVID-19) Circulation of Internet Devices,Did the library provide reference service via the Internet or telephone during the Coronavirus (COVID-19) pandemic?,8. Reference Transactions,Are Reference transactions Counted or Estimated?,"Did the library provide WiFi Internet access to users outside the building, at any outlet, before the Coronavirus (COVID-19) pandemic?”","Did the library provide or increase access to WiFi Internet access to users outside the building, at any outlet, during the Coronavirus (COVID-19) pandemic?",Did the library issue library cards electronically before the Coronavirus (COVID-19) pandemic?,Did the library issue library cards electronically during the Coronavirus (COVID-19) pandemic?
0,MI0147,Alden District Library,Mid-Michigan Library League,"Class 1: Serve 3,999 or less",District,Yes,Yes,480,Yes,548,No,No,0,No,No,No,0,0,0,0.0,0.0,0.0,0.0,0.0,0.0,0.0,No,No,0,Yes,133.0,Estimated,Yes,No,No,Yes
1,MI9010,Ashley District Library,White Pine Library Cooperative,"Class 1: Serve 3,999 or less",District,Yes,No,0,Yes,44,No,No,0,No,No,No,0,0,0,0.0,0.0,0.0,0.0,0.0,0.0,0.0,No,No,0,No,85.0,Counted,Yes,Yes,No,No
2,MI0023,Beaver Island District Library,Northland Library Cooperative,"Class 1: Serve 3,999 or less",District,Yes,Yes,575,No,0,No,No,0,No,Yes,Yes,0,0,0,0.0,0.0,0.0,0.0,0.0,3.0,0.0,Yes,No,DNR,Yes,120.0,Estimated,Yes,Yes,Yes,Yes
3,MI0024,Bellaire Public Library,Mid-Michigan Library League,"Class 1: Serve 3,999 or less",District,Yes,Yes,330,No,0,No,No,0,Yes,Yes,Yes,1,23,0,0.0,3.0,18.0,0.0,0.0,58.0,1730.0,Yes,Yes,72,Yes,300.0,Estimated,Yes,Yes,No,Yes
4,MI0025,Bellevue Township Library,Woodlands Library Cooperative,"Class 1: Serve 3,999 or less",Township,Yes,Yes,380,No,0,No,No,0,No,No,No,0,0,0,0.0,0.0,0.0,0.0,0.0,0.0,0.0,No,Yes,3,No,527.0,Counted,Yes,Yes,No,No
5,MI0114,Benzie Shores District Library,Mid-Michigan Library League,"Class 1: Serve 3,999 or less",District,Yes,Yes,40,Yes,324,No,No,0,Yes,No,Yes,0,0,4,0.0,3.0,12.0,0.0,0.0,4.0,145.0,Yes,Yes,9,Yes,4725.0,Estimated,Yes,Yes,No,Yes
6,MI0029,Benzonia Public Library,Mid-Michigan Library League,"Class 1: Serve 3,999 or less",Village,Yes,Yes,36,No,0,No,No,0,Yes,No,Yes,0,0,0,0.0,0.0,0.0,0.0,0.0,6.0,290.0,Yes,No,0,Yes,1895.0,Counted,Yes,Yes,No,Yes
7,MI0033,Betsie Valley District Library,Mid-Michigan Library League,"Class 1: Serve 3,999 or less",District,Yes,Yes,48,Yes,280,No,No,0,No,No,Yes,0,0,0,0.0,0.0,0.0,0.0,0.0,21.0,600.0,Yes,No,0,Yes,684.0,Estimated,Yes,Yes,No,No
8,MI0048,Burr Oak Township Library,Woodlands Library Cooperative,"Class 1: Serve 3,999 or less",Township,Yes,No,28,Yes,354,No,No,0,No,Yes,Yes,4,12,0,0.0,0.0,0.0,0.0,0.0,4.0,0.0,No,No,0,Yes,45.0,Estimated,Yes,No,No,No
9,MI0053,Carp Lake Township Library,Superiorland Library Cooperative,"Class 1: Serve 3,999 or less",Township,Yes,Yes,34,Yes,32,No,No,0,No,No,No,0,0,0,0.0,0.0,0.0,0.0,0.0,0.0,0.0,Yes,No,0,Yes,78.0,Counted,Yes,Yes,No,No
10,MI0058,Central Lake District Library,Mid-Michigan Library League,"Class 1: Serve 3,999 or less",District,Yes,No,0,No,0,No,No,0,No,No,No,0,0,0,0.0,0.0,0.0,0.0,0.0,0.0,0.0,No,No,0,No,1527.0,Estimated,No,No,No,No
11,MI0062,Chase Township Public Library,Mid-Michigan Library League,"Class 1: Serve 3,999 or less",Township,Yes,Yes,54,Yes,297,No,No,0,No,No,Yes,8,0,0,0.0,0.0,0.0,0.0,0.0,8.0,0.0,Yes,No,DNR,Yes,518.0,Estimated,Yes,Yes,No,No
12,MI0065,Clinton Township Public Library,Woodlands Library Cooperative,"Class 1: Serve 3,999 or less",Township,Yes,Yes,423,Yes,435,No,No,0,Yes,Yes,Yes,12,104,0,0.0,5.0,14.0,0.0,0.0,25.0,1070.0,Yes,Yes,DNR,Yes,2500.0,Estimated,Yes,Yes,No,No
13,MI0068,Colon Township Library,Woodlands Library Cooperative,"Class 1: Serve 3,999 or less",Township,Yes,Yes,1,No,0,No,No,0,Yes,Yes,Yes,3,50,0,0.0,0.0,0.0,0.0,0.0,0.0,0.0,No,No,0,Yes,2000.0,Estimated,Yes,Yes,No,No
14,MI0069,Columbia Township Library,White Pine Library Cooperative,"Class 1: Serve 3,999 or less",Township,Yes,Yes,494,Yes,164,No,No,0,No,No,No,0,0,0,0.0,0.0,0.0,0.0,0.0,0.0,0.0,Yes,Yes,99,Yes,200.0,Counted,Yes,No,No,No
15,MI0076,Crooked Tree District Library,Northland Library Cooperative,"Class 1: Serve 3,999 or less",District,Yes,Yes,8,No,0,No,No,DNR,Yes,No,No,0,0,0,0.0,0.0,0.0,0.0,0.0,0.0,0.0,Yes,No,0,No,1248.0,Estimated,Yes,Yes,No,No
16,MI0429,Croton Township Library,Lakeland Library Cooperative,"Class 1: Serve 3,999 or less",Township,Yes,Yes,385,No,0,No,No,0,No,Yes,Yes,62,60,0,0.0,3.0,15.0,0.0,0.0,65.0,75.0,Yes,Yes,4,Yes,963.0,Counted,Yes,Yes,No,Yes
17,MI0077,Crystal Falls District Community Library,Superiorland Library Cooperative,"Class 1: Serve 3,999 or less",District,Yes,Yes,150,No,1000,No,No,0,Yes,Yes,Yes,1,14,4,16.0,6.0,60.0,11.0,90.0,3.0,44.0,Yes,Yes,0,Yes,930.0,Counted,Yes,No,No,Yes
18,MI0417,Curtis Township Library,Superiorland Library Cooperative,"Class 1: Serve 3,999 or less",Township,Yes,Yes,405,No,6,No,Yes,4448,Yes,No,No,0,0,0,0.0,0.0,0.0,0.0,0.0,0.0,0.0,No,No,0,Yes,1743.0,Estimated,Yes,Yes,No,No
19,MI0034,Darcy Library of Beulah,Mid-Michigan Library League,"Class 1: Serve 3,999 or less",Village,Yes,Yes,45,Yes,761,No,Yes,7000,Yes,No,No,0,0,0,0.0,0.0,0.0,0.0,0.0,0.0,0.0,Yes,No,0,No,2718.0,Counted,Yes,No,No,No
20,MI0099,Elk Township Library,White Pine Library Cooperative,"Class 1: Serve 3,999 or less",Township,Yes,No,0,No,0,No,No,0,No,No,No,0,0,0,0.0,0.0,0.0,0.0,0.0,0.0,0.0,No,No,0,No,50.0,Estimated,No,No,No,No
21,MI0100,Elsie Public Library,White Pine Library Cooperative,"Class 1: Serve 3,999 or less",District,Yes,No,0,Yes,252,No,Yes,0,Yes,No,Yes,0,0,0,0.0,0.0,0.0,0.0,0.0,42.0,969.0,No,No,0,No,3012.0,Estimated,Yes,Yes,No,No
22,MI0103,Fairgrove District Library,White Pine Library Cooperative,"Class 1: Serve 3,999 or less",District,Yes,No,0,Yes,40,No,No,0,Yes,Yes,No,3,8,0,0.0,0.0,0.0,0.0,0.0,0.0,0.0,Yes,Yes,65,Yes,1125.0,Estimated,Yes,Yes,No,No
23,MI0109,Fife Lake Public Library,Northland Library Cooperative,"Class 1: Serve 3,999 or less",Township,Yes,No,0,Yes,1040,No,No,0,No,No,No,0,0,0,0.0,0.0,0.0,0.0,0.0,0.0,0.0,Yes,No,0,Yes,9400.0,Estimated,Yes,Yes,No,Yes
24,MI0115,Franklin Public Library,The Library Network,"Class 1: Serve 3,999 or less",Village,Yes,Yes,648,No,0,No,No,0,Yes,Yes,No,3,55,0,0.0,8.0,148.0,0.0,0.0,0.0,0.0,No,No,0,Yes,1080.0,Estimated,No,No,No,Yes
25,MI0120,Galien Township Public Library,Southwest Michigan Library Cooperative,"Class 1: Serve 3,999 or less",Township,Yes,Yes,28,No,300,No,No,0,No,No,No,0,0,0,0.0,0.0,0.0,0.0,0.0,0.0,0.0,Yes,No,0,Yes,367.0,Counted,Yes,Yes,No,No
26,MI0376,George W. Spindler Memorial Library,Woodlands Library Cooperative,"Class 1: Serve 3,999 or less",Township,Yes,Yes,0,No,0,No,No,0,Yes,No,No,0,0,0,0.0,0.0,0.0,0.0,0.0,0.0,0.0,Yes,Yes,40,Yes,0.0,Counted,Yes,Yes,No,No
27,MI0128,Glen Lake Community Library,Mid-Michigan Library League,"Class 1: Serve 3,999 or less",District,Yes,Yes,0,No,0,No,No,0,Yes,Yes,Yes,4,85,0,0.0,6.0,120.0,0.0,0.0,0.0,0.0,Yes,No,0,Yes,300.0,Estimated,Yes,Yes,No,Yes
28,MI0436,Goodland Township Library,Mideastern Michigan Library Cooperative,"Class 1: Serve 3,999 or less",Township,Yes,Yes,40,No,0,No,No,0,No,No,No,0,0,0,0.0,0.0,0.0,0.0,0.0,0.0,0.0,Yes,No,0,Yes,179.0,Counted,Yes,Yes,No,No
29,MI0155,Homer Public Library,Woodlands Library Cooperative,"Class 1: Serve 3,999 or less",Village,Yes,Yes,40,Yes,20,No,Yes,6000,Yes,No,Yes,0,0,0,0.0,0.0,0.0,0.0,0.0,0.0,0.0,Yes,No,0,Yes,7170.0,Estimated,Yes,Yes,No,No
30,MI0167,Indian River Area Library,Northland Library Cooperative,"Class 1: Serve 3,999 or less",Township,Yes,Yes,80,No,0,No,No,0,No,No,No,0,0,0,0.0,0.0,0.0,0.0,0.0,0.0,0.0,Yes,No,0,Yes,2600.0,Estimated,Yes,No,No,No
31,MI0187,Lake Linden-Hubbell School/Public Library,Superiorland Library Cooperative,"Class 1: Serve 3,999 or less",School District,Yes,Yes,5,Yes,30,No,No,0,Yes,No,No,0,0,0,0.0,0.0,0.0,0.0,0.0,0.0,0.0,No,No,0,Yes,125.0,Estimated,Yes,Yes,No,No
32,MI0191,Lawrence Memorial Public Library,Southwest Michigan Library Cooperative,"Class 1: Serve 3,999 or less",Village,Yes,Yes,60,No,0,No,No,0,Yes,No,No,0,0,0,0.0,0.0,0.0,0.0,0.0,0.0,0.0,No,No,0,Yes,40.0,Estimated,Yes,Yes,No,No
33,MI0192,Lawton Public Library,Southwest Michigan Library Cooperative,"Class 1: Serve 3,999 or less",Village,Yes,Yes,390,Yes,736,No,Yes,60000,No,No,No,0,0,0,0.0,0.0,0.0,0.0,0.0,0.0,0.0,No,No,0,No,251.0,Counted,Yes,Yes,No,No
34,MI0193,Leelanau Township Library,Mid-Michigan Library League,"Class 1: Serve 3,999 or less",Township,Yes,Yes,100,No,0,No,No,0,Yes,Yes,Yes,0,0,0,0.0,3.0,42.0,0.0,0.0,8.0,72.0,Yes,No,0,Yes,2157.0,Estimated,Yes,Yes,No,No
35,MI0197,LeRoy Community Library,Mid-Michigan Library League,"Class 1: Serve 3,999 or less",District,Yes,Yes,52,Yes,351,No,No,0,No,No,No,0,0,0,0.0,0.0,0.0,0.0,0.0,0.0,0.0,Yes,No,DNR,Yes,272.0,Estimated,Yes,Yes,No,Yes
36,MI0199,Litchfield District Library,Woodlands Library Cooperative,"Class 1: Serve 3,999 or less",District,Yes,Yes,10,Yes,24,No,No,0,Yes,No,Yes,0,0,0,0.0,0.0,0.0,0.0,0.0,2.0,253.0,No,Yes,1,Yes,381.0,Counted,Yes,Yes,No,Yes
37,MI0205,Lyons Township District Library,Woodlands Library Cooperative,"Class 1: Serve 3,999 or less",District,Yes,No,0,No,0,No,No,0,No,No,No,0,0,0,0.0,0.0,0.0,0.0,0.0,0.0,0.0,No,No,0,No,500.0,Estimated,No,No,No,No
38,MI0207,Mackinac Island Public Library,Superiorland Library Cooperative,"Class 1: Serve 3,999 or less",City,Yes,No,0,No,0,No,No,0,No,No,No,0,0,0,0.0,0.0,0.0,0.0,0.0,0.0,0.0,No,No,0,No,763.0,Estimated,Yes,Yes,No,No
39,MI0215,Maple Rapids Public Library,White Pine Library Cooperative,"Class 1: Serve 3,999 or less",Village,Yes,No,0,No,0,No,No,0,No,No,No,0,0,0,0.0,0.0,0.0,0.0,0.0,0.0,0.0,No,No,0,No,0.0,Estimated,No,Yes,No,No
40,MI0227,Merrill District Library,White Pine Library Cooperative,"Class 1: Serve 3,999 or less",District,Yes,Yes,65,No,0,No,Yes,10000,No,Yes,Yes,2,8,0,0.0,4.0,28.0,4.0,29.0,10.0,978.0,Yes,No,0,Yes,742.0,Counted,Yes,Yes,Yes,Yes
41,MI0238,Mulliken District Library,Woodlands Library Cooperative,"Class 1: Serve 3,999 or less",District,Yes,No,0,No,20,No,No,0,No,Yes,No,0,0,0,0.0,0.0,0.0,0.0,0.0,0.0,0.0,No,No,0,Yes,96.0,Counted,Yes,No,No,Yes
42,MI0247,North Branch Township Library,Mideastern Michigan Library Cooperative,"Class 1: Serve 3,999 or less",Township,Yes,Yes,20,No,20,No,No,0,No,Yes,Yes,4,15,0,0.0,0.0,0.0,0.0,0.0,2.0,120.0,Yes,No,0,Yes,10800.0,Estimated,Yes,Yes,No,No
43,MI0254,Ontonagon Township Library,Superiorland Library Cooperative,"Class 1: Serve 3,999 or less",Township,Yes,Yes,34,Yes,100,No,No,0,No,Yes,No,0,0,0,0.0,4.0,26.0,0.0,0.0,0.0,0.0,Yes,No,DNR,No,1820.0,Estimated,Yes,Yes,No,Yes
44,MI0256,Osceola Township School Public Library,Superiorland Library Cooperative,"Class 1: Serve 3,999 or less",School District,Yes,Yes,75,No,75,Yes,Yes,8000,No,No,No,0,0,0,0.0,0.0,0.0,0.0,0.0,0.0,0.0,Yes,No,0,No,40.0,Estimated,No,No,No,No
45,MI0267,Pentwater Township Library,Mid-Michigan Library League,"Class 1: Serve 3,999 or less",Township,Yes,Yes,615,No,0,No,No,0,No,No,No,0,0,0,0.0,0.0,0.0,0.0,0.0,0.0,0.0,Yes,No,0,Yes,382.0,Estimated,Yes,Yes,No,Yes
46,MI0427,Ray Township Public Library,Suburban Library Cooperative,"Class 1: Serve 3,999 or less",Township,Yes,No,0,No,31,No,No,0,No,Yes,Yes,0,0,0,0.0,0.0,0.0,0.0,0.0,2.0,705.0,No,No,0,Yes,1270.0,Counted,Yes,Yes,No,Yes
47,MI0285,Republic-Michigamme Public Library,Superiorland Library Cooperative,"Class 1: Serve 3,999 or less",School District,Yes,No,0,No,0,No,No,0,No,No,No,0,0,0,0.0,0.0,0.0,0.0,0.0,0.0,0.0,No,No,0,No,4.0,Counted,No,No,No,No
48,MI0287,Richfield Township Public Library,Mid-Michigan Library League,"Class 1: Serve 3,999 or less",Township,Yes,Yes,62,Yes,6,No,No,0,Yes,No,No,0,0,0,0.0,0.0,0.0,0.0,0.0,0.0,0.0,No,No,0,Yes,-1.0,Estimated,Yes,No,No,No
49,MI0289,Richland Township Library,Mid-Michigan Library League,"Class 1: Serve 3,999 or less",Township,Yes,Yes,10,Yes,564,No,Yes,2620,Yes,No,No,0,0,0,0.0,0.0,0.0,0.0,0.0,0.0,0.0,Yes,Yes,0,Yes,464.0,Counted,Yes,Yes,No,No
50,MI0291,Richmond Township Library,Superiorland Library Cooperative,"Class 1: Serve 3,999 or less",Township,Yes,No,74,No,34,No,No,0,No,Yes,Yes,3,32,0,0.0,0.0,0.0,0.0,0.0,2.0,2.0,Yes,No,0,Yes,378.0,Counted,Yes,Yes,No,No
51,MI0305,Schoolcraft Community Library,Woodlands Library Cooperative,"Class 1: Serve 3,999 or less",Village,Yes,Yes,323,Yes,927,No,No,0,No,Yes,Yes,0,0,0,0.0,0.0,0.0,0.0,0.0,19.0,816.0,Yes,Yes,3,Yes,791.0,Estimated,Yes,Yes,No,Yes
52,MI0307,Seville Township Public Library,Mid-Michigan Library League,"Class 1: Serve 3,999 or less",Township,Yes,Yes,260,Yes,156,No,No,0,No,Yes,No,-1,-1,1,4.0,0.0,0.0,1.0,4.0,-1.0,-1.0,Yes,Yes,11,Yes,3800.0,Estimated,Yes,Yes,No,No
53,MI0311,Sleeper Public Library,White Pine Library Cooperative,"Class 1: Serve 3,999 or less",Village,Yes,Yes,200,Yes,1080,No,No,0,No,No,Yes,0,0,0,0.0,0.0,0.0,0.0,0.0,5.0,35.0,Yes,No,0,Yes,765.0,Estimated,Yes,Yes,No,No
54,MI0312,Sodus Township Library,Southwest Michigan Library Cooperative,"Class 1: Serve 3,999 or less",Township,Yes,No,0,No,0,No,Yes,4000,No,No,No,0,0,0,0.0,0.0,0.0,0.0,0.0,0.0,0.0,No,No,0,No,101.0,Estimated,Yes,Yes,No,No
55,MI0327,Sunfield District Library,Woodlands Library Cooperative,"Class 1: Serve 3,999 or less",District,Yes,Yes,84,No,0,No,No,0,No,No,No,0,0,0,0.0,0.0,0.0,0.0,0.0,0.0,0.0,Yes,No,0,Yes,1095.0,Estimated,Yes,Yes,No,No
56,MI0334,Tekonsha Township Public Library,Woodlands Library Cooperative,"Class 1: Serve 3,999 or less",Township,Yes,No,0,Yes,52,No,No,0,No,No,No,0,0,0,0.0,0.0,0.0,0.0,0.0,0.0,0.0,No,No,0,No,310.0,Estimated,Yes,Yes,No,No
57,MI0341,Topinabee Public Library,Northland Library Cooperative,"Class 1: Serve 3,999 or less",Township,Yes,No,0,Yes,495,No,No,0,No,No,No,0,0,0,0.0,0.0,0.0,0.0,0.0,0.0,0.0,No,No,0,No,270.0,Estimated,Yes,Yes,No,No
58,MI0346,Vermontville Township Library,Woodlands Library Cooperative,"Class 1: Serve 3,999 or less",Township,Yes,Yes,10,Yes,180,No,No,0,No,No,No,0,0,0,0.0,0.0,0.0,0.0,0.0,0.0,0.0,No,Yes,10,Yes,600.0,Estimated,Yes,Yes,No,Yes
59,MI0350,Wakefield Public Library,Superiorland Library Cooperative,"Class 1: Serve 3,999 or less",City,Yes,Yes,40,Yes,390,No,No,0,No,No,No,0,0,0,0.0,0.0,0.0,0.0,0.0,0.0,0.0,Yes,No,0,Yes,150.0,Estimated,Yes,Yes,No,No
60,MI0351,Waldron District Library,Woodlands Library Cooperative,"Class 1: Serve 3,999 or less",District,Yes,Yes,250,No,0,No,No,0,Yes,No,No,0,0,0,0.0,0.0,0.0,0.0,0.0,0.0,0.0,No,No,0,Yes,4439.0,Counted,Yes,Yes,No,No
61,MI0352,Walkerville Public/School Library,Mid-Michigan Library League,"Class 1: Serve 3,999 or less",School District,Yes,No,0,Yes,178,No,No,0,No,No,No,0,0,0,0.0,0.0,0.0,0.0,0.0,0.0,0.0,No,No,0,No,3.0,Counted,No,No,No,No
62,MI0359,Watertown Township Library,White Pine Library Cooperative,"Class 1: Serve 3,999 or less",Township,Yes,Yes,40,Yes,400,No,No,0,No,No,No,0,0,0,0.0,0.0,0.0,0.0,0.0,0.0,0.0,Yes,No,0,Yes,5.0,Counted,Yes,Yes,No,No
63,MI0365,Wheatland Township Library,Mid-Michigan Library League,"Class 1: Serve 3,999 or less",Township,Yes,No,0,No,1296,No,No,0,No,No,No,0,0,0,0.0,0.0,0.0,0.0,0.0,0.0,0.0,No,No,0,No,225.0,Estimated,Yes,No,No,No
64,MI0369,Whitefish Township Community Library,Superiorland Library Cooperative,"Class 1: Serve 3,999 or less",Township,Yes,No,0,Yes,240,No,No,0,No,No,No,0,0,0,0.0,0.0,0.0,0.0,0.0,0.0,0.0,No,No,0,No,21.0,Estimated,Yes,Yes,No,No
65,MI0375,Wolverine Community Library,Northland Library Cooperative,"Class 1: Serve 3,999 or less",District,Yes,Yes,2,Yes,49,No,No,0,No,No,No,0,0,0,0.0,0.0,0.0,0.0,0.0,0.0,0.0,Yes,No,0,No,1162.0,Counted,No,No,No,No
66,MI0405,Addison Township Public Library,The Library Network,"Class 2: Serve 4,000-6,999",Township,Yes,Yes,8,Yes,8,No,No,0,Yes,Yes,Yes,0,0,0,0.0,16.0,80.0,0.0,0.0,12.0,72.0,Yes,No,0,Yes,1000.0,Estimated,Yes,Yes,No,Yes
67,MI0149,Almont District Library,Mideastern Michigan Library Cooperative,"Class 2: Serve 4,000-6,999",District,Yes,No,0,No,0,No,No,0,Yes,Yes,No,1,18,DNR,0.0,0.0,0.0,0.0,0.0,0.0,0.0,No,No,0,Yes,1200.0,Estimated,Yes,Yes,No,No
68,MI0013,Armada Free Public Library,Suburban Library Cooperative,"Class 2: Serve 4,000-6,999",Township,Yes,No,0,No,0,No,No,0,No,Yes,Yes,1,7,0,0.0,0.0,0.0,8.0,169.0,8.0,169.0,No,Yes,46,No,2032.0,Counted,Yes,No,No,No
69,MI0014,Athens Community Library,Woodlands Library Cooperative,"Class 2: Serve 4,000-6,999",Township,Yes,Yes,12,No,498,No,Yes,2919,No,No,No,0,0,0,0.0,0.0,0.0,0.0,0.0,0.0,0.0,No,No,0,Yes,3690.0,Counted,Yes,Yes,Yes,No
70,MI0018,Bad Axe District Library,White Pine Library Cooperative,"Class 2: Serve 4,000-6,999",District,Yes,Yes,728,No,0,No,No,0,Yes,Yes,Yes,1,5,0,0.0,0.0,0.0,0.0,0.0,15.0,107.0,Yes,Yes,40,Yes,170.0,Estimated,Yes,No,No,Yes
71,MI0020,Barryton Public Library,Mid-Michigan Library League,"Class 2: Serve 4,000-6,999",District,Yes,Yes,250,Yes,780,No,Yes,4000,No,No,No,0,0,0,0.0,0.0,0.0,0.0,0.0,0.0,0.0,No,No,0,Yes,412.0,Estimated,Yes,Yes,No,No
72,MI0032,Bessemer Public Library,Superiorland Library Cooperative,"Class 2: Serve 4,000-6,999",City,Yes,No,0,No,0,No,Yes,10135,No,No,No,0,0,0,0.0,0.0,0.0,0.0,0.0,0.0,0.0,Yes,No,0,Yes,1447.0,Counted,Yes,No,No,No
73,MI0042,Bridgman Public Library,Southwest Michigan Library Cooperative,"Class 2: Serve 4,000-6,999",City,Yes,Yes,0,No,0,No,No,0,Yes,Yes,Yes,0,0,0,0.0,0.0,0.0,1.0,50.0,0.0,0.0,Yes,Yes,281,Yes,2847.0,Estimated,Yes,Yes,No,Yes
74,MI0044,Brown City Public Library,White Pine Library Cooperative,"Class 2: Serve 4,000-6,999",City,Yes,No,0,Yes,214,No,No,0,No,No,No,0,0,0,0.0,0.0,0.0,0.0,0.0,0.0,0.0,No,No,0,No,225.0,Estimated,Yes,Yes,No,No
75,MI0051,Camden Township Library,Woodlands Library Cooperative,"Class 2: Serve 4,000-6,999",Township,Yes,Yes,270,Yes,80,No,Yes,2000,Yes,Yes,No,4,2,2,2.0,2.0,0.0,2.0,0.0,0.0,0.0,No,No,0,Yes,1563.0,Estimated,Yes,Yes,No,No
76,MI0066,Coleman Area Library,Mideastern Michigan Library Cooperative,"Class 2: Serve 4,000-6,999",District,Yes,Yes,1028,Yes,257,No,Yes,2100,Yes,Yes,Yes,18,81,0,0.0,0.0,0.0,0.0,0.0,24.0,24.0,Yes,Yes,35,Yes,370.0,Estimated,Yes,Yes,No,No
77,MI0071,Constantine Township Library,Woodlands Library Cooperative,"Class 2: Serve 4,000-6,999",Township,Yes,Yes,300,No,0,No,No,0,No,Yes,No,3,193,0,0.0,0.0,0.0,0.0,0.0,0.0,0.0,Yes,No,0,Yes,900.0,Estimated,Yes,No,No,No
78,MI0080,Deckerville Public Library,White Pine Library Cooperative,"Class 2: Serve 4,000-6,999",Village,Yes,Yes,13,No,0,No,No,0,No,No,No,0,0,0,0.0,0.0,0.0,0.0,0.0,0.0,0.0,Yes,No,0,Yes,750.0,Estimated,Yes,Yes,No,Yes
79,MI0373,Dorothy Hull Library - Windsor Township,Woodlands Library Cooperative,"Class 2: Serve 4,000-6,999",Township,Yes,Yes,1276,No,0,No,No,0,Yes,Yes,No,0,0,0,0.0,6.0,39.0,0.0,0.0,0.0,0.0,Yes,No,DNR,Yes,2797.0,Counted,Yes,Yes,No,Yes
80,MI0088,Dowling Public Library,Woodlands Library Cooperative,"Class 2: Serve 4,000-6,999",Township,Yes,No,0,Yes,36,No,No,0,No,Yes,No,0,0,0,0.0,0.0,0.0,0.0,0.0,0.0,0.0,Yes,No,0,No,261.0,Estimated,Yes,Yes,No,No
81,MI0089,Dryden Township Library,Mideastern Michigan Library Cooperative,"Class 2: Serve 4,000-6,999",Township,Yes,Yes,60,No,0,No,No,0,Yes,No,No,0,0,0,0.0,0.0,0.0,0.0,0.0,0.0,0.0,Yes,No,0,Yes,896.0,Estimated,Yes,Yes,No,No
82,MI0098,Elk Rapids District Library,Northland Library Cooperative,"Class 2: Serve 4,000-6,999",District,Yes,Yes,1500,Yes,336,No,No,0,Yes,Yes,Yes,0,0,0,0.0,1.0,15.0,0.0,0.0,30.0,4072.0,Yes,Yes,50,Yes,298.0,Estimated,Yes,Yes,No,Yes
83,MI0112,Forsyth Township Public Library,Superiorland Library Cooperative,"Class 2: Serve 4,000-6,999",Township,Yes,Yes,121,No,0,No,Yes,10000,Yes,Yes,No,0,0,0,0.0,3.0,75.0,0.0,0.0,0.0,0.0,Yes,No,0,Yes,5150.0,Estimated,Yes,Yes,No,Yes
84,MI0117,Freeport District Library,Lakeland Library Cooperative,"Class 2: Serve 4,000-6,999",District,Yes,Yes,150,No,353,No,No,0,Yes,Yes,No,0,0,0,0.0,0.0,0.0,0.0,0.0,2.0,103.0,Yes,No,0,Yes,224.0,Estimated,Yes,Yes,No,Yes
85,MI0140,Harbor Beach Area District Library,White Pine Library Cooperative,"Class 2: Serve 4,000-6,999",District,Yes,Yes,88,Yes,108,No,Yes,4550,Yes,No,Yes,0,0,0,0.0,0.0,0.0,0.0,0.0,0.0,0.0,Yes,No,0,No,600.0,Estimated,Yes,Yes,No,No
86,MI0144,Hartford Public Library,Southwest Michigan Library Cooperative,"Class 2: Serve 4,000-6,999",District,Yes,No,0,No,7,No,No,0,Yes,No,No,0,0,0,0.0,0.0,0.0,0.0,0.0,0.0,0.0,Yes,No,0,Yes,1967.0,Estimated,Yes,Yes,No,Yes
87,MI0151,Hesperia Community Library,Lakeland Library Cooperative,"Class 2: Serve 4,000-6,999",District,Yes,No,0,No,0,No,No,0,Yes,No,No,0,0,0,0.0,0.0,0.0,0.0,0.0,0.0,0.0,No,No,DNR,No,4587.0,Estimated,Yes,Yes,No,No
88,MI0154,Home Township Library,Lakeland Library Cooperative,"Class 2: Serve 4,000-6,999",Township,Yes,Yes,70,No,0,No,No,0,No,Yes,No,1,20,1,20.0,0.0,0.0,1.0,20.0,0.0,0.0,Yes,No,0,Yes,1300.0,Estimated,Yes,Yes,No,No
89,MI0157,Hopkins District Library,Lakeland Library Cooperative,"Class 2: Serve 4,000-6,999",District,Yes,Yes,288,No,0,No,No,0,Yes,No,No,0,0,0,0.0,0.0,0.0,0.0,0.0,0.0,0.0,Yes,Yes,3,Yes,3120.0,Estimated,No,Yes,No,Yes
90,MI0159,Howe Memorial Library,White Pine Library Cooperative,"Class 2: Serve 4,000-6,999",Village,Yes,No,0,No,0,No,No,0,No,No,No,0,0,0,0.0,0.0,0.0,0.0,0.0,0.0,0.0,No,No,0,No,632.0,Counted,No,No,No,No
91,MI0161,Hudson Carnegie District Library,Woodlands Library Cooperative,"Class 2: Serve 4,000-6,999",District,Yes,Yes,560,Yes,560,No,No,0,Yes,Yes,No,0,0,0,0.0,6.0,32.0,0.0,0.0,0.0,0.0,Yes,No,0,Yes,2570.0,Counted,Yes,Yes,Yes,Yes
92,MI0170,Interlochen Public Library,Northland Library Cooperative,"Class 2: Serve 4,000-6,999",Township,Yes,No,42,Yes,192,No,No,0,No,Yes,Yes,0,0,0,0.0,0.0,0.0,0.0,0.0,28.0,6656.0,Yes,No,0,Yes,5465.0,Estimated,Yes,No,No,No
93,MI0172,Ironwood Carnegie Library,Superiorland Library Cooperative,"Class 2: Serve 4,000-6,999",City,Yes,Yes,492,No,0,No,Yes,20000,Yes,Yes,Yes,7,60,0,0.0,3.0,20.0,0.0,0.0,7.0,945.0,Yes,No,0,Yes,680.0,Estimated,Yes,Yes,Yes,Yes
94,MI0174,J. C. Wheeler Public Library,Southwest Michigan Library Cooperative,"Class 2: Serve 4,000-6,999",Township,Yes,Yes,250,No,0,No,No,0,Yes,No,Yes,0,0,0,0.0,0.0,0.0,0.0,0.0,35.0,1918.0,Yes,No,0,Yes,975.0,Estimated,Yes,Yes,No,Yes
95,MI0176,Jacquelin E. Opperman Memorial Library,White Pine Library Cooperative,"Class 2: Serve 4,000-6,999",School District,Yes,No,68,No,0,No,No,0,Yes,Yes,No,0,0,0,0.0,0.0,0.0,0.0,0.0,0.0,0.0,Yes,No,0,Yes,150.0,Estimated,Yes,Yes,No,No
96,MI0178,Jonesville District Library,Woodlands Library Cooperative,"Class 2: Serve 4,000-6,999",District,Yes,Yes,1180,No,0,No,No,0,Yes,No,No,0,0,0,0.0,0.0,0.0,0.0,0.0,0.0,0.0,Yes,No,0,Yes,9360.0,Estimated,Yes,Yes,No,Yes
97,MI0179,Jordan Valley District Library,Northland Library Cooperative,"Class 2: Serve 4,000-6,999",District,Yes,Yes,120,Yes,180,No,Yes,1200,Yes,Yes,Yes,5,23,0,0.0,0.0,0.0,0.0,0.0,4.0,23.0,Yes,No,0,Yes,1655.0,Estimated,Yes,No,No,No
98,MI0188,Lake Odessa Community Library,Lakeland Library Cooperative,"Class 2: Serve 4,000-6,999",District,Yes,Yes,20,Yes,60,No,Yes,20086,Yes,Yes,Yes,26,158,0,0.0,2.0,8.0,0.0,0.0,0.0,26.0,Yes,No,0,Yes,1500.0,Estimated,Yes,Yes,No,Yes
99,MI0422,Leighton Township Library,Lakeland Library Cooperative,"Class 2: Serve 4,000-6,999",Township,Yes,Yes,952,Yes,570,No,Yes,9500,Yes,Yes,Yes,1,5,12,61.0,3.0,13.0,0.0,0.0,89.0,2778.0,Yes,No,0,Yes,964.0,Estimated,Yes,No,No,No
100,MI0194,Leland Township Public Library,Mid-Michigan Library League,"Class 2: Serve 4,000-6,999",Township,Yes,Yes,49,Yes,290,No,No,0,No,Yes,Yes,7,84,0,0.0,7.0,71.0,0.0,0.0,0.0,0.0,Yes,No,0,Yes,3000.0,Estimated,Yes,Yes,Yes,Yes
101,MI0203,Luther Area Public Library,Mid-Michigan Library League,"Class 2: Serve 4,000-6,999",District,Yes,No,0,No,0,No,No,0,No,No,No,0,0,0,0.0,0.0,0.0,0.0,0.0,0.0,0.0,Yes,No,0,No,200.0,Estimated,Yes,Yes,No,No
102,MI0206,M. Alice Chapin Memorial Library,Mid-Michigan Library League,"Class 2: Serve 4,000-6,999",Village,Yes,No,0,Yes,592,No,Yes,3234,No,No,No,0,0,0,0.0,0.0,0.0,0.0,0.0,0.0,0.0,Yes,No,0,Yes,221.0,Estimated,Yes,Yes,No,No
103,MI0208,Mackinaw Area Public Library,Northland Library Cooperative,"Class 2: Serve 4,000-6,999",District,Yes,Yes,61,Yes,671,No,No,0,Yes,Yes,Yes,50,550,0,0.0,0.0,0.0,0.0,0.0,50.0,7961.0,Yes,No,0,No,1924.0,Estimated,Yes,Yes,No,Yes
104,MI0211,Mancelona Township Library,Mid-Michigan Library League,"Class 2: Serve 4,000-6,999",Township,Yes,No,0,No,0,No,No,0,No,No,No,0,0,0,0.0,0.0,0.0,0.0,0.0,0.0,0.0,No,No,0,Yes,1525.0,Estimated,Yes,Yes,No,No
105,MI0216,Marcellus Township Wood Memorial Library,Southwest Michigan Library Cooperative,"Class 2: Serve 4,000-6,999",Township,Yes,Yes,20,No,243,No,No,0,No,No,No,0,0,0,0.0,0.0,0.0,0.0,0.0,0.0,0.0,Yes,No,0,Yes,2889.0,Estimated,Yes,Yes,No,No
106,MI0217,Marlette District Library,White Pine Library Cooperative,"Class 2: Serve 4,000-6,999",District,Yes,No,0,No,0,No,No,0,Yes,No,No,0,0,0,0.0,0.0,0.0,0.0,0.0,0.0,0.0,Yes,No,DNR,Yes,4005.0,Estimated,Yes,Yes,No,No
107,MI0221,Mayville District Public Library,White Pine Library Cooperative,"Class 2: Serve 4,000-6,999",District,Yes,Yes,24,No,0,No,Yes,3800,No,No,No,0,0,0,0.0,0.0,0.0,0.0,0.0,0.0,0.0,Yes,No,0,Yes,1500.0,Estimated,Yes,Yes,No,No
108,MI0418,McBain Community Library,Mid-Michigan Library League,"Class 2: Serve 4,000-6,999",School District,Yes,No,0,Yes,604,No,No,0,No,Yes,No,0,0,0,0.0,0.0,0.0,0.0,0.0,0.0,0.0,No,No,0,No,315.0,Counted,No,No,No,No
109,MI0225,Mendon Township Library,Woodlands Library Cooperative,"Class 2: Serve 4,000-6,999",Township,Yes,Yes,22,Yes,22,No,No,0,No,No,No,0,0,0,0.0,0.0,0.0,0.0,0.0,0.0,0.0,Yes,No,0,Yes,675.0,Counted,Yes,No,No,No
110,MI0235,Moore Public Library,White Pine Library Cooperative,"Class 2: Serve 4,000-6,999",District,Yes,Yes,345,Yes,52,No,Yes,7280,Yes,No,No,0,0,0,0.0,0.0,0.0,0.0,0.0,0.0,0.0,Yes,No,0,No,442.0,Counted,Yes,Yes,No,No
111,MI0236,Morton Township Public Library,Mid-Michigan Library League,"Class 2: Serve 4,000-6,999",Township,Yes,Yes,171,No,480,No,Yes,20000,No,Yes,Yes,5,95,2,18.0,5.0,148.0,0.0,0.0,3.0,56.0,Yes,Yes,9,Yes,653.0,Counted,Yes,No,No,Yes
112,MI0243,New Buffalo Township Public Library,Southwest Michigan Library Cooperative,"Class 2: Serve 4,000-6,999",Township,Yes,Yes,640,Yes,25,No,Yes,40000,Yes,Yes,Yes,2,85,4,40.0,154.0,1696.0,1.0,25.0,31.0,1696.0,Yes,No,0,Yes,3500.0,Estimated,Yes,Yes,No,Yes
113,MI0244,Newaygo Area District Library,Lakeland Library Cooperative,"Class 2: Serve 4,000-6,999",District,Yes,Yes,1241,No,0,No,No,0,No,Yes,Yes,4,25,4,6.0,2.0,42.0,2.0,42.0,149.0,7054.0,Yes,Yes,14,Yes,8183.0,Estimated,Yes,Yes,No,No
114,MI0246,North Adams Community Memorial Library,Woodlands Library Cooperative,"Class 2: Serve 4,000-6,999",District,Yes,Yes,0,No,3,No,No,0,Yes,No,No,0,0,0,0.0,0.0,0.0,0.0,0.0,0.0,0.0,Yes,No,0,Yes,539.0,Counted,No,Yes,No,No
115,MI0249,Nottawa Township Library,Woodlands Library Cooperative,"Class 2: Serve 4,000-6,999",Township,Yes,Yes,517,No,0,No,No,0,No,Yes,Yes,0,0,0,0.0,1.0,0.0,0.0,0.0,17.0,2769.0,Yes,No,0,Yes,3120.0,Estimated,Yes,Yes,No,No
116,MI0260,Ovid Public Library,White Pine Library Cooperative,"Class 2: Serve 4,000-6,999",District,Yes,Yes,70,No,0,No,No,0,No,No,No,0,0,0,0.0,0.0,0.0,0.0,0.0,0.0,0.0,Yes,No,0,Yes,2281.0,Estimated,Yes,Yes,No,No
117,MI0264,Pathfinder Community Library,Mid-Michigan Library League,"Class 2: Serve 4,000-6,999",Township,Yes,Yes,420,No,0,No,No,0,No,Yes,No,2,225,1,175.0,0.0,0.0,0.0,0.0,0.0,0.0,Yes,No,0,Yes,6325.0,Estimated,Yes,Yes,No,No
118,MI0266,Peninsula Community Library,Northland Library Cooperative,"Class 2: Serve 4,000-6,999",Township,Yes,Yes,68,Yes,1188,No,No,0,No,Yes,Yes,6,67,1,8.0,4.0,61.0,0.0,0.0,0.0,0.0,Yes,No,0,Yes,2267.0,Counted,Yes,Yes,Yes,Yes
119,MI0270,Pigeon District Library,White Pine Library Cooperative,"Class 2: Serve 4,000-6,999",District,Yes,Yes,214,Yes,425,No,No,0,No,No,No,0,0,0,0.0,0.0,0.0,0.0,0.0,0.0,0.0,No,No,0,Yes,2380.0,Estimated,Yes,Yes,Yes,Yes
120,MI0272,Pittsford Public Library,Woodlands Library Cooperative,"Class 2: Serve 4,000-6,999",Township,Yes,Yes,10,Yes,448,No,No,0,No,No,No,0,0,0,0.0,0.0,0.0,0.0,0.0,0.0,0.0,Yes,No,0,Yes,829.0,Estimated,Yes,No,No,No
121,MI0275,Port Austin Township Library,White Pine Library Cooperative,"Class 2: Serve 4,000-6,999",Township,Yes,Yes,24,Yes,228,No,No,0,Yes,No,No,1,12,0,0.0,0.0,0.0,0.0,0.0,0.0,0.0,Yes,Yes,1,Yes,40.0,Estimated,Yes,Yes,Yes,Yes
122,MI0028,Potterville-Benton Township District Library,Woodlands Library Cooperative,"Class 2: Serve 4,000-6,999",District,Yes,No,48,Yes,363,No,No,0,Yes,Yes,No,0,0,0,0.0,0.0,0.0,1.0,1.0,0.0,0.0,Yes,No,0,Yes,978.0,Estimated,Yes,Yes,No,No
123,MI0280,Putnam District Library,Woodlands Library Cooperative,"Class 2: Serve 4,000-6,999",District,Yes,Yes,82,No,0,No,No,0,Yes,Yes,No,13,4,1,0.0,1.0,0.0,0.0,0.0,0.0,0.0,Yes,No,0,Yes,1508.0,Estimated,Yes,Yes,No,Yes
124,MI0281,Rauchholz Memorial Library,White Pine Library Cooperative,"Class 2: Serve 4,000-6,999",Township,Yes,Yes,130,Yes,380,No,No,0,No,Yes,Yes,8,102,0,0.0,0.0,0.0,0.0,0.0,56.0,597.0,Yes,No,0,Yes,884.0,DNR,Yes,No,No,Yes
125,MI0283,Reading Community Library,Woodlands Library Cooperative,"Class 2: Serve 4,000-6,999",District,Yes,No,0,Yes,324,No,Yes,1590,No,No,No,0,0,0,0.0,0.0,0.0,0.0,0.0,0.0,0.0,Yes,No,0,No,394.0,Counted,Yes,Yes,No,No
126,MI0380,Reese Unity District Library,White Pine Library Cooperative,"Class 2: Serve 4,000-6,999",District,Yes,No,0,No,0,No,No,0,No,No,No,0,0,0,0.0,0.0,0.0,0.0,0.0,0.0,0.0,Yes,No,0,No,0.0,Counted,Yes,No,No,No
127,MI0064,River Rapids District Library,White Pine Library Cooperative,"Class 2: Serve 4,000-6,999",District,Yes,Yes,486,No,0,No,Yes,1500,No,Yes,Yes,12,120,3,10.0,2.0,20.0,0.0,0.0,14.0,2.0,No,No,0,Yes,2555.0,Counted,Yes,Yes,No,No
128,MI0125,Roscommon Area District Library,Superiorland Library Cooperative,"Class 2: Serve 4,000-6,999",District,Yes,Yes,20,No,14,No,No,0,No,Yes,Yes,4,231,4,231.0,0.0,0.0,4.0,231.0,17.0,2040.0,No,No,0,Yes,2504.0,Estimated,Yes,Yes,No,No
129,MI0323,Saint Ignace Public Library,Superiorland Library Cooperative,"Class 2: Serve 4,000-6,999",City,Yes,Yes,560,Yes,105,No,No,0,Yes,Yes,Yes,15,55,1,3.0,4.0,53.0,1.0,6.0,21.0,3583.0,Yes,No,0,Yes,1300.0,Counted,Yes,Yes,No,Yes
130,MI0302,Sanilac District Library,White Pine Library Cooperative,"Class 2: Serve 4,000-6,999",District,Yes,Yes,492,No,210,No,Yes,9700,No,No,No,0,0,0,0.0,0.0,0.0,0.0,0.0,0.0,0.0,Yes,No,0,Yes,1086.0,Estimated,Yes,Yes,No,Yes
131,MI0304,Saugatuck-Douglas District Library,Lakeland Library Cooperative,"Class 2: Serve 4,000-6,999",District,Yes,Yes,35,Yes,2100,No,Yes,2100,Yes,Yes,Yes,7,84,0,0.0,4.0,33.0,0.0,0.0,6.0,678.0,Yes,Yes,22,Yes,1800.0,Estimated,Yes,No,No,Yes
132,MI9007,Sebewaing Township Library,White Pine Library Cooperative,"Class 2: Serve 4,000-6,999",Township,Yes,Yes,120,No,0,No,Yes,7200,Yes,No,No,0,0,0,0.0,0.0,0.0,0.0,0.0,0.0,0.0,Yes,No,0,Yes,1850.0,Estimated,Yes,Yes,No,No
133,MI0432,Sherman Township Library,White Pine Library Cooperative,"Class 2: Serve 4,000-6,999",Township,Yes,No,0,Yes,76,No,No,0,Yes,No,No,0,0,0,0.0,0.0,0.0,0.0,0.0,0.0,0.0,No,No,0,No,1762.0,Counted,Yes,Yes,No,No
134,MI0324,Stair District Library,Woodlands Library Cooperative,"Class 2: Serve 4,000-6,999",District,Yes,Yes,909,No,0,No,No,0,Yes,Yes,Yes,19,102,0,0.0,10.0,71.0,4.0,1455.0,5.0,1068.0,Yes,Yes,19,Yes,1020.0,Estimated,Yes,Yes,No,Yes
135,MI0329,Suttons Bay-Bingham District Library,Northland Library Cooperative,"Class 2: Serve 4,000-6,999",District,Yes,Yes,130,Yes,408,No,No,0,Yes,Yes,No,0,0,0,0.0,0.0,0.0,0.0,0.0,0.0,0.0,Yes,No,0,Yes,2808.0,Estimated,Yes,Yes,No,Yes
136,MI0332,Taymouth Township Library,White Pine Library Cooperative,"Class 2: Serve 4,000-6,999",Township,Yes,Yes,116,Yes,22,No,No,0,Yes,No,No,0,0,0,0.0,0.0,0.0,0.0,0.0,0.0,0.0,Yes,Yes,12,Yes,416.0,Estimated,No,No,No,No
137,MI0110,Thomas E. Fleschner Memorial Library,White Pine Library Cooperative,"Class 2: Serve 4,000-6,999",Township,Yes,Yes,560,Yes,260,No,Yes,5085,No,No,No,0,0,0,0.0,0.0,0.0,0.0,0.0,0.0,0.0,Yes,Yes,3,Yes,382.0,Counted,Yes,Yes,No,Yes
138,MI0339,Three Oaks Township Public Library,Southwest Michigan Library Cooperative,"Class 2: Serve 4,000-6,999",Township,Yes,Yes,70,Yes,1981,No,Yes,3500,Yes,No,No,0,0,0,0.0,0.0,0.0,0.0,0.0,0.0,0.0,Yes,Yes,10,No,990.0,Estimated,Yes,Yes,No,No
139,MI0344,Utica Public Library,Suburban Library Cooperative,"Class 2: Serve 4,000-6,999",City,Yes,Yes,110,No,0,No,Yes,5000,No,No,No,0,0,0,0.0,0.0,0.0,0.0,0.0,0.0,0.0,Yes,Yes,13,Yes,7500.0,Estimated,Yes,Yes,No,No
140,MI0347,Vernon District Public Library,Mideastern Michigan Library Cooperative,"Class 2: Serve 4,000-6,999",Township,Yes,No,0,Yes,8,No,No,0,Yes,No,No,0,0,0,0.0,0.0,0.0,0.0,0.0,0.0,0.0,Yes,No,0,No,150.0,Estimated,Yes,Yes,No,No
141,MI0353,Walled Lake City Library,The Library Network,"Class 2: Serve 4,000-6,999",City,Yes,Yes,86,No,0,No,No,0,Yes,Yes,No,4,23,0,0.0,3.0,47.0,2.0,13.0,0.0,0.0,Yes,Yes,13,Yes,781.0,Counted,Yes,No,No,Yes
142,MI0360,Watervliet District Library,Southwest Michigan Library Cooperative,"Class 2: Serve 4,000-6,999",District,Yes,Yes,405,No,910,No,Yes,2836,Yes,Yes,Yes,4,36,0,0.0,2.0,61.0,0.0,0.0,10.0,10.0,Yes,Yes,7,Yes,2196.0,Estimated,Yes,Yes,No,Yes
143,MI0367,White Pigeon Township Library,Woodlands Library Cooperative,"Class 2: Serve 4,000-6,999",Township,Yes,Yes,218,No,0,No,Yes,23500,Yes,Yes,Yes,0,0,0,0.0,1.0,244.0,0.0,0.0,126.0,5095.0,No,No,0,Yes,1885.0,Estimated,Yes,Yes,No,Yes
144,MI0372,Aitkin Memorial District Library,White Pine Library Cooperative,"Class 3: Serve 7,000-11,999",District,Yes,No,0,Yes,1820,No,No,0,Yes,No,No,0,0,0,0.0,0.0,0.0,0.0,0.0,0.0,0.0,Yes,No,0,No,1620.0,Estimated,Yes,No,No,No
145,MI0407,Alanson Area Public Library,Superiorland Library Cooperative,"Class 3: Serve 7,000-11,999",District,Yes,Yes,84,No,0,No,Yes,0,Yes,No,No,0,0,0,0.0,0.0,0.0,0.0,0.0,0.0,0.0,Yes,No,0,No,360.0,Estimated,Yes,No,No,No
146,MI0408,Albion District Library,Woodlands Library Cooperative,"Class 3: Serve 7,000-11,999",District,Yes,Yes,531,Yes,876,No,Yes,6450,Yes,No,Yes,0,0,0,0.0,0.0,0.0,0.0,0.0,35.0,4564.0,Yes,Yes,9,Yes,5002.0,Counted,Yes,Yes,No,No
147,MI0409,Alcona County Library,Northland Library Cooperative,"Class 3: Serve 7,000-11,999",County,Yes,Yes,130,No,2650,No,No,0,No,Yes,No,5,65,0,0.0,0.0,0.0,0.0,0.0,0.0,0.0,Yes,No,0,Yes,1422.0,Counted,Yes,Yes,No,Yes
148,MI0412,Alma Public Library,White Pine Library Cooperative,"Class 3: Serve 7,000-11,999",City,Yes,Yes,400,Yes,560,No,Yes,200000,Yes,Yes,Yes,88,706,0,0.0,0.0,0.0,0.0,0.0,88.0,12123.0,Yes,Yes,73,Yes,12521.0,Estimated,Yes,No,No,No
149,MI0010,Alvah N. Belding Memorial Library,Lakeland Library Cooperative,"Class 3: Serve 7,000-11,999",City,Yes,Yes,816,No,0,No,No,0,Yes,Yes,Yes,171,1723,6,117.0,0.0,0.0,0.0,0.0,171.0,4233.0,Yes,No,0,Yes,3319.0,Counted,Yes,Yes,No,Yes
150,MI0016,Augusta-Ross Township District Library,Southwest Michigan Library Cooperative,"Class 3: Serve 7,000-11,999",District,Yes,Yes,301,No,0,No,No,0,Yes,Yes,Yes,0,0,1,15.0,0.0,0.0,0.0,0.0,2.0,293.0,Yes,No,0,Yes,600.0,Estimated,Yes,No,No,Yes
151,MI9026,Bath Township Public Library,Woodlands Library Cooperative,"Class 3: Serve 7,000-11,999",Township,Yes,Yes,455,Yes,1404,No,Yes,13000,Yes,Yes,No,12,12,0,0.0,4.0,20.0,24.0,50.0,0.0,0.0,Yes,Yes,210,Yes,489.0,Counted,Yes,No,No,Yes
152,MI0031,Berrien Springs Community Library,Southwest Michigan Library Cooperative,"Class 3: Serve 7,000-11,999",District,Yes,Yes,9,No,0,No,Yes,8000,Yes,Yes,Yes,40,179,0,0.0,7.0,43.0,1.0,4.0,20.0,745.0,Yes,Yes,21,Yes,10709.0,Estimated,Yes,Yes,No,No
153,MI0036,Blair Memorial Library,The Library Network,"Class 3: Serve 7,000-11,999",City,Yes,Yes,336,Yes,1683,No,No,0,No,Yes,Yes,1,12,0,0.0,1.0,23.0,0.0,0.0,14.0,141.0,Yes,No,0,Yes,12300.0,Estimated,Yes,Yes,No,Yes
154,MI0038,Boyne District Library,Northland Library Cooperative,"Class 3: Serve 7,000-11,999",District,Yes,Yes,40,Yes,20,No,No,0,Yes,Yes,Yes,10,150,0,0.0,0.0,0.0,0.0,0.0,0.0,0.0,Yes,Yes,312,Yes,485.0,Estimated,Yes,Yes,No,Yes
155,MI0045,Buchanan District Library,Southwest Michigan Library Cooperative,"Class 3: Serve 7,000-11,999",District,Yes,Yes,472,No,0,No,No,0,No,Yes,Yes,41,102,22,36.0,19.0,132.0,0.0,0.0,21.0,2056.0,Yes,Yes,15,Yes,1123.0,Estimated,Yes,Yes,No,Yes
156,MI0046,Bullard Sanford Memorial Library,White Pine Library Cooperative,"Class 3: Serve 7,000-11,999",District,Yes,Yes,260,No,26,No,No,0,Yes,Yes,Yes,0,0,0,0.0,4.0,23.0,0.0,0.0,4.0,1509.0,Yes,No,DNR,Yes,2248.0,Estimated,Yes,Yes,No,Yes
157,MI0050,Calumet Public School Library,Superiorland Library Cooperative,"Class 3: Serve 7,000-11,999",School District,Yes,Yes,480,No,0,No,No,0,Yes,No,No,0,0,0,0.0,0.0,0.0,0.0,0.0,0.0,0.0,Yes,No,DNR,Yes,2327.0,Estimated,No,Yes,No,Yes
158,MI0168,Caro Area District Library,White Pine Library Cooperative,"Class 3: Serve 7,000-11,999",District,Yes,Yes,50,No,0,No,No,0,No,Yes,Yes,0,0,0,0.0,15.0,173.0,0.0,0.0,12.0,473.0,Yes,Yes,71,Yes,4309.0,Estimated,Yes,Yes,No,Yes
159,MI0054,Carson City Public Library,Lakeland Library Cooperative,"Class 3: Serve 7,000-11,999",City,Yes,Yes,490,Yes,1547,No,No,0,Yes,No,No,0,0,0,0.0,0.0,0.0,0.0,0.0,0.0,0.0,Yes,No,0,Yes,7500.0,Estimated,Yes,Yes,No,Yes
160,MI0056,Cedar Springs Public Library,Lakeland Library Cooperative,"Class 3: Serve 7,000-11,999",City,Yes,Yes,43,Yes,1040,Yes,Yes,0,Yes,Yes,Yes,6,111,1,24.0,11.0,65.0,1.0,43.0,101.0,36408.0,Yes,No,0,Yes,5500.0,Estimated,Yes,Yes,No,No
161,MI0057,Center Line Public Library,Suburban Library Cooperative,"Class 3: Serve 7,000-11,999",City,Yes,Yes,84,No,0,No,No,0,No,No,No,0,0,0,0.0,0.0,0.0,0.0,0.0,0.0,0.0,Yes,Yes,5,Yes,4056.0,Estimated,Yes,Yes,No,No
162,MI0060,Charlevoix Public Library,Northland Library Cooperative,"Class 3: Serve 7,000-11,999",District,Yes,Yes,375,Yes,500,No,Yes,35000,Yes,Yes,Yes,0,0,0,0.0,0.0,0.0,12.0,0.0,38.0,8427.0,Yes,Yes,10,Yes,5629.0,Estimated,Yes,Yes,No,Yes
163,MI0072,Coopersville Area District Library,Lakeland Library Cooperative,"Class 3: Serve 7,000-11,999",District,Yes,Yes,23,Yes,240,No,Yes,4500,Yes,No,Yes,0,0,0,0.0,0.0,0.0,0.0,0.0,0.0,0.0,Yes,Yes,55,No,10900.0,Estimated,Yes,Yes,No,Yes
164,MI0081,Delton District Library,Woodlands Library Cooperative,"Class 3: Serve 7,000-11,999",District,Yes,No,0,Yes,216,No,No,0,No,No,No,0,0,0,0.0,0.0,0.0,0.0,0.0,0.0,0.0,No,No,0,No,8000.0,Estimated,Yes,Yes,No,Yes
165,MI0086,Dorr Township Library,Lakeland Library Cooperative,"Class 3: Serve 7,000-11,999",Township,Yes,Yes,352,No,0,No,No,0,Yes,Yes,Yes,14,57,0,0.0,0.0,0.0,0.0,0.0,32.0,157.0,Yes,Yes,2,Yes,8971.0,Estimated,No,Yes,No,Yes
166,MI0095,Eau Claire District Library,Southwest Michigan Library Cooperative,"Class 3: Serve 7,000-11,999",District,Yes,Yes,588,No,0,No,No,0,No,No,No,0,0,0,0.0,0.0,0.0,0.0,0.0,0.0,0.0,Yes,Yes,3,Yes,100.0,Estimated,Yes,Yes,No,Yes
167,MI9021,Ecorse Public Library,The Library Network,"Class 3: Serve 7,000-11,999",City,Yes,No,0,No,61,No,No,0,No,No,No,0,0,0,0.0,0.0,0.0,0.0,0.0,0.0,0.0,No,No,0,No,2000.0,Counted,Yes,No,No,No
168,MI0102,Evart Public Library,Mid-Michigan Library League,"Class 3: Serve 7,000-11,999",District,Yes,No,0,Yes,429,No,Yes,3000,No,No,No,0,0,0,0.0,0.0,0.0,0.0,0.0,0.0,0.0,No,No,0,No,6521.0,Estimated,Yes,Yes,No,No
169,MI0177,Frankenmuth James E. Wickson District Library,White Pine Library Cooperative,"Class 3: Serve 7,000-11,999",District,Yes,Yes,100,No,112,No,No,0,Yes,Yes,Yes,9,160,0,0.0,13.0,191.0,40.0,1239.0,0.0,0.0,Yes,Yes,10,Yes,15000.0,Estimated,Yes,Yes,No,Yes
170,MI0119,Galesburg-Charleston Memorial District Library,Southwest Michigan Library Cooperative,"Class 3: Serve 7,000-11,999",District,Yes,Yes,29,No,0,No,No,0,Yes,No,No,0,0,0,0.0,0.0,0.0,0.0,0.0,0.0,0.0,Yes,No,DNR,No,1040.0,Estimated,Yes,Yes,No,Yes
171,MI0162,Gary Byker Memorial Library of Hudsonville,Lakeland Library Cooperative,"Class 3: Serve 7,000-11,999",City,Yes,Yes,1034,No,130,No,No,0,Yes,Yes,Yes,13,612,0,0.0,0.0,0.0,0.0,0.0,28.0,1468.0,Yes,Yes,DNR,No,3478.0,Estimated,Yes,Yes,No,Yes
172,MI0126,Gladstone School & Public Library,Superiorland Library Cooperative,"Class 3: Serve 7,000-11,999",School District,Yes,No,112,Yes,192,No,Yes,900,Yes,No,No,0,0,0,0.0,0.0,0.0,0.0,0.0,0.0,0.0,Yes,Yes,16,No,3660.0,Estimated,No,No,No,Yes
173,MI0132,Grant Area District Library,Lakeland Library Cooperative,"Class 3: Serve 7,000-11,999",District,Yes,No,0,No,0,No,No,0,No,Yes,Yes,0,0,0,0.0,0.0,0.0,0.0,0.0,8.0,713.0,No,No,0,No,15587.0,Estimated,Yes,Yes,No,No
174,MI0143,Hart Area Public Library,Mid-Michigan Library League,"Class 3: Serve 7,000-11,999",District,Yes,Yes,24,No,0,No,No,0,Yes,No,No,0,0,0,0.0,0.0,0.0,0.0,0.0,0.0,0.0,Yes,Yes,6,Yes,1000.0,Estimated,Yes,Yes,No,Yes
175,MI0148,Henika District Library,Lakeland Library Cooperative,"Class 3: Serve 7,000-11,999",District,Yes,Yes,704,No,15,No,Yes,13000,Yes,Yes,Yes,4,232,3,8.0,14.0,106.0,0.0,0.0,17.0,1444.0,Yes,No,DNR,Yes,29432.0,Estimated,Yes,Yes,No,Yes
176,MI0232,Hillsdale Community Library,Woodlands Library Cooperative,"Class 3: Serve 7,000-11,999",City,Yes,Yes,0,Yes,56,No,No,0,Yes,No,No,0,0,0,0.0,0.0,0.0,0.0,0.0,45.0,10767.0,No,No,0,Yes,400.0,Estimated,Yes,Yes,No,No
177,MI0163,Huntington Woods Public Library,The Library Network,"Class 3: Serve 7,000-11,999",City,Yes,Yes,20,Yes,31,No,Yes,0,Yes,Yes,Yes,8,160,0,0.0,13.0,260.0,0.0,0.0,5.0,25.0,Yes,No,0,Yes,100.0,Estimated,Yes,No,No,Yes
178,MI0186,Laingsburg Public Library,Mideastern Michigan Library Cooperative,"Class 3: Serve 7,000-11,999",City,Yes,No,0,Yes,480,No,No,0,No,No,No,0,0,0,0.0,0.0,0.0,0.0,0.0,0.0,0.0,No,No,0,Yes,900.0,Estimated,Yes,Yes,No,Yes
179,MI0184,L'Anse Area School-Public Library,Superiorland Library Cooperative,"Class 3: Serve 7,000-11,999",School District,Yes,No,0,Yes,448,No,Yes,9000,Yes,No,No,0,0,0,0.0,0.0,0.0,0.0,0.0,0.0,0.0,No,No,0,Yes,7.0,Estimated,No,No,No,No
180,MI0196,Lenox Township Library,Suburban Library Cooperative,"Class 3: Serve 7,000-11,999",Township,Yes,Yes,39,No,0,No,No,0,No,Yes,Yes,0,0,2,0.0,1.0,3.0,3.0,3.0,7.0,999.0,Yes,No,0,Yes,2815.0,Counted,Yes,Yes,No,Yes
181,MI0290,Lois Wagner Memorial Library,Suburban Library Cooperative,"Class 3: Serve 7,000-11,999",City,Yes,Yes,120,No,0,No,Yes,5000,Yes,No,No,0,0,0,0.0,0.0,0.0,0.0,0.0,0.0,0.0,Yes,No,0,No,817.0,Counted,Yes,Yes,No,Yes
182,MI0212,Manchester District Library,The Library Network,"Class 3: Serve 7,000-11,999",District,Yes,Yes,220,Yes,550,No,No,0,Yes,Yes,Yes,72,840,4,18.0,0.0,0.0,16.0,40.0,77.0,12.0,Yes,Yes,10,Yes,5000.0,Estimated,Yes,Yes,No,Yes
183,MI0214,Manistique School & Public Library,Superiorland Library Cooperative,"Class 3: Serve 7,000-11,999",School District,Yes,Yes,180,No,0,No,No,0,Yes,Yes,Yes,6,58,0,0.0,0.0,0.0,2.0,277.0,0.0,0.0,Yes,No,DNR,Yes,1750.0,Estimated,No,Yes,No,No
184,MI9018,Melvindale Public Library,The Library Network,"Class 3: Serve 7,000-11,999",City,Yes,No,50,Yes,848,No,No,0,No,No,No,0,0,0,0.0,0.0,0.0,0.0,0.0,0.0,0.0,Yes,No,0,Yes,45.0,Estimated,Yes,Yes,No,Yes
185,MI0230,Millington Arbela District Library,White Pine Library Cooperative,"Class 3: Serve 7,000-11,999",District,Yes,No,0,Yes,1189,No,No,0,No,Yes,Yes,1,15,0,0.0,4.0,5.0,0.0,0.0,17.0,2111.0,No,Yes,11,Yes,1047.0,Estimated,Yes,Yes,No,No
186,MI0234,Montmorency County Public Libraries,Northland Library Cooperative,"Class 3: Serve 7,000-11,999",County,Yes,Yes,3360,No,0,No,Yes,13000,No,No,No,0,0,0,0.0,0.0,0.0,0.0,0.0,0.0,0.0,Yes,Yes,95,Yes,41265.0,Estimated,Yes,Yes,No,No
187,MI0239,Munising School Public Library,Superiorland Library Cooperative,"Class 3: Serve 7,000-11,999",School District,Yes,Yes,85,No,0,No,No,0,Yes,Yes,Yes,2,7,0,0.0,2.0,12.0,4.0,44.0,1.0,332.0,Yes,No,0,Yes,10284.0,Estimated,Yes,Yes,No,Yes
188,MI0241,Negaunee Public Library,Superiorland Library Cooperative,"Class 3: Serve 7,000-11,999",City,Yes,Yes,43,Yes,0,No,Yes,4281,Yes,Yes,Yes,53,613,25,147.0,1.0,29.0,1.0,238.0,0.0,0.0,Yes,No,0,Yes,2475.0,Estimated,Yes,Yes,Yes,Yes
189,MI0379,Northfield Township Area Library,The Library Network,"Class 3: Serve 7,000-11,999",Township,Yes,Yes,208,No,0,No,No,0,Yes,Yes,Yes,7,777,0,0.0,0.0,0.0,0.0,0.0,62.0,4953.0,Yes,Yes,468,Yes,6592.0,Estimated,Yes,Yes,No,Yes
190,MI0257,Oscoda County Library,Northland Library Cooperative,"Class 3: Serve 7,000-11,999",County,Yes,Yes,332,Yes,2272,No,No,0,Yes,No,No,1,7,0,0.0,0.0,0.0,0.0,0.0,0.0,0.0,Yes,No,0,Yes,1250.0,Estimated,Yes,Yes,No,Yes
191,MI0263,Parchment Community Library,Southwest Michigan Library Cooperative,"Class 3: Serve 7,000-11,999",District,Yes,Yes,528,No,0,No,No,0,Yes,Yes,Yes,2,8,0,0.0,17.0,92.0,0.0,0.0,20.0,1629.0,Yes,No,0,Yes,9277.0,Estimated,No,Yes,No,Yes
192,MI9012,Patmos Library,Lakeland Library Cooperative,"Class 3: Serve 7,000-11,999",Township,Yes,No,0,No,0,No,No,0,No,No,No,0,0,0,0.0,0.0,0.0,0.0,0.0,0.0,0.0,Yes,Yes,130,Yes,4189.0,Counted,Yes,Yes,No,Yes
193,MI0122,Pere Marquette District Library,Mideastern Michigan Library Cooperative,"Class 3: Serve 7,000-11,999",District,Yes,Yes,77,Yes,120,No,No,0,No,Yes,Yes,48,273,0,0.0,4.0,47.0,0.0,0.0,33.0,3727.0,Yes,Yes,54,Yes,5942.0,Estimated,Yes,Yes,No,Yes
194,MI0271,Pinckney Community Public Library,The Library Network,"Class 3: Serve 7,000-11,999",District,Yes,Yes,400,Yes,115,No,Yes,21281,Yes,Yes,Yes,4,500,0,0.0,9.0,217.0,8.0,96.0,16.0,2704.0,Yes,Yes,119,Yes,123801.0,Estimated,Yes,Yes,No,Yes
195,MI0282,Rawson Memorial Library,White Pine Library Cooperative,"Class 3: Serve 7,000-11,999",District,Yes,Yes,1313,Yes,2400,No,No,0,Yes,No,Yes,0,0,0,0.0,0.0,0.0,0.0,0.0,29.0,2790.0,Yes,No,0,Yes,500.0,Estimated,Yes,Yes,No,No
196,MI0284,Reed City Area District Library,Mid-Michigan Library League,"Class 3: Serve 7,000-11,999",District,Yes,Yes,218,Yes,112,No,No,0,Yes,No,Yes,0,0,0,0.0,0.0,0.0,0.0,0.0,-1.0,-1.0,Yes,No,0,Yes,3500.0,Estimated,Yes,Yes,No,Yes
197,MI0288,Richland Community Library,Southwest Michigan Library Cooperative,"Class 3: Serve 7,000-11,999",District,Yes,Yes,120,No,0,No,Yes,5773,Yes,Yes,Yes,0,0,2,5.0,0.0,0.0,0.0,0.0,47.0,1396.0,No,No,0,Yes,1200.0,Estimated,Yes,Yes,Yes,Yes
198,MI9019,River Rouge Public Library,The Library Network,"Class 3: Serve 7,000-11,999",City,Yes,No,0,Yes,957,No,No,0,No,No,No,0,0,DNR,0.0,0.0,0.0,0.0,0.0,0.0,0.0,No,No,DNR,No,1814.0,Counted,Yes,Yes,No,No
199,MI0165,Ruth Hughes Memorial District Library,Mideastern Michigan Library Cooperative,"Class 3: Serve 7,000-11,999",District,Yes,Yes,740,Yes,304,No,No,0,Yes,Yes,No,2,0,1,0.0,1.0,4.0,0.0,0.0,0.0,0.0,Yes,No,0,Yes,15912.0,Estimated,Yes,Yes,No,No
200,MI0320,Saint Charles District Library,White Pine Library Cooperative,"Class 3: Serve 7,000-11,999",District,Yes,No,10,Yes,750,No,Yes,4624,Yes,Yes,Yes,2,10,0,0.0,0.0,0.0,0.0,0.0,10.0,30.0,No,No,0,No,3964.0,Estimated,No,Yes,No,Yes
201,MI0423,Salem Township Library,Lakeland Library Cooperative,"Class 3: Serve 7,000-11,999",Township,Yes,Yes,520,No,117,No,No,0,No,No,No,0,0,0,0.0,0.0,0.0,0.0,0.0,0.0,0.0,Yes,No,0,No,4087.0,Estimated,Yes,No,No,No
202,MI0301,Sandusky District Library,White Pine Library Cooperative,"Class 3: Serve 7,000-11,999",District,Yes,No,0,No,0,No,No,0,Yes,No,No,0,0,0,0.0,0.0,0.0,0.0,0.0,0.0,0.0,No,No,0,No,6500.0,Estimated,Yes,Yes,No,Yes
203,MI0303,Saranac Public Library,Lakeland Library Cooperative,"Class 3: Serve 7,000-11,999",District,Yes,Yes,680,No,0,No,No,0,Yes,No,Yes,0,0,0,0.0,0.0,0.0,0.0,0.0,11.0,150.0,Yes,Yes,8,Yes,1500.0,Estimated,Yes,Yes,No,No
204,MI0428,Schultz-Holmes Memorial Library,Woodlands Library Cooperative,"Class 3: Serve 7,000-11,999",Village,Yes,Yes,480,No,0,No,No,0,Yes,Yes,Yes,14,32,1,3.0,0.0,0.0,14.0,109.0,11.0,8499.0,Yes,No,0,Yes,1848.0,Estimated,Yes,Yes,No,Yes
205,MI0309,Shelby Area District Library,Mid-Michigan Library League,"Class 3: Serve 7,000-11,999",District,Yes,Yes,84,Yes,2290,No,Yes,16000,Yes,Yes,Yes,15,0,0,0.0,0.0,0.0,0.0,0.0,0.0,0.0,Yes,No,0,Yes,0.0,Estimated,Yes,Yes,Yes,Yes
206,MI0314,South Haven Memorial Library,Southwest Michigan Library Cooperative,"Class 3: Serve 7,000-11,999",City,Yes,Yes,832,No,0,No,No,0,No,No,No,0,0,0,0.0,0.0,0.0,0.0,0.0,0.0,0.0,No,No,0,Yes,3798.0,Estimated,No,Yes,No,No
207,MI0317,Sparta Carnegie Township Library,Lakeland Library Cooperative,"Class 3: Serve 7,000-11,999",Township,Yes,Yes,26,No,20,No,No,0,Yes,No,Yes,1,193,0,0.0,0.0,0.0,0.0,0.0,1.0,193.0,Yes,No,0,Yes,9073.0,Estimated,Yes,Yes,No,Yes
208,MI0318,Spies Public Library,Superiorland Library Cooperative,"Class 3: Serve 7,000-11,999",City,Yes,Yes,440,No,0,No,No,0,Yes,Yes,Yes,9,195,0,0.0,0.0,0.0,0.0,0.0,18.0,269.0,Yes,No,0,Yes,2400.0,Estimated,Yes,Yes,No,Yes
209,MI0328,Surrey Township Public Library,Mid-Michigan Library League,"Class 3: Serve 7,000-11,999",Township,Yes,Yes,0,No,0,No,No,0,No,No,No,0,0,0,0.0,0.0,0.0,0.0,0.0,0.0,0.0,Yes,Yes,15,Yes,3100.0,Estimated,Yes,Yes,No,No
210,MI0330,Tahquamenon Area Public Library,Northland Library Cooperative,"Class 3: Serve 7,000-11,999",School District,Yes,Yes,600,Yes,48,No,Yes,1763,Yes,No,No,0,0,0,0.0,0.0,0.0,0.0,0.0,0.0,0.0,Yes,No,0,Yes,765.0,Estimated,Yes,Yes,No,Yes
211,MI0331,Tamarack District Library,Lakeland Library Cooperative,"Class 3: Serve 7,000-11,999",District,Yes,No,400,Yes,64,No,No,0,Yes,Yes,Yes,0,0,0,0.0,0.0,0.0,0.0,0.0,0.0,0.0,No,Yes,DNR,Yes,5220.0,Estimated,Yes,Yes,Yes,Yes
212,MI0335,Theodore A. Cutler Memorial Library,White Pine Library Cooperative,"Class 3: Serve 7,000-11,999",City,Yes,Yes,517,No,0,No,No,0,No,Yes,No,0,0,2,6.0,0.0,0.0,0.0,0.0,0.0,0.0,Yes,No,0,Yes,2450.0,Counted,Yes,Yes,No,No
213,MI0336,Thomas Township Library,White Pine Library Cooperative,"Class 3: Serve 7,000-11,999",Township,Yes,Yes,870,Yes,1606,No,No,0,Yes,No,No,0,0,0,0.0,0.0,0.0,0.0,0.0,0.0,0.0,Yes,No,0,Yes,6864.0,Estimated,Yes,No,No,No
214,MI0337,Thompson Home Public Library,White Pine Library Cooperative,"Class 3: Serve 7,000-11,999",City,Yes,Yes,75,Yes,660,No,No,0,No,No,Yes,3,75,0,0.0,0.0,0.0,0.0,0.0,9.0,600.0,Yes,No,0,No,450.0,Counted,Yes,No,No,No
215,MI0286,Timothy C. Hauenstein Reynolds Township Library,Lakeland Library Cooperative,"Class 3: Serve 7,000-11,999",Township,Yes,Yes,360,Yes,1038,No,Yes,0,No,Yes,Yes,11,1743,0,0.0,0.0,0.0,0.0,0.0,61.0,2876.0,No,Yes,13,Yes,2800.0,Estimated,Yes,Yes,No,No
216,MI0354,Walton Erickson Public Library,Mid-Michigan Library League,"Class 3: Serve 7,000-11,999",School District,Yes,Yes,160,Yes,490,No,Yes,20000,Yes,No,No,0,0,0,0.0,0.0,0.0,0.0,0.0,0.0,0.0,Yes,Yes,7,Yes,4500.0,Estimated,Yes,Yes,No,No
217,MI0363,West Branch District Library,White Pine Library Cooperative,"Class 3: Serve 7,000-11,999",District,Yes,No,0,Yes,217,No,No,0,No,No,No,0,0,0,0.0,0.0,0.0,0.0,0.0,0.0,0.0,No,No,0,No,4176.0,Estimated,Yes,Yes,No,No
218,MI0364,West Iron District Library,Superiorland Library Cooperative,"Class 3: Serve 7,000-11,999",District,Yes,Yes,688,No,0,No,No,0,No,Yes,Yes,24,325,0,0.0,0.0,0.0,0.0,0.0,8.0,178.0,Yes,No,0,Yes,13566.0,Counted,Yes,Yes,No,No
219,MI0091,White Cloud Community Library,Lakeland Library Cooperative,"Class 3: Serve 7,000-11,999",District,Yes,Yes,90,No,0,No,No,0,No,No,Yes,0,0,0,0.0,0.0,0.0,0.0,0.0,29.0,422.0,Yes,No,0,Yes,1025.0,Estimated,Yes,Yes,No,Yes
220,MI0370,White Lake Community Library,Lakeland Library Cooperative,"Class 3: Serve 7,000-11,999",District,Yes,Yes,520,Yes,1160,No,No,0,Yes,Yes,Yes,2,0,0,0.0,0.0,0.0,0.0,0.0,14.0,71.0,Yes,No,DNR,Yes,4200.0,Estimated,Yes,Yes,No,Yes
221,MI0368,White Pine District Library,Mid-Michigan Library League,"Class 3: Serve 7,000-11,999",District,Yes,Yes,440,Yes,2267,No,Yes,5856,No,No,Yes,0,0,0,0.0,0.0,0.0,0.0,0.0,28.0,473.0,Yes,No,0,Yes,564.0,Estimated,Yes,No,No,No
222,MI0406,Adrian District Library,Woodlands Library Cooperative,"Class 4: Serve 12,000-25,999",District,Yes,Yes,195,No,0,No,No,0,Yes,Yes,Yes,19,188,0,0.0,1.0,21.0,0.0,0.0,0.0,0.0,Yes,Yes,159,Yes,4733.0,Counted,Yes,No,No,Yes
223,MI0410,Allegan District Library,Southwest Michigan Library Cooperative,"Class 4: Serve 12,000-25,999",District,Yes,Yes,120,No,0,No,No,0,Yes,Yes,Yes,20,962,0,0.0,0.0,0.0,0.0,0.0,20.0,3245.0,Yes,Yes,232,Yes,841.0,Estimated,Yes,Yes,No,No
224,MI0015,Auburn Hills Public Library,The Library Network,"Class 4: Serve 12,000-25,999",City,Yes,Yes,50,Yes,20,No,No,0,No,Yes,Yes,14,190,0,0.0,2.0,80.0,2.0,311.0,185.0,1354.0,No,No,0,Yes,14245.0,Counted,Yes,No,Yes,Yes
225,MI0017,Bacon Memorial District Library,The Library Network,"Class 4: Serve 12,000-25,999",District,Yes,Yes,42,No,1041,No,No,0,Yes,No,No,0,0,0,0.0,0.0,0.0,0.0,0.0,0.0,0.0,Yes,Yes,89,Yes,5117.0,Counted,Yes,Yes,No,Yes
226,MI0027,Benton Harbor Public Library,Southwest Michigan Library Cooperative,"Class 4: Serve 12,000-25,999",City,Yes,Yes,614,No,0,No,Yes,0,Yes,No,No,0,0,0,0.0,0.0,0.0,0.0,0.0,1.0,105.0,Yes,No,0,Yes,26913.0,Estimated,Yes,Yes,No,Yes
227,MI0030,Berkley Public Library,The Library Network,"Class 4: Serve 12,000-25,999",City,Yes,Yes,20,No,0,No,No,0,Yes,Yes,No,3,41,0,0.0,5.0,10.0,0.0,0.0,0.0,0.0,Yes,No,0,Yes,8174.0,Counted,Yes,Yes,No,Yes
228,MI0035,Big Rapids Community Library,Mid-Michigan Library League,"Class 4: Serve 12,000-25,999",City,Yes,Yes,160,No,0,No,No,0,Yes,No,No,0,0,0,0.0,0.0,0.0,0.0,0.0,0.0,0.0,Yes,No,DNR,Yes,5289.0,Counted,Yes,Yes,No,Yes
229,MI0040,Brandon Township Public Library,The Library Network,"Class 4: Serve 12,000-25,999",Township,Yes,Yes,384,No,0,No,No,0,Yes,Yes,Yes,114,3598,11,49.0,13.0,295.0,4.0,47.0,59.0,41502.0,No,No,DNR,Yes,16331.0,Counted,No,No,No,Yes
230,MI0041,Bridgeport Public Library,White Pine Library Cooperative,"Class 4: Serve 12,000-25,999",Township,Yes,Yes,50,Yes,50,No,No,0,Yes,Yes,No,28,966,0,0.0,0.0,0.0,0.0,0.0,0.0,0.0,Yes,No,0,Yes,8541.0,Estimated,Yes,Yes,No,No
231,MI0026,Briggs District Library,White Pine Library Cooperative,"Class 4: Serve 12,000-25,999",District,Yes,Yes,107,Yes,3264,No,Yes,17835,Yes,Yes,Yes,14,45,0,0.0,0.0,0.0,0.0,0.0,70.0,2214.0,Yes,Yes,15,Yes,4382.0,Counted,Yes,Yes,No,Yes
232,MI0059,Charles A. Ransom District Library,Southwest Michigan Library Cooperative,"Class 4: Serve 12,000-25,999",District,Yes,Yes,640,No,350,No,No,0,Yes,Yes,Yes,28,233,4,28.0,0.0,0.0,0.0,0.0,0.0,0.0,Yes,No,DNR,Yes,3500.0,Estimated,Yes,Yes,No,Yes
233,MI0061,Charlotte Community Library,Woodlands Library Cooperative,"Class 4: Serve 12,000-25,999",District,Yes,Yes,19,No,0,No,Yes,37988,Yes,Yes,Yes,29,190,7,29.0,0.0,0.0,13.0,169.0,43.0,2150.0,Yes,No,DNR,Yes,5523.0,Estimated,Yes,Yes,No,Yes
234,MI0063,Cheboygan Area Public Library,Northland Library Cooperative,"Class 4: Serve 12,000-25,999",District,Yes,No,45,No,33,No,No,0,Yes,No,Yes,0,0,0,0.0,0.0,0.0,0.0,0.0,3.0,1.0,No,No,0,No,0.0,Estimated,Yes,Yes,Yes,Yes
235,MI0223,Chelsea District Library,The Library Network,"Class 4: Serve 12,000-25,999",District,Yes,Yes,1160,No,0,No,No,0,Yes,Yes,Yes,93,1279,29,162.0,30.0,883.0,11.0,176.0,116.0,2484.0,Yes,Yes,197,Yes,28847.0,Counted,Yes,Yes,No,Yes
236,MI0067,Coloma Public Library,Southwest Michigan Library Cooperative,"Class 4: Serve 12,000-25,999",District,Yes,Yes,166,No,0,No,Yes,17489,Yes,Yes,Yes,2,17,0,0.0,1.0,43.0,0.0,0.0,0.0,0.0,Yes,No,0,Yes,6163.0,Counted,Yes,Yes,No,Yes
237,MI0070,Comstock Township Library,Southwest Michigan Library Cooperative,"Class 4: Serve 12,000-25,999",Township,Yes,Yes,400,No,211,No,Yes,2500,Yes,Yes,Yes,19,3371,0,0.0,5.0,75.0,0.0,0.0,3.0,39535.0,Yes,Yes,30,Yes,15291.0,Counted,No,No,No,Yes
238,MI0074,Crawford County Library,Superiorland Library Cooperative,"Class 4: Serve 12,000-25,999",County,Yes,No,0,No,0,No,No,0,No,No,No,0,0,0,0.0,0.0,0.0,0.0,0.0,0.0,0.0,Yes,No,0,No,1689.0,Counted,Yes,No,No,No
239,MI0106,DeWitt District Library,Woodlands Library Cooperative,"Class 4: Serve 12,000-25,999",District,Yes,No,1440,Yes,32,No,No,0,Yes,Yes,Yes,6,140,8,11.0,8.0,32.0,0.0,0.0,59.0,15027.0,Yes,Yes,645,Yes,7432.0,Counted,Yes,No,No,Yes
240,MI0084,Dexter District Library,The Library Network,"Class 4: Serve 12,000-25,999",District,Yes,Yes,752,No,0,No,No,0,Yes,Yes,Yes,31,958,11,369.0,16.0,206.0,8.0,177.0,17.0,369.0,Yes,Yes,819,Yes,14140.0,Counted,Yes,No,No,Yes
241,MI0087,Dowagiac District Library,Southwest Michigan Library Cooperative,"Class 4: Serve 12,000-25,999",District,Yes,Yes,732,No,0,No,No,0,Yes,Yes,Yes,25,229,0,0.0,5.0,13.0,0.0,0.0,52.0,2259.0,Yes,No,0,Yes,1848.0,Counted,Yes,Yes,Yes,Yes
242,MI0094,Eaton Rapids Area District Library,Woodlands Library Cooperative,"Class 4: Serve 12,000-25,999",District,Yes,Yes,300,No,0,No,No,0,Yes,Yes,Yes,14,49,1,2.0,26.0,29.0,6.0,11.0,41.0,687.0,Yes,Yes,27,Yes,5037.0,Counted,Yes,Yes,No,Yes
243,MI0101,Escanaba Public Library,Superiorland Library Cooperative,"Class 4: Serve 12,000-25,999",City,Yes,Yes,901,No,0,No,No,0,Yes,Yes,Yes,0,0,0,0.0,1.0,28.0,0.0,0.0,14.0,6308.0,Yes,No,0,Yes,3078.0,Estimated,No,Yes,No,Yes
244,MI0107,Fennville District Library,Lakeland Library Cooperative,"Class 4: Serve 12,000-25,999",District,Yes,Yes,127,No,0,No,Yes,25000,Yes,Yes,Yes,1,123,0,0.0,0.0,0.0,0.0,0.0,134.0,8621.0,Yes,No,0,Yes,3506.0,Estimated,Yes,Yes,No,No
245,MI0108,Ferndale Area District Library,The Library Network,"Class 4: Serve 12,000-25,999",District,Yes,Yes,855,No,0,No,No,0,Yes,Yes,Yes,47,458,2,19.0,8.0,158.0,0.0,0.0,55.0,6248.0,Yes,Yes,58,Yes,20018.0,Estimated,Yes,Yes,No,Yes
246,MI0133,Flat River Community Library,Lakeland Library Cooperative,"Class 4: Serve 12,000-25,999",District,Yes,Yes,588,No,0,No,Yes,30000,Yes,Yes,Yes,19,194,8,121.0,4.0,86.0,0.0,0.0,2.0,124.0,Yes,No,0,Yes,7536.0,Counted,Yes,Yes,No,Yes
247,MI0421,Flat Rock Public Library,The Library Network,"Class 4: Serve 12,000-25,999",City,Yes,Yes,50,Yes,1932,No,No,0,Yes,Yes,Yes,1,150,0,0.0,0.0,0.0,0.0,0.0,0.0,0.0,Yes,No,0,Yes,6300.0,Estimated,Yes,Yes,No,No
248,MI0113,Fowlerville District Library,The Library Network,"Class 4: Serve 12,000-25,999",District,Yes,Yes,149,No,0,No,No,0,Yes,Yes,Yes,22,221,8,0.0,27.0,103.0,1.0,0.0,9.0,288.0,No,No,0,Yes,1464.0,Counted,Yes,Yes,No,No
249,MI0116,Fraser Public Library,Suburban Library Cooperative,"Class 4: Serve 12,000-25,999",City,Yes,Yes,756,No,0,No,No,0,Yes,Yes,Yes,49,326,1,0.0,8.0,36.0,2.0,57.0,63.0,7420.0,Yes,No,0,Yes,11461.0,Counted,Yes,Yes,No,Yes
250,MI0118,Fremont Area District Library,Lakeland Library Cooperative,"Class 4: Serve 12,000-25,999",District,Yes,Yes,200,No,0,No,No,0,No,Yes,Yes,1,4,0,0.0,7.0,35.0,0.0,0.0,97.0,485.0,No,No,0,Yes,8743.0,Estimated,Yes,Yes,No,No
251,MI9022,Fruitport District Library,Lakeland Library Cooperative,"Class 4: Serve 12,000-25,999",District,Yes,Yes,56,Yes,350,No,No,0,No,No,No,0,0,0,0.0,0.0,0.0,0.0,0.0,0.0,0.0,Yes,No,0,Yes,3692.0,Counted,Yes,Yes,Yes,Yes
252,MI0127,Gladwin County District Library,White Pine Library Cooperative,"Class 4: Serve 12,000-25,999",District,Yes,Yes,1768,No,0,No,No,0,No,No,Yes,0,0,0,0.0,0.0,0.0,0.0,0.0,38.0,19409.0,Yes,No,0,Yes,4420.0,Counted,Yes,Yes,No,Yes
253,MI0130,Grand Ledge Area District Library,Woodlands Library Cooperative,"Class 4: Serve 12,000-25,999",District,Yes,Yes,798,No,0,No,No,0,Yes,Yes,Yes,46,241,0,0.0,0.0,0.0,3.0,41.0,82.0,2149.0,Yes,Yes,39,Yes,4365.0,Estimated,Yes,No,Yes,Yes
254,MI0137,Hamburg Township Library,The Library Network,"Class 4: Serve 12,000-25,999",Township,Yes,Yes,672,No,0,No,No,0,Yes,No,No,0,0,0,0.0,0.0,0.0,0.0,0.0,0.0,0.0,Yes,No,0,Yes,196.0,Estimated,Yes,Yes,No,Yes
255,MI0138,Hamtramck Public Library,The Library Network,"Class 4: Serve 12,000-25,999",City,Yes,Yes,240,Yes,720,No,No,0,Yes,No,No,0,0,0,0.0,0.0,0.0,0.0,0.0,0.0,0.0,Yes,Yes,35,Yes,25000.0,Estimated,Yes,Yes,Yes,Yes
256,MI0141,Harper Woods Public Library,Suburban Library Cooperative,"Class 4: Serve 12,000-25,999",City,Yes,Yes,576,No,0,No,No,0,No,Yes,Yes,2,8,0,0.0,0.0,0.0,0.0,0.0,5.0,12.0,Yes,No,0,Yes,8395.0,Counted,Yes,No,No,No
257,MI0142,Harrison District Library,Mideastern Michigan Library Cooperative,"Class 4: Serve 12,000-25,999",District,Yes,Yes,77,Yes,120,No,No,0,No,Yes,Yes,60,561,9,134.0,2.0,45.0,0.0,0.0,0.0,69.0,Yes,Yes,15,Yes,1420.0,Counted,Yes,Yes,No,No
258,MI0435,Harrison Township Public Library,Suburban Library Cooperative,"Class 4: Serve 12,000-25,999",Township,Yes,Yes,44,Yes,240,No,No,0,Yes,Yes,Yes,1,9,0,0.0,24.0,104.0,0.0,0.0,56.0,4019.0,Yes,No,0,Yes,4504.0,Counted,Yes,Yes,No,Yes
259,MI0145,Hastings Public Library,Lakeland Library Cooperative,"Class 4: Serve 12,000-25,999",City,Yes,Yes,96,No,0,No,No,0,No,Yes,Yes,10,5000,0,0.0,2.0,9.0,0.0,0.0,2.0,672.0,Yes,Yes,64,Yes,8000.0,Estimated,Yes,Yes,No,Yes
260,MI0146,Hazel Park Memorial District Library,The Library Network,"Class 4: Serve 12,000-25,999",District,Yes,Yes,360,No,64,No,No,0,Yes,Yes,Yes,35,346,0,0.0,5.0,35.0,3.0,56.0,43.0,437.0,Yes,No,0,Yes,4294.0,Counted,Yes,Yes,No,Yes
261,MI0152,Highland Township Public Library,The Library Network,"Class 4: Serve 12,000-25,999",Township,Yes,Yes,0,No,0,No,Yes,0,Yes,Yes,Yes,12,220,40,132.0,29.0,292.0,0.0,0.0,12.0,459.0,Yes,No,0,Yes,18404.0,Counted,Yes,Yes,No,Yes
262,MI0153,Holly Township Library,Mideastern Michigan Library Cooperative,"Class 4: Serve 12,000-25,999",Township,Yes,Yes,12,No,0,No,No,0,No,Yes,Yes,9,506,0,0.0,0.0,0.0,0.0,0.0,0.0,0.0,No,No,0,Yes,1392.0,Estimated,Yes,Yes,No,Yes
263,MI0158,Houghton Lake Public Library,White Pine Library Cooperative,"Class 4: Serve 12,000-25,999",District,Yes,Yes,70,No,0,No,No,0,Yes,Yes,Yes,1,3,0,0.0,3.0,25.0,0.0,0.0,29.0,8541.0,Yes,No,0,No,2210.0,Estimated,Yes,Yes,No,Yes
264,MI0378,Howard Miller Library,Lakeland Library Cooperative,"Class 4: Serve 12,000-25,999",City,Yes,Yes,180,No,0,No,No,0,Yes,Yes,Yes,1,25,0,0.0,5.0,200.0,0.0,0.0,15.0,228.0,No,Yes,363,Yes,21242.0,Counted,Yes,Yes,No,Yes
265,MI0136,Ionia Community Library,Lakeland Library Cooperative,"Class 4: Serve 12,000-25,999",District,Yes,Yes,40,No,0,No,No,0,Yes,Yes,Yes,55,9509,8,71.0,5.0,24.0,2.0,289.0,55.0,9509.0,Yes,No,0,Yes,40865.0,Counted,Yes,Yes,No,Yes
266,MI0173,Ishpeming Carnegie Public Library,Superiorland Library Cooperative,"Class 4: Serve 12,000-25,999",City,Yes,Yes,794,Yes,820,No,No,0,Yes,Yes,Yes,17,191,0,0.0,0.0,0.0,0.0,0.0,13.0,5451.0,Yes,No,0,Yes,7280.0,DNR,Yes,Yes,No,Yes
267,MI0181,Kalkaska County Library,Northland Library Cooperative,"Class 4: Serve 12,000-25,999",County,Yes,No,0,No,0,No,No,0,No,No,No,0,0,0,0.0,0.0,0.0,0.0,0.0,0.0,0.0,No,No,DNR,No,11128.0,Estimated,Yes,No,Yes,No
268,MI0431,Leanna Hicks Public Library of Inkster,The Library Network,"Class 4: Serve 12,000-25,999",City,Yes,Yes,0,No,0,No,No,0,Yes,Yes,Yes,2,25,0,0.0,2.0,6.0,0.0,0.0,4.0,112.0,Yes,No,0,Yes,1386.0,Counted,Yes,No,No,Yes
269,MI0198,Lincoln Township Public Library,Southwest Michigan Library Cooperative,"Class 4: Serve 12,000-25,999",Township,Yes,Yes,580,No,0,No,No,0,Yes,Yes,Yes,12,249,12,258.0,30.0,2219.0,0.0,0.0,17.0,2066.0,Yes,Yes,5,Yes,3981.0,Counted,Yes,Yes,No,Yes
270,MI0204,Lyon Township Public Library,The Library Network,"Class 4: Serve 12,000-25,999",Township,Yes,Yes,1096,No,0,No,No,0,Yes,Yes,Yes,34,410,6,27.0,34.0,634.0,0.0,0.0,90.0,2822.0,Yes,Yes,110,Yes,9091.0,Estimated,Yes,Yes,No,Yes
271,MI0242,MacDonald Public Library,Suburban Library Cooperative,"Class 4: Serve 12,000-25,999",City,Yes,Yes,490,Yes,17,No,No,0,Yes,Yes,Yes,38,461,0,0.0,5.0,29.0,0.0,0.0,53.0,4976.0,Yes,No,0,Yes,2819.0,Counted,Yes,Yes,No,No
272,MI0213,Manistee County Library,Mid-Michigan Library League,"Class 4: Serve 12,000-25,999",County,Yes,Yes,2706,Yes,5050,No,Yes,30000,No,Yes,Yes,3,39,1,10.0,2.0,13.0,0.0,0.0,138.0,4317.0,Yes,Yes,56,Yes,1872.0,Estimated,Yes,Yes,No,Yes
273,MI0218,Marshall District Library,Woodlands Library Cooperative,"Class 4: Serve 12,000-25,999",District,Yes,Yes,155,No,0,No,No,0,Yes,Yes,No,14,109,6,57.0,15.0,109.0,0.0,0.0,22.0,3012.0,Yes,Yes,128,Yes,21676.0,Counted,Yes,Yes,No,Yes
274,MI0220,Maud Preston Palenske Memorial Library,Southwest Michigan Library Cooperative,"Class 4: Serve 12,000-25,999",City,Yes,Yes,150,No,0,No,No,0,Yes,No,No,0,0,0,0.0,0.0,0.0,0.0,0.0,0.0,0.0,Yes,No,0,Yes,14718.0,Counted,Yes,Yes,No,Yes
275,MI0226,Menominee County Library,Superiorland Library Cooperative,"Class 4: Serve 12,000-25,999",County,Yes,Yes,326,Yes,1925,No,No,0,Yes,No,No,0,0,0,0.0,0.0,0.0,0.0,0.0,0.0,0.0,Yes,No,0,Yes,1836.0,Counted,Yes,Yes,Yes,Yes
276,MI0228,Milan Public Library,Woodlands Library Cooperative,"Class 4: Serve 12,000-25,999",City,Yes,Yes,36,No,18,No,No,0,Yes,Yes,Yes,36,997,4,13.0,12.0,478.0,0.0,0.0,10.0,121.0,Yes,Yes,156,Yes,3512.0,Estimated,Yes,Yes,No,Yes
277,MI0229,Milford Public Library,The Library Network,"Class 4: Serve 12,000-25,999",Township,Yes,Yes,880,No,0,No,No,0,Yes,Yes,Yes,11,213,71,13.0,2.0,31.0,0.0,0.0,8.0,3708.0,Yes,No,0,Yes,23523.0,Counted,Yes,Yes,No,Yes
278,MI0231,Missaukee District Library,Mid-Michigan Library League,"Class 4: Serve 12,000-25,999",District,Yes,No,0,No,104,No,No,0,No,No,No,6,110,0,0.0,0.0,0.0,0.0,0.0,0.0,0.0,Yes,Yes,70,Yes,1300.0,Estimated,Yes,Yes,No,No
279,MI0237,Mount Clemens Public Library,Suburban Library Cooperative,"Class 4: Serve 12,000-25,999",District,Yes,Yes,616,No,896,No,No,0,Yes,Yes,Yes,0,0,0,0.0,29.0,487.0,0.0,0.0,15.0,2000.0,Yes,Yes,74,Yes,6100.0,Estimated,Yes,Yes,No,Yes
280,MI0245,Niles District Library,Southwest Michigan Library Cooperative,"Class 4: Serve 12,000-25,999",District,Yes,Yes,120,No,0,No,No,0,Yes,No,Yes,0,0,0,0.0,0.0,0.0,0.0,0.0,156.0,28457.0,Yes,No,0,Yes,24669.0,Counted,No,Yes,No,No
281,MI0253,Ogemaw District Library,White Pine Library Cooperative,"Class 4: Serve 12,000-25,999",District,Yes,Yes,196,Yes,2043,No,Yes,18567,Yes,No,Yes,0,0,0,0.0,0.0,0.0,0.0,0.0,3.0,25.0,Yes,No,0,Yes,7201.0,Estimated,Yes,Yes,No,No
282,MI0258,Otsego County Library,Northland Library Cooperative,"Class 4: Serve 12,000-25,999",County,Yes,Yes,345,Yes,3038,No,No,0,Yes,No,No,0,0,0,0.0,5.0,12.0,0.0,0.0,0.0,0.0,Yes,Yes,16,Yes,9602.0,Estimated,Yes,Yes,No,Yes
283,MI0259,Otsego District Public Library,Southwest Michigan Library Cooperative,"Class 4: Serve 12,000-25,999",District,Yes,Yes,180,Yes,45,No,Yes,40000,Yes,Yes,Yes,0,0,7,20.0,0.0,0.0,0.0,0.0,54.0,43216.0,Yes,Yes,0,Yes,2912.0,Estimated,No,Yes,No,Yes
284,MI0262,Oxford Public Library,The Library Network,"Class 4: Serve 12,000-25,999",Township,Yes,Yes,0,No,0,No,No,0,Yes,Yes,Yes,7,1061,1,34.0,5.0,129.0,8.0,70.0,56.0,1703.0,No,No,0,Yes,9964.0,Counted,Yes,Yes,No,No
285,MI0265,Paw Paw District Library,Southwest Michigan Library Cooperative,"Class 4: Serve 12,000-25,999",District,Yes,Yes,252,Yes,500,No,No,0,Yes,Yes,Yes,49,783,8,32.0,29.0,79.0,8.0,68.0,62.0,1008.0,Yes,Yes,157,Yes,2800.0,Estimated,No,Yes,No,Yes
286,MI0269,Petoskey District Library,Northland Library Cooperative,"Class 4: Serve 12,000-25,999",District,Yes,Yes,484,Yes,15,No,No,0,Yes,Yes,No,2,22,25,178.0,6.0,34.0,4.0,32.0,25.0,1535.0,Yes,Yes,67,Yes,6000.0,Estimated,Yes,Yes,No,Yes
287,MI0276,Portage Lake District Library,Superiorland Library Cooperative,"Class 4: Serve 12,000-25,999",District,Yes,Yes,137,No,0,No,Yes,15000,Yes,Yes,Yes,106,1200,10,100.0,25.0,500.0,0.0,0.0,200.0,10000.0,Yes,Yes,250,Yes,4750.0,Estimated,No,Yes,No,Yes
288,MI0278,Portland District Library,Woodlands Library Cooperative,"Class 4: Serve 12,000-25,999",District,Yes,Yes,104,Yes,3180,No,Yes,10000,No,No,No,0,0,0,0.0,0.0,0.0,0.0,0.0,0.0,0.0,Yes,No,0,Yes,4851.0,Estimated,No,No,No,No
289,MI0279,Presque Isle District Library,Northland Library Cooperative,"Class 4: Serve 12,000-25,999",District,Yes,Yes,350,Yes,2340,No,No,0,Yes,Yes,Yes,2,72,0,0.0,0.0,0.0,0.0,0.0,81.0,5912.0,No,Yes,879,Yes,6771.0,Counted,Yes,No,No,Yes
290,MI0292,Riverview Veterans Memorial Library,The Library Network,"Class 4: Serve 12,000-25,999",City,Yes,Yes,34,Yes,16,No,No,0,No,Yes,Yes,0,0,0,0.0,0.0,0.0,0.0,0.0,2.0,10.0,No,No,0,Yes,4922.0,Estimated,Yes,Yes,No,Yes
291,MI0315,Salem-South Lyon District Library,The Library Network,"Class 4: Serve 12,000-25,999",District,Yes,Yes,119,No,0,No,Yes,18000,Yes,Yes,Yes,1,3,2,14.0,19.0,132.0,0.0,0.0,130.0,9934.0,Yes,Yes,19,Yes,18233.0,Counted,Yes,Yes,No,Yes
292,MI0355,Spring Lake District Library,Lakeland Library Cooperative,"Class 4: Serve 12,000-25,999",District,Yes,No,0,No,0,No,No,0,No,No,No,0,0,0,0.0,0.0,0.0,0.0,0.0,0.0,0.0,Yes,Yes,0,No,18148.0,Estimated,No,Yes,No,Yes
293,MI0319,Springfield Township Library,The Library Network,"Class 4: Serve 12,000-25,999",Township,Yes,Yes,681,No,0,No,No,0,Yes,Yes,Yes,1,61,11,39.0,1.0,17.0,0.0,0.0,26.0,1850.0,Yes,No,DNR,Yes,1613.0,Counted,Yes,Yes,No,No
294,MI0326,Sturgis District Library,Southwest Michigan Library Cooperative,"Class 4: Serve 12,000-25,999",District,Yes,Yes,234,No,0,No,No,0,No,Yes,No,41,1005,0,0.0,0.0,0.0,0.0,0.0,0.0,15170.0,Yes,No,0,Yes,2200.0,Estimated,Yes,Yes,No,No
295,MI0333,Tecumseh District Library,Woodlands Library Cooperative,"Class 4: Serve 12,000-25,999",District,Yes,Yes,528,No,0,No,No,0,Yes,Yes,Yes,4,621,2,6.0,26.0,1920.0,0.0,0.0,2.0,153.0,Yes,Yes,53,Yes,13350.0,Counted,Yes,Yes,No,No
296,MI0338,Thornapple Kellogg School and Community Library,Lakeland Library Cooperative,"Class 4: Serve 12,000-25,999",School District,Yes,Yes,268,Yes,143,No,No,0,No,No,No,0,0,0,0.0,1.0,5.0,0.0,0.0,0.0,0.0,Yes,No,0,Yes,1011.0,Estimated,Yes,Yes,No,Yes
297,MI0340,Three Rivers Public Library,Southwest Michigan Library Cooperative,"Class 4: Serve 12,000-25,999",City,Yes,Yes,609,Yes,2418,No,No,0,No,Yes,Yes,6,25,2,10.0,1.0,40.0,2.0,10.0,9.0,52.0,Yes,No,0,Yes,15777.0,Counted,Yes,No,No,Yes
298,MI0349,Vicksburg District Library,Southwest Michigan Library Cooperative,"Class 4: Serve 12,000-25,999",District,Yes,Yes,325,No,0,No,No,0,No,Yes,Yes,33,813,6,69.0,18.0,462.0,0.0,0.0,0.0,0.0,Yes,No,0,Yes,3330.0,Counted,No,No,No,No
299,MI0403,Wayne Public Library,The Library Network,"Class 4: Serve 12,000-25,999",City,Yes,Yes,526,No,0,No,No,0,Yes,Yes,Yes,3,12,4,0.0,11.0,94.0,0.0,0.0,34.0,312.0,Yes,No,0,Yes,9563.0,Counted,Yes,Yes,No,Yes
300,MI0374,Wixom Public Library,The Library Network,"Class 4: Serve 12,000-25,999",City,Yes,Yes,269,No,0,No,No,0,Yes,Yes,Yes,38,847,2,8.0,13.0,87.0,0.0,0.0,21.0,456.0,Yes,Yes,42,Yes,3542.0,Counted,Yes,Yes,No,Yes
301,MI9017,Allen Park Public Library,The Library Network,"Class 5: Serve 26,000-49,999",City,Yes,Yes,76,Yes,268,No,No,0,Yes,Yes,Yes,5,38,0,0.0,4.0,125.0,0.0,0.0,28.0,1957.0,Yes,No,0,Yes,51725.0,Estimated,Yes,Yes,No,Yes
302,MI0411,Allendale Township Library,Lakeland Library Cooperative,"Class 5: Serve 26,000-49,999",Township,Yes,Yes,1036,Yes,1217,No,No,0,Yes,Yes,Yes,8,52,0,0.0,0.0,0.0,0.0,0.0,24.0,1258.0,Yes,Yes,42,Yes,3021.0,Estimated,Yes,No,No,Yes
303,MI0414,Alpena County Library,Superiorland Library Cooperative,"Class 5: Serve 26,000-49,999",County,Yes,Yes,1012,No,0,No,No,0,Yes,Yes,Yes,17,212,8,42.0,24.0,604.0,0.0,0.0,22.0,889.0,Yes,Yes,1,Yes,1686.0,Counted,Yes,Yes,No,Yes
304,MI0019,Baldwin Public Library,The Library Network,"Class 5: Serve 26,000-49,999",City,Yes,Yes,420,No,0,No,No,0,Yes,Yes,Yes,16,256,18,183.0,114.0,1927.0,181.0,2553.0,128.0,4460.0,Yes,No,0,Yes,30044.0,Estimated,Yes,No,No,Yes
305,MI0430,Belleville Area District Library,The Library Network,"Class 5: Serve 26,000-49,999",District,Yes,Yes,231,No,0,No,No,0,Yes,Yes,Yes,6,66,0,0.0,3.0,29.0,0.0,0.0,35.0,436.0,Yes,No,0,Yes,16766.0,Counted,Yes,Yes,No,Yes
306,MI0037,Bloomfield Township Public Library,The Library Network,"Class 5: Serve 26,000-49,999",Township,Yes,Yes,0,No,0,No,No,0,Yes,No,No,0,0,0,0.0,0.0,0.0,0.0,0.0,0.0,0.0,No,No,DNR,Yes,48103.0,Estimated,No,No,Yes,Yes
307,MI0039,Branch District Library,Woodlands Library Cooperative,"Class 5: Serve 26,000-49,999",District,Yes,Yes,360,No,0,No,No,0,Yes,Yes,Yes,0,0,0,0.0,0.0,0.0,0.0,0.0,275.0,32064.0,Yes,No,DNR,Yes,21320.0,Counted,Yes,Yes,No,No
308,MI0043,Brighton District Library,The Library Network,"Class 5: Serve 26,000-49,999",District,Yes,Yes,320,No,0,No,No,0,Yes,Yes,Yes,34,499,29,129.0,32.0,361.0,0.0,0.0,51.0,899.0,Yes,Yes,207,No,24395.0,Counted,Yes,Yes,No,Yes
309,MI0049,Cadillac-Wexford County Public Library,Mid-Michigan Library League,"Class 5: Serve 26,000-49,999",County,Yes,Yes,1180,No,0,No,No,0,Yes,Yes,Yes,3,41,2,10.0,3.0,36.0,5.0,26.0,18.0,841.0,Yes,No,0,Yes,13595.0,Counted,Yes,Yes,No,Yes
310,MI0055,Cass District Library,Southwest Michigan Library Cooperative,"Class 5: Serve 26,000-49,999",District,Yes,Yes,258,No,0,No,Yes,15453,Yes,No,Yes,0,0,0,0.0,0.0,0.0,0.0,0.0,15.0,1189.0,Yes,No,0,No,7983.0,Estimated,Yes,Yes,No,Yes
311,MI0416,Chesterfield Township Library,Suburban Library Cooperative,"Class 5: Serve 26,000-49,999",Township,Yes,Yes,600,Yes,3653,No,Yes,12500,Yes,Yes,Yes,0,0,1,6.0,12.0,88.0,33.0,5289.0,21.0,3766.0,Yes,Yes,104,Yes,10515.0,Counted,Yes,Yes,Yes,Yes
312,MI0166,Clarkston Independence District Library,The Library Network,"Class 5: Serve 26,000-49,999",District,Yes,Yes,624,No,0,No,No,0,Yes,Yes,Yes,108,3088,1,30.0,18.0,161.0,0.0,0.0,46.0,2495.0,Yes,Yes,104,Yes,12970.0,Counted,Yes,Yes,No,Yes
313,MI0426,Commerce Township Community Library,The Library Network,"Class 5: Serve 26,000-49,999",Township,Yes,Yes,494,No,0,No,No,0,Yes,Yes,Yes,0,0,0,0.0,0.0,0.0,0.0,0.0,0.0,0.0,Yes,No,DNR,Yes,56746.0,Counted,No,Yes,No,Yes
314,MI0310,Community District Library,Mideastern Michigan Library Cooperative,"Class 5: Serve 26,000-49,999",District,Yes,No,40,No,0,No,No,0,Yes,Yes,Yes,13,100,4,35.0,0.0,0.0,1.0,12.0,12.0,150.0,No,Yes,5,No,9520.0,Counted,Yes,Yes,No,No
315,MI0075,Cromaine District Library,The Library Network,"Class 5: Serve 26,000-49,999",District,Yes,No,0,No,0,No,No,0,Yes,Yes,Yes,5,105,3,17.0,1.0,9.0,0.0,0.0,77.0,15457.0,No,Yes,337,Yes,20500.0,Estimated,Yes,Yes,Yes,Yes
316,MI9009,Delta Township District Library,Woodlands Library Cooperative,"Class 5: Serve 26,000-49,999",District,Yes,Yes,800,No,0,No,No,0,Yes,Yes,Yes,29,1384,4,7.0,14.0,105.0,0.0,0.0,0.0,0.0,Yes,Yes,192,Yes,21408.0,Estimated,Yes,No,Yes,Yes
317,MI0085,Dickinson County Library,Superiorland Library Cooperative,"Class 5: Serve 26,000-49,999",County,Yes,Yes,1504,Yes,216,No,No,0,Yes,Yes,Yes,0,0,1,22.0,0.0,0.0,0.0,0.0,117.0,11430.0,Yes,Yes,3,Yes,20470.0,Counted,Yes,Yes,No,Yes
318,MI0093,East Lansing Public Library,Woodlands Library Cooperative,"Class 5: Serve 26,000-49,999",City,Yes,Yes,300,Yes,1259,No,Yes,50000,Yes,Yes,Yes,30,643,77,315.0,13.0,232.0,6.0,804.0,27.0,63000.0,Yes,Yes,163,Yes,20000.0,Estimated,Yes,Yes,Yes,Yes
319,MI0092,Eastpointe Memorial Library,Suburban Library Cooperative,"Class 5: Serve 26,000-49,999",City,Yes,Yes,655,Yes,2044,No,No,0,Yes,Yes,Yes,0,0,0,0.0,9.0,29.0,9.0,90.0,20.0,4141.0,Yes,No,0,Yes,11213.0,Counted,Yes,Yes,No,No
320,MI0121,Garden City Public Library,The Library Network,"Class 5: Serve 26,000-49,999",City,Yes,Yes,468,No,0,No,No,0,Yes,Yes,Yes,19,76,0,0.0,0.0,0.0,0.0,0.0,21.0,1767.0,Yes,No,DNR,Yes,4300.0,Estimated,Yes,Yes,No,Yes
321,MI0124,Georgetown Township Public Library,Lakeland Library Cooperative,"Class 5: Serve 26,000-49,999",Township,Yes,No,0,No,0,No,No,0,No,No,No,0,0,0,0.0,0.0,0.0,0.0,0.0,0.0,0.0,No,No,0,No,108443.0,Estimated,No,No,Yes,No
322,MI0135,Hackley Public Library,Lakeland Library Cooperative,"Class 5: Serve 26,000-49,999",District,Yes,Yes,312,Yes,200,No,Yes,8000,Yes,Yes,Yes,37,12606,33,3912.0,96.0,36324.0,32.0,1166.0,20.0,10726.0,Yes,Yes,48,Yes,45023.0,Estimated,Yes,Yes,No,Yes
323,MI0171,Iosco-Arenac District Library,White Pine Library Cooperative,"Class 5: Serve 26,000-49,999",District,Yes,Yes,1368,Yes,2472,No,No,0,No,Yes,Yes,8,120,0,0.0,2.0,41.0,0.0,0.0,4.0,20.0,Yes,No,0,Yes,19422.0,Estimated,Yes,Yes,No,No
324,MI0195,Lenawee District Library,Woodlands Library Cooperative,"Class 5: Serve 26,000-49,999",District,Yes,No,0,No,0,No,No,0,No,No,No,0,0,0,0.0,0.0,0.0,0.0,0.0,0.0,0.0,No,No,0,No,8750.0,Estimated,No,No,No,No
325,MI9025,Lincoln Park Public Library,The Library Network,"Class 5: Serve 26,000-49,999",City,Yes,Yes,160,Yes,480,No,No,0,No,No,Yes,6,58,0,0.0,0.0,0.0,0.0,0.0,6.0,58.0,No,No,0,Yes,951.0,Counted,Yes,Yes,No,No
326,MI0201,Loutit District Library,Lakeland Library Cooperative,"Class 5: Serve 26,000-49,999",District,Yes,Yes,560,No,435,No,No,0,Yes,Yes,Yes,18,670,5,37.0,3.0,89.0,0.0,0.0,26.0,796.0,Yes,Yes,253,Yes,19413.0,Counted,Yes,Yes,No,Yes
327,MI0210,Madison Heights Public Library,The Library Network,"Class 5: Serve 26,000-49,999",City,Yes,Yes,1503,Yes,2674,No,No,0,Yes,Yes,Yes,0,0,0,0.0,3.0,47.0,0.0,0.0,0.0,0.0,No,Yes,0,Yes,5161.0,Estimated,Yes,No,No,Yes
328,MI0401,Mason County District Library,Mid-Michigan Library League,"Class 5: Serve 26,000-49,999",District,Yes,Yes,207,No,0,No,No,0,No,Yes,Yes,4,11,0,0.0,0.0,0.0,0.0,0.0,0.0,0.0,Yes,Yes,13,Yes,520.0,Estimated,Yes,Yes,No,Yes
329,MI0248,Northville District Library,The Library Network,"Class 5: Serve 26,000-49,999",District,Yes,Yes,1012,No,0,No,No,0,Yes,Yes,Yes,82,1608,34,552.0,80.0,1188.0,0.0,0.0,11.0,6208.0,Yes,Yes,95,Yes,18765.0,Counted,Yes,Yes,No,Yes
330,MI0251,Oak Park Public Library,The Library Network,"Class 5: Serve 26,000-49,999",City,Yes,Yes,35,Yes,17,No,No,0,No,Yes,Yes,4,150,12,76.0,28.0,159.0,39.0,1789.0,56.0,86.0,Yes,No,0,Yes,1852.0,Counted,Yes,Yes,No,Yes
331,MI0255,Orion Township Public Library,The Library Network,"Class 5: Serve 26,000-49,999",Township,Yes,Yes,1054,No,0,No,No,0,Yes,Yes,Yes,131,455,4,9.0,73.0,272.0,0.0,0.0,11.0,917.0,Yes,No,0,Yes,31928.0,Estimated,Yes,Yes,Yes,Yes
332,MI0268,Peter White Public Library,Superiorland Library Cooperative,"Class 5: Serve 26,000-49,999",City,Yes,Yes,495,No,0,No,Yes,41500,Yes,Yes,Yes,151,2184,11,60.0,39.0,367.0,0.0,0.0,75.0,703.0,Yes,No,0,Yes,18733.0,Counted,Yes,Yes,No,Yes
333,MI0273,Plymouth District Library,The Library Network,"Class 5: Serve 26,000-49,999",District,Yes,Yes,1,Yes,1,No,No,1,Yes,Yes,Yes,49,385,0,0.0,38.0,1173.0,66.0,601.0,0.0,0.0,Yes,No,0,Yes,48548.0,Counted,Yes,No,Yes,Yes
334,MI0402,Redford Township District Library,The Library Network,"Class 5: Serve 26,000-49,999",District,Yes,Yes,155,No,0,No,No,0,Yes,Yes,Yes,66,1562,5,58.0,14.0,351.0,0.0,0.0,9.0,84.0,Yes,Yes,15,Yes,19444.0,Counted,Yes,Yes,No,Yes
335,MI0294,Romeo District Library,Suburban Library Cooperative,"Class 5: Serve 26,000-49,999",District,Yes,Yes,240,No,0,No,No,0,Yes,No,Yes,0,0,0,0.0,0.0,0.0,0.0,0.0,9.0,1519.0,Yes,Yes,24,Yes,7319.0,Counted,Yes,Yes,No,Yes
336,MI0433,Romulus Public Library,The Library Network,"Class 5: Serve 26,000-49,999",City,Yes,Yes,72,Yes,2415,No,No,0,Yes,Yes,Yes,8,5808,0,0.0,0.0,0.0,0.0,0.0,62.0,5147.0,Yes,Yes,3,Yes,5554.0,Counted,Yes,Yes,No,Yes
337,MI0295,Roseville Public Library,Suburban Library Cooperative,"Class 5: Serve 26,000-49,999",City,Yes,Yes,608,No,0,No,No,0,Yes,Yes,Yes,20,46,1,0.0,21.0,127.0,0.0,0.0,37.0,4810.0,Yes,No,0,Yes,12747.0,Estimated,Yes,Yes,Yes,Yes
338,MI0300,Saline District Library,The Library Network,"Class 5: Serve 26,000-49,999",District,Yes,Yes,715,No,0,No,No,0,Yes,Yes,Yes,0,0,0,0.0,0.0,0.0,0.0,0.0,0.0,0.0,Yes,Yes,DNR,Yes,18959.0,Counted,Yes,Yes,No,Yes
339,MI0261,Shiawassee District Library,Mideastern Michigan Library Cooperative,"Class 5: Serve 26,000-49,999",District,Yes,Yes,600,No,0,No,No,DNR,Yes,Yes,No,1,0,0,0.0,0.0,0.0,0.0,0.0,0.0,59.0,Yes,No,0,Yes,6767.0,Estimated,Yes,Yes,No,Yes
340,MI0434,Southgate Veterans Memorial Library,The Library Network,"Class 5: Serve 26,000-49,999",City,Yes,Yes,91,Yes,4740,No,No,0,Yes,Yes,No,1,40,0,0.0,0.0,0.0,0.0,0.0,0.0,0.0,Yes,No,0,Yes,3264.0,Estimated,Yes,Yes,No,Yes
341,MI0022,Superior District Library,Superiorland Library Cooperative,"Class 5: Serve 26,000-49,999",District,Yes,No,0,No,0,No,No,0,Yes,Yes,No,15,1576,3,28.0,5.0,35.0,0.0,0.0,0.0,0.0,Yes,No,0,Yes,43680.0,Estimated,Yes,Yes,Yes,Yes
342,MI0345,Van Buren District Library,Southwest Michigan Library Cooperative,"Class 5: Serve 26,000-49,999",District,Yes,Yes,342,No,0,No,No,0,Yes,No,Yes,0,0,0,0.0,0.0,0.0,0.0,0.0,0.0,0.0,Yes,No,0,No,36982.0,Estimated,No,Yes,No,Yes
343,MI0366,White Lake Township Library,The Library Network,"Class 5: Serve 26,000-49,999",Township,Yes,Yes,972,Yes,500,No,No,0,Yes,Yes,Yes,43,213,11,40.0,23.0,368.0,44.0,730.0,11.0,87.0,Yes,No,0,Yes,13893.0,Counted,Yes,Yes,No,Yes
344,MI0012,Ann Arbor District Library,Non-member,"Class 6: Serve 50,000+",District,Yes,Yes,320,No,0,No,No,0,Yes,Yes,Yes,10,7666,30,3079.0,11.0,4555.0,0.0,0.0,254.0,108391.0,No,No,0,Yes,0.0,Estimated,Yes,Yes,No,Yes
345,MI0021,Bay County Library System,Mideastern Michigan Library Cooperative,"Class 6: Serve 50,000+",County,Yes,Yes,0,No,0,No,No,0,Yes,Yes,Yes,36,397,5,16.0,3.0,60.0,139.0,1140.0,67.0,3656.0,No,Yes,0,Yes,60458.0,Estimated,No,Yes,Yes,Yes
346,MI0052,Canton Public Library,The Library Network,"Class 6: Serve 50,000+",Township,Yes,Yes,0,No,0,No,No,0,Yes,Yes,Yes,21,789,1,62.0,31.0,401.0,0.0,0.0,0.0,0.0,No,No,0,Yes,57974.0,Counted,No,Yes,Yes,Yes
347,MI0424,Capital Area District Libraries,Mideastern Michigan Library Cooperative,"Class 6: Serve 50,000+",District,Yes,Yes,23394,No,0,No,No,0,Yes,Yes,Yes,0,0,0,0.0,0.0,0.0,2069.0,150951.0,29.0,17984.0,Yes,Yes,207,Yes,125000.0,Estimated,Yes,Yes,Yes,Yes
348,MI0348,Chippewa River District Library System,Mideastern Michigan Library Cooperative,"Class 6: Serve 50,000+",District,Yes,Yes,45,No,0,No,No,0,Yes,Yes,Yes,14,122,8,70.0,1.0,18.0,0.0,0.0,11.0,317.0,Yes,Yes,4,Yes,74713.0,Estimated,Yes,Yes,No,Yes
349,MI0397,Clinton-Macomb Public Library,Suburban Library Cooperative,"Class 6: Serve 50,000+",District,Yes,Yes,770,No,0,No,No,0,Yes,Yes,Yes,52,594,100,758.0,120.0,1221.0,0.0,0.0,64.0,27119.0,Yes,Yes,358,Yes,0.0,Estimated,Yes,Yes,No,Yes
350,MI0425,Dearborn Heights City Libraries,The Library Network,"Class 6: Serve 50,000+",City,Yes,Yes,910,No,0,Yes,No,0,Yes,Yes,Yes,27,105,12,62.0,50.0,251.0,0.0,0.0,515.0,34501.0,Yes,Yes,45,Yes,12621.0,Estimated,Yes,Yes,No,Yes
351,MI0078,Dearborn Public Library,The Library Network,"Class 6: Serve 50,000+",City,Yes,Yes,256,Yes,128,No,No,0,Yes,Yes,Yes,54,521,1,0.0,10.0,92.0,0.0,0.0,2.0,13417.0,Yes,Yes,72,Yes,30000.0,Estimated,Yes,Yes,No,No
352,MI0083,Detroit Public Library,Detroit Library Cooperative,"Class 6: Serve 50,000+",City,Yes,No,0,Yes,61600,No,Yes,3000000,Yes,Yes,Yes,18,529,8,227.0,29.0,700.0,3.0,73.0,215.0,0.0,Yes,Yes,178,Yes,379138.0,Counted,Yes,Yes,Yes,Yes
353,MI0105,Farmington Community Library,The Library Network,"Class 6: Serve 50,000+",District,Yes,Yes,1322,Yes,942,No,Yes,335067,Yes,Yes,Yes,65,950,30,480.0,106.0,950.0,11.0,988.0,59.0,4476.0,Yes,Yes,314,Yes,127247.0,Counted,No,Yes,No,Yes
354,MI0111,Flint Public Library,Mideastern Michigan Library Cooperative,"Class 6: Serve 50,000+",District,Yes,Yes,405,No,0,No,No,0,Yes,Yes,Yes,20,120,6,31.0,5.0,304.0,0.0,0.0,59.0,563.0,No,No,0,Yes,18675.0,Estimated,Yes,No,Yes,Yes
355,MI0123,Genesee District Library,Mideastern Michigan Library Cooperative,"Class 6: Serve 50,000+",District,Yes,No,0,No,0,No,No,0,No,Yes,Yes,15,1129,3,666.0,13.0,1849.0,1.0,375.0,19.0,6563.0,No,No,0,No,321535.0,Estimated,Yes,Yes,No,Yes
356,MI0129,Grace A. Dow Memorial Library,Mideastern Michigan Library Cooperative,"Class 6: Serve 50,000+",City,Yes,Yes,794,Yes,0,No,Yes,600000,Yes,No,No,0,0,0,0.0,0.0,0.0,0.0,0.0,0.0,0.0,Yes,No,0,Yes,34385.0,Counted,Yes,No,No,Yes
357,MI0131,Grand Rapids Public Library,Lakeland Library Cooperative,"Class 6: Serve 50,000+",City,Yes,Yes,600,No,0,No,No,0,Yes,Yes,Yes,0,0,4,1450.0,1.0,27.0,0.0,0.0,37.0,15101.0,Yes,No,0,Yes,74776.0,Estimated,Yes,Yes,No,Yes
358,MI0134,Grosse Pointe Public Library,The Library Network,"Class 6: Serve 50,000+",District,Yes,Yes,720,No,0,No,No,0,Yes,Yes,Yes,78,3745,2,10.0,47.0,1109.0,10.0,167.0,5.0,711.0,Yes,Yes,49,Yes,45077.0,Counted,Yes,Yes,Yes,Yes
359,MI0150,Herrick District Library,Lakeland Library Cooperative,"Class 6: Serve 50,000+",District,Yes,Yes,9517,No,0,No,No,0,Yes,Yes,Yes,15,241,6,9.0,5.0,143.0,0.0,0.0,19.0,1823.0,Yes,Yes,957,Yes,139672.0,Estimated,Yes,Yes,No,Yes
360,MI0160,Howell Carnegie District Library,The Library Network,"Class 6: Serve 50,000+",District,Yes,Yes,72,No,0,No,No,0,Yes,Yes,Yes,14,251,4,14.0,7.0,73.0,0.0,0.0,44.0,652.0,Yes,Yes,160,Yes,39890.0,Estimated,Yes,Yes,Yes,Yes
361,MI0175,Jackson District Library,Woodlands Library Cooperative,"Class 6: Serve 50,000+",District,Yes,Yes,13373,No,0,No,No,0,Yes,Yes,Yes,28,7103,4,897.0,29.0,1179.0,12.0,1987.0,73.0,11166.0,Yes,Yes,250,Yes,77467.0,Estimated,Yes,Yes,No,Yes
362,MI0180,Kalamazoo Public Library,Southwest Michigan Library Cooperative,"Class 6: Serve 50,000+",District,Yes,Yes,1320,No,24,No,Yes,77422,Yes,Yes,Yes,9,265,20,440.0,84.0,2127.0,0.0,0.0,118.0,23971.0,No,Yes,711,Yes,153342.0,Counted,Yes,No,No,Yes
363,MI0182,Kent District Library,Lakeland Library Cooperative,"Class 6: Serve 50,000+",District,Yes,Yes,10154,No,0,No,No,0,Yes,Yes,Yes,202,21337,53,4118.0,126.0,12276.0,616.0,139842.0,0.0,296944.0,Yes,Yes,1300,Yes,447372.0,Estimated,Yes,Yes,Yes,Yes
364,MI0190,Lapeer District Library,Mideastern Michigan Library Cooperative,"Class 6: Serve 50,000+",District,Yes,Yes,820,Yes,1260,No,No,0,Yes,Yes,Yes,1,8,3,5.0,0.0,0.0,0.0,0.0,78.0,193.0,Yes,No,0,No,8487.0,Counted,Yes,Yes,No,Yes
365,MI0200,Livonia Public Library,The Library Network,"Class 6: Serve 50,000+",City,Yes,Yes,1248,Yes,6624,No,No,0,Yes,Yes,Yes,18,519,2,16.0,15.0,221.0,0.0,0.0,37.0,3670.0,Yes,No,0,Yes,144275.0,Estimated,Yes,Yes,No,Yes
366,MI0233,Monroe County Library System,Woodlands Library Cooperative,"Class 6: Serve 50,000+",County,Yes,Yes,7278,Yes,5800,Yes,Yes,330500,Yes,Yes,Yes,48,11330,16,1853.0,51.0,377.0,55.0,2956.0,170.0,16516.0,Yes,No,0,Yes,21814.0,Counted,No,Yes,No,Yes
367,MI0240,Muskegon Area District Library,Lakeland Library Cooperative,"Class 6: Serve 50,000+",District,Yes,Yes,1504,No,0,No,No,0,Yes,Yes,Yes,5,131,7,33.0,7.0,759.0,19.0,759.0,59.0,6899.0,Yes,Yes,39,Yes,66946.0,Counted,Yes,Yes,Yes,Yes
368,MI0250,Novi Public Library,The Library Network,"Class 6: Serve 50,000+",City,Yes,Yes,119,No,0,No,No,0,Yes,Yes,Yes,20,453,9,133.0,7.0,44.0,55.0,2192.0,121.0,22296.0,No,Yes,0,No,88345.0,Estimated,Yes,No,No,Yes
369,MI0274,Pontiac Public Library,The Library Network,"Class 6: Serve 50,000+",City,Yes,Yes,9,No,0,Yes,No,0,Yes,Yes,Yes,368,1741,33,150.0,3.0,111.0,0.0,0.0,402.0,4929.0,Yes,Yes,14,Yes,14414.0,Counted,Yes,Yes,No,Yes
370,MI0277,Portage District Library,Southwest Michigan Library Cooperative,"Class 6: Serve 50,000+",District,Yes,Yes,415,No,0,No,No,0,Yes,Yes,Yes,30,240,15,46.0,41.0,497.0,0.0,0.0,150.0,40268.0,Yes,Yes,295,Yes,99617.0,Counted,No,Yes,No,Yes
371,MI0299,Public Libraries of Saginaw,Mideastern Michigan Library Cooperative,"Class 6: Serve 50,000+",District,Yes,Yes,0,Yes,10,No,No,0,Yes,Yes,Yes,0,0,0,0.0,0.0,0.0,0.0,0.0,25.0,378.0,No,No,0,Yes,103227.0,Estimated,Yes,Yes,No,Yes
372,MI0293,Rochester Hills Public Library,The Library Network,"Class 6: Serve 50,000+",City,Yes,Yes,400,Yes,245,No,Yes,65000,Yes,Yes,Yes,0,0,0,0.0,0.0,0.0,32.0,415.0,42.0,3672.0,Yes,Yes,71,Yes,0.0,Estimated,Yes,Yes,Yes,Yes
373,MI0296,Royal Oak Public Library,The Library Network,"Class 6: Serve 50,000+",City,Yes,Yes,1024,No,0,No,No,0,Yes,Yes,Yes,74,1953,4,51.0,28.0,501.0,0.0,0.0,35.0,17877.0,Yes,Yes,106,Yes,15952.0,Counted,No,No,No,Yes
374,MI0321,Saint Clair County Library System,The Library Network,"Class 6: Serve 50,000+",County,Yes,Yes,14568,Yes,20250,No,Yes,150000,Yes,Yes,Yes,37,3949,3,0.0,2.0,93.0,3.0,217.0,8.0,278.0,Yes,No,0,Yes,4874.0,Estimated,Yes,Yes,No,No
375,MI0322,Saint Clair Shores Public Library,Suburban Library Cooperative,"Class 6: Serve 50,000+",City,Yes,Yes,120,No,0,No,No,0,Yes,No,No,0,0,0,0.0,0.0,0.0,0.0,0.0,245.0,0.0,Yes,Yes,18,Yes,10626.0,Counted,Yes,Yes,No,Yes
376,MI0308,Shelby Township Library,Suburban Library Cooperative,"Class 6: Serve 50,000+",Township,Yes,No,0,No,0,No,No,0,No,No,No,0,0,0,0.0,0.0,0.0,0.0,0.0,0.0,0.0,No,No,0,No,27488.0,Counted,Yes,No,No,Yes
377,MI0316,Southfield Public Library,The Library Network,"Class 6: Serve 50,000+",City,Yes,No,0,Yes,0,No,No,0,No,Yes,Yes,-1,-1,-1,-1.0,-1.0,-1.0,-1.0,-1.0,-1.0,-1.0,No,No,DNR,Yes,58711.0,Counted,No,No,No,Yes
378,MI0325,Sterling Heights Public Library,Suburban Library Cooperative,"Class 6: Serve 50,000+",City,Yes,Yes,156,No,0,No,No,0,Yes,Yes,Yes,9,98,3,13.0,7.0,38.0,0.0,0.0,76.0,43084.0,Yes,Yes,DNR,No,42828.0,Counted,Yes,Yes,No,Yes
379,MI9024,Taylor Community Library,The Library Network,"Class 6: Serve 50,000+",City,Yes,Yes,652,No,0,No,No,0,Yes,Yes,Yes,24,594,0,0.0,11.0,60.0,7.0,65.0,1.0,22.0,Yes,No,DNR,Yes,14041.0,Counted,Yes,Yes,No,Yes
380,MI0342,Traverse Area District Library,Northland Library Cooperative,"Class 6: Serve 50,000+",District,Yes,Yes,53,No,2256,No,Yes,85000,Yes,Yes,Yes,128,1976,15,44.0,39.0,317.0,0.0,0.0,45.0,2151.0,Yes,Yes,8,Yes,64825.0,Counted,Yes,No,No,Yes
381,MI9020,Trenton Veteran\'s Memorial Library,The Library Network,"Class 6: Serve 50,000+",City,Yes,Yes,240,Yes,2232,No,No,0,Yes,Yes,Yes,17,2892,0,0.0,4.0,225.0,0.0,0.0,0.0,0.0,No,No,0,Yes,17804.0,Estimated,No,Yes,No,Yes
382,MI0343,Troy Public Library,Suburban Library Cooperative,"Class 6: Serve 50,000+",City,Yes,Yes,392,No,0,No,No,0,Yes,Yes,No,163,5497,35,532.0,25.0,729.0,1.0,5.0,0.0,0.0,Yes,No,0,Yes,43000.0,Estimated,Yes,Yes,No,Yes
383,MI0356,Warren Public Library,Suburban Library Cooperative,"Class 6: Serve 50,000+",City,Yes,Yes,368,Yes,6850,No,No,0,Yes,No,Yes,0,0,0,0.0,0.0,0.0,0.0,0.0,92.0,4122.0,No,No,0,Yes,34589.0,Counted,Yes,Yes,No,Yes
384,MI0358,Waterford Township Public Library,The Library Network,"Class 6: Serve 50,000+",Township,Yes,Yes,714,Yes,3248,No,Yes,45000,Yes,Yes,Yes,1,268,0,0.0,1.0,8.0,0.0,0.0,14.0,448.0,Yes,No,0,Yes,22301.0,Estimated,Yes,Yes,No,Yes
385,MI0362,West Bloomfield Township Public Library,The Library Network,"Class 6: Serve 50,000+",Township,Yes,Yes,1300,No,0,No,No,0,Yes,Yes,Yes,100,2997,2,17.0,17.0,247.0,0.0,0.0,164.0,2543.0,Yes,No,0,Yes,311130.0,Counted,No,No,No,Yes
386,MI0371,Willard Public Library,Southwest Michigan Library Cooperative,"Class 6: Serve 50,000+",District,Yes,Yes,575,Yes,7836,No,Yes,59951,Yes,Yes,Yes,119,2201,3,5.0,94.0,1686.0,0.0,0.0,20.0,2850.0,Yes,No,0,Yes,19433.0,Estimated,Yes,Yes,No,Yes
387,MI0415,William P. Faust Public Library of Westland,The Library Network,"Class 6: Serve 50,000+",City,Yes,No,0,Yes,9932,No,No,0,Yes,Yes,Yes,6,101,9,22.0,0.0,0.0,0.0,0.0,64.0,25199.0,No,Yes,157,Yes,31241.0,Counted,No,No,No,Yes
388,MI0377,Ypsilanti District Library,The Library Network,"Class 6: Serve 50,000+",District,Yes,Yes,1516,No,0,No,No,0,Yes,Yes,Yes,140,1247,21,90.0,227.0,2061.0,0.0,0.0,151.0,4037.0,Yes,Yes,17,Yes,25498.0,Counted,No,Yes,No,Yes
389,,,,,,,,,,,,,,,,,,,,,,,,,,,,,,,,,,,,
390,,,,,,,,,,,,,,,,,,,,,,,,,,,,,,,,,,,,
391,,Total Libraries Reporting (N),389,,,,,,,,,,,,,,,,,,,,,,,,,,,,,,,,,
392,,,,,,,,,,,,,,,,,,,,,,,,,,,,,,,,,,,,
393,,COVID YES/NO Responses % Answering Yes,Were any of the library's physical locations closed to the public for any period of time due to the Coronavirus (COVID-19) pandemic?,Did any staff continue to provide services to the public during any portion of the period when the building was physically closed due to the Coronavirus (COVID-19) pandemic?,Did the library have any temporary staffing reductions due to the COVID-19 Pandemic,Were library staff re-assigned to assist other government agencies or nonprofit organizations with Coronavirus (COVID-19) pandemic -related efforts?,Did your library experience budget reductions due to the COVID-19 Pandemic,Did the library add or increase access to electronic collections or eMaterials due to the Coronavirus (COVID-19) pandemic?,"Did the library provide live, virtual programs via the Internet during the Coronavirus (COVID-19) pandemic?",Did the library create and provide recordings of programs via the Internet during the Coronavirus (COVID-19) pandemic?,Did the library provide ‘outside’ services for circulation of physical materials at any outlets during the Coronavirus (COVID-19) pandemic,"Due to the COVID-19 Pandemic, did your library circulate electronic devices capable of providing remote internet access (Hoptspots, laptops with mobile broadband, etc)",Did the library provide reference service via the Internet or telephone during the Coronavirus (COVID-19) pandemic?,Reference Transactions Are Counted*,Reference Transactions Are Estimated*,"Did the library provide WiFi Internet access to users outside the building, at any outlet, before the Coronavirus (COVID-19) pandemic?”","Did the library provide or increase access to WiFi Internet access to users outside the building, at any outlet, during the Coronavirus (COVID-19) pandemic?",Did the library issue library cards electronically before the Coronavirus (COVID-19) pandemic?,Did the library issue library cards electronically during the Coronavirus (COVID-19) pandemic?,,,,,,,,,,,,,,,,,
394,,Class 1,1,0.696969696969697,0.48484848484848486,0.015151515151515152,0.13636363636363635,0.3333333333333333,0.2878787878787879,0.3333333333333333,0.5606060606060606,0.21212121212121213,0.6818181818181818,0.3484848484848485,0.6515151515151515,0.8636363636363636,0.7424242424242424,0.030303030303030304,0.2878787878787879,,,,,,,,,,,,,,,,,
395,,Class 2,1,0.7435897435897436,0.44871794871794873,0,0.3333333333333333,0.5512820512820513,0.5384615384615384,0.358974358974359,0.8076923076923077,0.21794871794871795,0.8076923076923077,0.24358974358974358,0.7435897435897436,0.9358974358974359,0.782051282051282,0.08974358974358974,0.4230769230769231,,,,,,,,,,,,,,,,,
396,,Class 3,1,0.7948717948717948,0.5,0.01282051282051282,0.3076923076923077,0.6410256410256411,0.5128205128205128,0.5769230769230769,0.7948717948717948,0.358974358974359,0.782051282051282,0.15384615384615385,0.8461538461538461,0.8974358974358975,0.8333333333333334,0.05128205128205128,0.6153846153846154,,,,,,,,,,,,,,,,,
397,,Class 4,1,0.9240506329113924,0.2911392405063291,0,0.17721518987341772,0.759493670886076,0.759493670886076,0.7468354430379747,0.8607594936708861,0.4050632911392405,0.9367088607594937,0.5569620253164557,0.43037974683544306,0.8734177215189873,0.810126582278481,0.10126582278481013,0.7468354430379747,,,,,,,,,,,,,,,,,
398,,Class 5,1,0.8837209302325582,0.3488372093023256,0,0.11627906976744186,0.8604651162790697,0.8372093023255814,0.8604651162790697,0.8372093023255814,0.4418604651162791,0.8604651162790697,0.5116279069767442,0.4883720930232558,0.8837209302325582,0.813953488372093,0.23255813953488372,0.8372093023255814,,,,,,,,,,,,,,,,,
399,,Class 6,1,0.8888888888888888,0.35555555555555557,0.06666666666666667,0.2222222222222222,0.9333333333333333,0.9111111111111111,0.9111111111111111,0.7111111111111111,0.5555555555555556,0.8888888888888888,0.4888888888888889,0.5111111111111111,0.7555555555555555,0.7777777777777778,0.2222222222222222,0.9555555555555556,,,,,,,,,,,,,,,,,
400,,,,,,,,,,,,,,,,,,,,,,,,,,,,,,,,,,,,
401,,,,,,,,,,,,,,,,,,,,,,,,,,,,,,,,,,,,
402,,,,,,,,,,,,,,,,,,,,,,,,,,,,,,,,,,,,
403,,*DNR=Did not Report,,,,,,,,,,,,,,,,,,,,,,,,,,,,,,,,,,
404,End of worksheet,,,,,,,,,,,,,,,,,,,,,,,,,,,,,,,,,,,
