,FSCS,Location,Library Class,Assistant Director Average Hrs/Wk,Assistant Director Minimum Salary,Assistant Director Maximum Salary,Department/Branch Head Average Hrs/Wk,Department/Branch Head Minimum Salary,Department/Branch Head Maximum Salary,Senior Level Librarian Average Hrs/Wk,Senior Level Librarian Minimum Salary,Senior Level Librarian Maximum Salary,Entry Level Librarian Average Hrs/Wk,Entry Level Librarian Minimum Salary,Entry Level Librarian Maximum Salary,Computer/Technology Specialist Average Hrs/Wk,Computer/Technology Specialist Minimum Salary,Computer/Technology Specialist Maximum Salary,Library Clerk Average Hrs/Wk,Library Clerk Minimum Salary,Library Clerk Maximum Salary,Full Time Health Insurance,Full Time Dental Insurance,Full Time Life Insurance,Full Time Pension,Full Time Vision Insurance,Full Time Paid Sick Leave,Full Time Paid Vacation,Full Time Paid Holidays,Full Time Deferred Compensation,Full Time Disability,Full Time Paid Personal Days,Full Time Longevity,Full Time Other Benefits,Part Time Health Insurance,Part Time Dental Insurance,Part Time Life Insurance,Part Time Pension,Part Time Vision Insurance,Part Time Paid Sick Leave,Part Time Paid Vacation,Part Time Paid Holidays,Part Time Deferred Compensation,Part Time Disability,Part Time Paid Personal Days,Part Time Longevity,Part Time Other Benefits
0,MI0147,Alden District Library,"Class 1: Serve 3,999 or less",8,5753,5753,,,,,,,,,,,,,44.0,12864,15309,No,No,No,No,No,No,No,No,No,No,No,No,,No,No,No,No,No,No,No,No,No,No,No,No,
1,MI9010,Ashley District Library,"Class 1: Serve 3,999 or less",,,,,,,,,,,,,,,,,,,No,No,No,No,No,No,No,No,No,No,No,No,,No,No,No,No,No,No,No,No,No,No,No,No,
2,MI0023,Beaver Island District Library,"Class 1: Serve 3,999 or less",,,,,,,12,5500,9500,8,4160,7500.0,,,,,,,No,No,No,No,No,No,No,No,No,No,No,No,,No,No,No,No,No,No,No,Yes,No,No,No,No,
3,MI0024,Bellaire Public Library,"Class 1: Serve 3,999 or less",,,,,,,25,10000,20000,12,7000,10000.0,,,,8.0,4000,7000,No,No,No,No,No,Yes,Yes,Yes,No,No,Yes,No,,No,No,No,No,Yes,No,Yes,Yes,No,No,Yes,No,
4,MI0025,Bellevue Township Library,"Class 1: Serve 3,999 or less",,,,,,,,,,,,,,,,,,,No,No,No,No,No,No,No,No,No,No,No,No,,No,No,No,No,No,No,No,No,No,No,No,No,
5,MI0114,Benzie Shores District Library,"Class 1: Serve 3,999 or less",,,,,,,,,,40,30000,40000.0,,,,12.0,8000,12000,Yes,No,Yes,No,No,Yes,Yes,Yes,Yes,Yes,Yes,No,,No,No,No,No,No,No,No,No,No,No,No,No,
6,MI0029,Benzonia Public Library,"Class 1: Serve 3,999 or less",15,9320,10100,,,,2,1400,1700,11,7650,6300.0,,,,6.0,2100,3500,No,No,No,No,No,No,No,No,No,No,No,No,,No,No,No,No,No,No,No,No,No,No,No,No,
7,MI0033,Betsie Valley District Library,"Class 1: Serve 3,999 or less",13,13395,13395,,,,,,,11,9636,9636.0,,,,,,,No,No,No,No,No,Yes,Yes,Yes,No,No,Yes,No,,No,No,No,No,No,No,Yes,Yes,No,No,Yes,No,
8,MI0048,Burr Oak Township Library,"Class 1: Serve 3,999 or less",,,,,,,,,,,,,,,,17.0,9724,13000,No,No,No,No,No,No,No,No,No,No,No,No,,No,No,No,No,No,No,No,No,No,No,No,No,
9,MI0053,Carp Lake Township Library,"Class 1: Serve 3,999 or less",,,,,,,,,,,,,,,,4.0,1326,1950,No,No,No,No,No,No,No,No,No,No,No,No,,No,No,No,No,No,No,No,No,No,No,No,No,
10,MI0058,Central Lake District Library,"Class 1: Serve 3,999 or less",37,DNR,DNR,,,,,,,,,,,,,37.0,DNR,DNR,No,No,No,No,No,Yes,Yes,Yes,No,No,No,No,,No,No,No,No,No,No,No,No,No,No,No,No,
11,MI0062,Chase Township Public Library,"Class 1: Serve 3,999 or less",,,,,,,,,,,,,,,,,,,No,No,No,No,No,No,No,No,No,No,No,No,,No,No,No,No,No,No,No,No,No,No,No,No,
12,MI0065,Clinton Township Public Library,"Class 1: Serve 3,999 or less",,,,,,,,,,,,,,,,20.0,10625,13802,No,No,No,No,No,No,No,No,No,No,No,No,,No,No,No,No,No,No,Yes,No,No,No,Yes,No,
13,MI0068,Colon Township Library,"Class 1: Serve 3,999 or less",28,12000,15000,,,,,,,,,,,,,15.0,5200,15000,No,No,No,No,No,No,No,No,No,No,No,No,,No,No,No,No,No,No,No,Yes,No,No,No,No,
14,MI0069,Columbia Township Library,"Class 1: Serve 3,999 or less",,,,,,,12,7000,16000,,,,,,,14.0,7000,15500,No,No,No,No,No,No,No,No,No,No,No,No,,No,No,No,No,No,No,No,No,No,No,No,No,
15,MI0076,Crooked Tree District Library,"Class 1: Serve 3,999 or less",,,,26,17000,18000,,,,,,,,,,23.0,13000,15000,No,No,No,No,No,No,No,No,No,No,Yes,No,,No,No,No,No,No,No,No,No,No,No,Yes,No,
16,MI0429,Croton Township Library,"Class 1: Serve 3,999 or less",,,,,,,,,,,,,,,,26.0,13520,15000,No,No,No,No,No,No,Yes,Yes,No,No,No,No,Mers and Aflac,No,No,No,No,No,No,Yes,Yes,No,No,No,No,
17,MI0077,Crystal Falls District Community Library,"Class 1: Serve 3,999 or less",39,29913,30680,12,6864,9360,,,,,,,,,,49.0,28665,21021,No,No,No,No,No,No,Yes,Yes,No,No,No,Yes,,No,No,No,No,No,No,Yes,Yes,No,No,No,Yes,
18,MI0417,Curtis Township Library,"Class 1: Serve 3,999 or less",,,,,,,,,,,,,,,,,7800,11960,No,No,No,No,No,No,No,No,No,No,No,No,,No,No,No,No,No,No,No,No,No,No,No,No,
19,MI0034,Darcy Library of Beulah,"Class 1: Serve 3,999 or less",,,,,,,12,7000,8000,11,6200,6800.0,,,,,,,No,No,No,No,No,No,No,No,No,No,No,No,,No,No,No,No,No,No,No,No,No,No,No,No,
20,MI0099,Elk Township Library,"Class 1: Serve 3,999 or less",,,,,,,,,,,,,,,,,,,No,No,No,No,No,No,Yes,Yes,No,No,No,No,,No,No,No,No,No,No,No,No,No,No,No,No,
21,MI0100,Elsie Public Library,"Class 1: Serve 3,999 or less",,,,,,,1,346,624,10,5018,7200.0,15.0,7527.0,9500.0,22.0,11326,16900,No,No,No,No,No,No,No,No,No,No,No,No,,No,No,No,No,No,No,No,Yes,No,Yes,No,No,
22,MI0103,Fairgrove District Library,"Class 1: Serve 3,999 or less",30,30810,30810,,,,23,14651,14651,,,,,,,18.0,9032,9032,Yes,No,No,No,No,Yes,Yes,Yes,No,No,Yes,No,,Yes,No,No,No,No,No,No,Yes,No,No,No,No,
23,MI0109,Fife Lake Public Library,"Class 1: Serve 3,999 or less",,,,,,,9,2000,3389,,,,,,,9.0,2000,9600,No,No,No,No,No,No,No,No,Yes,No,No,No,,No,No,No,No,No,No,No,No,No,No,No,No,
24,MI0115,Franklin Public Library,"Class 1: Serve 3,999 or less",,,,,,,,,,25,19899,25440.0,,,,6.0,,3030,No,No,No,No,No,No,No,No,No,No,No,No,,No,No,No,No,No,No,No,No,No,No,No,No,
25,MI0120,Galien Township Public Library,"Class 1: Serve 3,999 or less",,,,,,,,,,,,,,,,10.0,5700,6000,No,No,No,No,No,No,No,No,No,No,No,No,,No,No,No,No,No,No,No,No,No,No,No,No,
26,MI0376,George W. Spindler Memorial Library,"Class 1: Serve 3,999 or less",,,,,,,,,,,,,,,,3.0,50,2500,No,No,No,No,No,No,No,No,No,No,No,No,,No,No,No,No,No,No,No,No,No,No,No,No,
27,MI0128,Glen Lake Community Library,"Class 1: Serve 3,999 or less",,,,,,,40,24960,37960,,,,,,,2.0,1200,1920,Yes,No,No,No,No,Yes,Yes,Yes,Yes,No,Yes,No,,No,No,No,No,No,No,No,No,No,No,No,No,
28,MI0436,Goodland Township Library,"Class 1: Serve 3,999 or less",,,,,,,,,,,5200,6240.0,,,,,,,No,No,No,No,No,No,No,No,No,No,No,No,,No,No,No,No,No,No,No,Yes,No,No,No,No,
29,MI0155,Homer Public Library,"Class 1: Serve 3,999 or less",40,19240,29500,,,,,,,,,,,,,10.0,4914,8400,Yes,Yes,Yes,Yes,Yes,Yes,Yes,Yes,No,Yes,Yes,Yes,,No,No,No,No,No,No,No,No,No,No,No,No,
30,MI0167,Indian River Area Library,"Class 1: Serve 3,999 or less",,,,,,,,,,,,,,,,17.0,8840,10608,No,No,No,No,No,No,Yes,Yes,No,No,No,No,,No,No,No,No,No,No,Yes,Yes,No,No,No,No,
31,MI0187,Lake Linden-Hubbell School/Public Library,"Class 1: Serve 3,999 or less",,,,,,,,,,,,,,,,20.0,15000,25000,No,No,No,No,No,No,No,No,No,No,No,No,,No,No,No,No,No,No,No,No,No,No,No,No,
32,MI0191,Lawrence Memorial Public Library,"Class 1: Serve 3,999 or less",,,,,,,,,,,,,1.0,500.0,1040.0,,,,No,No,No,No,No,No,No,No,No,No,No,No,,No,No,No,No,No,No,No,No,No,No,No,No,
33,MI0192,Lawton Public Library,"Class 1: Serve 3,999 or less",20,9744,10032,,,,,,,15,7149,7221.0,,,,20.0,9984,12732,No,No,No,No,No,No,No,No,No,No,No,No,,No,No,No,No,No,No,No,No,No,No,No,No,
34,MI0193,Leelanau Township Library,"Class 1: Serve 3,999 or less",,,,,,,,,,,,,,,,,,,Yes,Yes,No,No,Yes,No,No,No,No,No,No,No,401K retirement plan,Yes,Yes,No,No,Yes,No,No,No,No,No,No,No,401K Retirement
35,MI0197,LeRoy Community Library,"Class 1: Serve 3,999 or less",8,0,4804,,,,,,,,,,,,,,,,No,No,No,No,No,No,No,No,No,No,No,No,,No,No,No,No,No,No,No,No,No,No,No,No,
36,MI0199,Litchfield District Library,"Class 1: Serve 3,999 or less",,,,,,,,,,24,3326,3326.0,,,,4.0,2007,2007,No,No,No,No,No,No,Yes,No,No,No,No,No,,No,No,No,No,No,No,No,No,No,No,No,No,
37,MI0205,Lyons Township District Library,"Class 1: Serve 3,999 or less",,,,,,,,,,,,,,,,26.0,13260,14586,No,No,No,No,No,No,No,No,No,No,No,No,,No,No,No,No,No,No,No,No,No,No,No,No,
38,MI0207,Mackinac Island Public Library,"Class 1: Serve 3,999 or less",,,,,,,,,,,,,,,,,,,No,No,No,No,No,No,No,No,No,No,No,No,,No,No,No,No,No,No,No,No,No,No,No,No,
39,MI0215,Maple Rapids Public Library,"Class 1: Serve 3,999 or less",,,,,,,12,8195,8195,,,,,,,,,,No,No,No,No,No,No,No,No,No,No,No,No,,No,No,No,No,No,No,No,No,No,No,No,No,
40,MI0227,Merrill District Library,"Class 1: Serve 3,999 or less",,,,,,,,,,,,,1.0,500.0,1500.0,23.0,13000,14160,No,No,No,No,No,No,No,No,No,No,No,No,,No,No,No,No,No,Yes,Yes,Yes,No,No,Yes,No,
41,MI0238,Mulliken District Library,"Class 1: Serve 3,999 or less",20,12836,12929,,,,,,,,,,,,,,3392,5226,No,No,No,No,No,No,No,No,No,No,No,No,,No,No,No,No,No,No,Yes,Yes,No,No,Yes,No,
42,MI0247,North Branch Township Library,"Class 1: Serve 3,999 or less",27,16848,18252,,,,17,9724,9061,,,,,,,15.0,7371,11193,No,No,No,No,No,Yes,Yes,Yes,No,No,Yes,Yes,,No,No,No,No,No,Yes,Yes,Yes,No,No,No,Yes,
43,MI0254,Ontonagon Township Library,"Class 1: Serve 3,999 or less",,,,,,,,,,20,5000,20000.0,,,,,,,No,No,No,No,No,Yes,Yes,Yes,No,No,Yes,No,Printing; extended checkout,No,No,No,No,No,No,No,No,No,No,Yes,No,Printing; extended checkout
44,MI0256,Osceola Township School Public Library,"Class 1: Serve 3,999 or less",,,,,,,,,,,,,,,,,,,No,No,No,No,No,No,No,No,No,No,No,No,,No,No,No,No,No,Yes,No,Yes,No,Yes,No,Yes,
45,MI0267,Pentwater Township Library,"Class 1: Serve 3,999 or less",,,,,,,16,15000,17000,,,,,,,21.0,9000,12000,No,No,No,No,No,No,No,No,No,No,No,No,,No,No,No,Yes,No,Yes,Yes,Yes,No,No,Yes,Yes,
46,MI0427,Ray Township Public Library,"Class 1: Serve 3,999 or less",,,,,,,,,,,,,,,,,3367,11337,No,No,No,No,No,No,No,No,No,No,No,No,,No,No,No,No,No,No,No,No,No,No,No,No,
47,MI0285,Republic-Michigamme Public Library,"Class 1: Serve 3,999 or less",,,,,,,,,,,,,,,,,,,No,No,No,No,No,No,No,No,No,No,No,No,,No,No,No,No,No,No,No,No,No,No,No,No,
48,MI0287,Richfield Township Public Library,"Class 1: Serve 3,999 or less",15,7800,9880,,,,,,,,,,,,,8.0,4056,6084,No,No,No,No,No,No,No,No,No,No,No,No,,No,No,No,No,No,No,No,No,No,No,No,No,
49,MI0289,Richland Township Library,"Class 1: Serve 3,999 or less",,,,,,,,,,,,,,,,29.0,12094,14703,No,No,No,No,No,No,No,No,No,No,No,No,,No,No,No,No,No,No,No,No,No,No,No,No,
50,MI0291,Richmond Township Library,"Class 1: Serve 3,999 or less",,,,,,,,,,,,,,,,,,,No,No,No,No,No,No,No,No,No,No,No,No,,No,No,No,No,No,No,No,No,No,No,No,No,
51,MI0305,Schoolcraft Community Library,"Class 1: Serve 3,999 or less",,,,,,,29,18741,19604,20,10608,12480.0,,,,10.0,4914,8580,No,No,No,No,No,No,No,No,No,No,No,No,PTO,No,No,No,No,No,No,No,No,No,No,No,No,PTO
52,MI0307,Seville Township Public Library,"Class 1: Serve 3,999 or less",,,,,,,,,,,,,,,,14.0,4600,10400,No,No,No,No,No,No,No,No,No,No,No,No,,No,No,No,No,No,No,No,No,No,No,No,No,
53,MI0311,Sleeper Public Library,"Class 1: Serve 3,999 or less",,,,,,,,,,,,,,,,25.0,14500,16000,No,No,No,No,No,No,No,No,No,No,No,No,,No,No,No,No,No,No,Yes,No,No,No,No,No,
54,MI0312,Sodus Township Library,"Class 1: Serve 3,999 or less",,,,,,,,,,,,,,,,,,,No,No,No,No,No,No,No,No,No,No,No,No,,No,No,No,No,No,No,No,No,No,No,Yes,No,
55,MI0327,Sunfield District Library,"Class 1: Serve 3,999 or less",,,,,,,,,,,,,,,,28.0,13832,16409,No,No,No,No,No,No,No,No,No,No,No,No,,No,No,No,No,No,No,No,No,No,No,No,No,
56,MI0334,Tekonsha Township Public Library,"Class 1: Serve 3,999 or less",,,,,,,11,5000,8000,,,,,,,6.0,2200,4500,No,No,No,No,No,No,No,No,No,No,No,No,,No,No,No,No,No,No,No,No,No,No,No,No,
57,MI0341,Topinabee Public Library,"Class 1: Serve 3,999 or less",,,,,,,12,8112,8400,2,1352,1500.0,,,,,,,No,No,No,No,No,No,No,No,No,No,No,No,,No,No,No,No,No,No,No,Yes,No,No,No,No,
58,MI0346,Vermontville Township Library,"Class 1: Serve 3,999 or less",21,13104,14000,,,,,,,,,,,,,11.0,6143,6400,No,No,No,No,No,Yes,Yes,Yes,No,No,No,No,,No,No,No,No,No,Yes,Yes,Yes,No,No,No,No,
59,MI0350,Wakefield Public Library,"Class 1: Serve 3,999 or less",,,,,,,,,,,,,,,,6.0,3011,3011,No,No,No,No,No,No,No,No,No,No,No,No,,No,No,No,No,No,No,No,No,No,No,No,No,
60,MI0351,Waldron District Library,"Class 1: Serve 3,999 or less",,,,,,,,,,,,,,,,15.0,6948,6948,No,No,No,No,No,Yes,Yes,Yes,No,No,No,No,,No,No,No,No,No,No,No,No,No,No,No,No,
61,MI0352,Walkerville Public/School Library,"Class 1: Serve 3,999 or less",,,,,,,,,,,,,,,,,,,No,No,No,No,No,No,No,No,No,No,No,No,,No,No,No,No,No,No,No,No,No,No,No,No,
62,MI0359,Watertown Township Library,"Class 1: Serve 3,999 or less",,,,,,,,,,,,15000.0,,,,,,,No,No,No,No,No,No,No,No,No,No,No,No,,No,No,No,No,No,No,No,No,No,No,No,No,
63,MI0365,Wheatland Township Library,"Class 1: Serve 3,999 or less",,,,,,,,7488,8008,16,3744,4014.0,,,,,,,No,No,No,Yes,No,No,Yes,Yes,Yes,No,Yes,Yes,,No,No,No,No,No,No,No,No,No,No,No,No,
64,MI0369,Whitefish Township Community Library,"Class 1: Serve 3,999 or less",,,,,,,8,,4500,10,,4100.0,,,,,,,No,No,No,No,No,No,No,No,No,No,No,No,,No,No,No,No,No,No,No,No,No,No,No,No,
65,MI0375,Wolverine Community Library,"Class 1: Serve 3,999 or less",,,,,,,,,,,,,,,,,6397,7993,No,No,No,No,No,No,No,No,No,No,No,No,,No,No,No,Yes,No,No,No,No,No,No,No,No,
66,MI0405,Addison Township Public Library,"Class 2: Serve 4,000-6,999",20,10000,14500,,,,,,,,,,,,,20.0,3000,10500,No,No,No,No,No,Yes,Yes,Yes,No,No,Yes,No,,No,No,No,No,No,Yes,Yes,Yes,No,No,Yes,No,
67,MI0149,Almont District Library,"Class 2: Serve 4,000-6,999",,,,32,22000,26000,,,,,,,,,,32.0,15000,22000,Yes,No,No,No,No,Yes,Yes,Yes,No,No,Yes,No,,No,No,No,No,No,Yes,Yes,Yes,No,No,Yes,No,
68,MI0013,Armada Free Public Library,"Class 2: Serve 4,000-6,999",,,,,,,,,,,,,,14000.0,18000.0,20.0,10000,16000,No,No,No,No,No,No,Yes,No,No,No,No,No,,No,No,No,No,No,No,Yes,No,No,No,No,No,
69,MI0014,Athens Community Library,"Class 2: Serve 4,000-6,999",16,10400,10400,,,,,,,19,11856,11856.0,,,,,,,No,No,No,No,No,No,No,No,No,No,No,No,,No,No,No,No,No,No,No,No,No,No,No,No,
70,MI0018,Bad Axe District Library,"Class 2: Serve 4,000-6,999",,,,,,,25,16000,18000,15,8500,10000.0,,,,10.0,5200,7000,No,No,No,No,No,Yes,Yes,Yes,No,No,Yes,No,,No,No,No,No,No,Yes,Yes,Yes,No,No,Yes,No,
71,MI0020,Barryton Public Library,"Class 2: Serve 4,000-6,999",36,28000,28000,,,,,,,,,,,,,15.0,2700,14500,No,No,No,No,No,No,No,Yes,No,No,Yes,No,,No,No,No,No,No,No,No,Yes,No,No,Yes,No,
72,MI0032,Bessemer Public Library,"Class 2: Serve 4,000-6,999",,,,,,,,,,,,,,,,13.0,5311,5311,No,No,No,No,No,No,No,No,No,No,No,No,,No,No,No,No,No,No,No,No,No,No,No,No,
73,MI0042,Bridgman Public Library,"Class 2: Serve 4,000-6,999",,,,,,,40,27000,30000,20,,,,,,20.0,11000,16000,No,No,Yes,No,No,No,Yes,Yes,No,No,Yes,No,,No,No,Yes,No,No,No,Yes,Yes,No,Yes,Yes,No,
74,MI0044,Brown City Public Library,"Class 2: Serve 4,000-6,999",,,,,,,,,,,,,,,,,,,No,No,No,No,No,No,No,No,No,No,No,No,,No,No,No,No,No,No,No,No,No,No,No,No,
75,MI0051,Camden Township Library,"Class 2: Serve 4,000-6,999",,,,,,,,,,,,,,,,22.0,10296,12168,No,No,No,No,No,No,No,No,No,No,No,No,FICA,No,No,No,No,No,No,No,No,No,No,No,No,FICA
76,MI0066,Coleman Area Library,"Class 2: Serve 4,000-6,999",,,,,,,,,,,,,,,,27.0,17076,17076,No,No,No,Yes,No,Yes,No,No,No,No,Yes,No,,No,No,No,Yes,No,Yes,No,No,No,No,Yes,No,
77,MI0071,Constantine Township Library,"Class 2: Serve 4,000-6,999",,,,,,,25,19370,23244,20,14456,18070.0,,,,20.0,10036,10400,No,No,No,No,No,No,No,Yes,No,No,No,No,,No,No,No,No,No,No,Yes,Yes,No,No,Yes,No,
78,MI0080,Deckerville Public Library,"Class 2: Serve 4,000-6,999",22,10101,11411,,,,,,,,,,,,,12.0,7087,7875,No,No,No,No,No,No,No,No,No,No,No,No,,No,No,No,No,No,No,No,Yes,No,No,No,No,
79,MI0373,Dorothy Hull Library - Windsor Township,"Class 2: Serve 4,000-6,999",32,23296,23296,,,,,,,,,,,,,10.0,6760,6750,No,No,No,Yes,No,Yes,Yes,Yes,Yes,No,No,No,,No,No,No,No,No,Yes,No,Yes,No,No,No,No,
80,MI0088,Dowling Public Library,"Class 2: Serve 4,000-6,999",,,,,,,,,,,,,,,,,,,No,No,No,No,No,No,Yes,No,No,No,No,No,,No,No,No,No,No,No,Yes,No,No,No,No,No,
81,MI0089,Dryden Township Library,"Class 2: Serve 4,000-6,999",,,,,,,30,20000,22500,,,,,,,26.0,12500,15200,No,No,No,No,No,No,Yes,Yes,Yes,No,No,No,,No,No,No,No,No,No,Yes,Yes,Yes,No,No,No,
82,MI0098,Elk Rapids District Library,"Class 2: Serve 4,000-6,999",,,,,,,,,,,,,,,,18.0,14000,28000,Yes,Yes,No,Yes,Yes,Yes,Yes,Yes,No,No,Yes,No,,No,No,No,No,No,Yes,Yes,Yes,No,No,No,No,
83,MI0112,Forsyth Township Public Library,"Class 2: Serve 4,000-6,999",,,,,,,,,,,,,,,,22.0,8000,21000,No,No,No,No,No,No,No,No,No,No,No,No,,No,No,No,No,No,Yes,Yes,Yes,No,No,Yes,Yes,Retirement/ FSA
84,MI0117,Freeport District Library,"Class 2: Serve 4,000-6,999",16,13790,14208,,,,8,5554,5721,14,4927,10985.0,,,,,,,No,No,No,No,No,No,No,No,No,No,No,No,,No,No,No,No,No,Yes,No,Yes,No,No,No,No,
85,MI0140,Harbor Beach Area District Library,"Class 2: Serve 4,000-6,999",,,,,,,28,17472,26208,24,12480,19968.0,,,,10.0,5200,7280,Yes,Yes,Yes,Yes,Yes,Yes,Yes,Yes,No,Yes,Yes,No,,No,No,Yes,Yes,No,Yes,No,Yes,No,Yes,No,No,
86,MI0144,Hartford Public Library,"Class 2: Serve 4,000-6,999",40,15000,27000,,,,,,,,,,40.0,20000.0,30000.0,18.0,5000,23000,No,No,No,No,No,Yes,Yes,Yes,No,No,Yes,Yes,,No,No,No,No,No,No,No,No,No,No,No,No,
87,MI0151,Hesperia Community Library,"Class 2: Serve 4,000-6,999",,,,,,,,,,,,,1.0,440.0,950.0,18.0,9089,12100,No,No,No,No,No,No,No,No,No,No,No,No,,No,No,No,No,No,No,No,No,No,No,No,No,
88,MI0154,Home Township Library,"Class 2: Serve 4,000-6,999",20,18000,25000,,,,,,,,,,,,,3.0,2000,3000,Yes,No,No,No,No,Yes,Yes,Yes,No,No,No,No,,No,No,No,No,No,No,No,No,No,No,No,No,
89,MI0157,Hopkins District Library,"Class 2: Serve 4,000-6,999",,,,,,,,,,,,,,,,18.0,6000,15000,No,No,No,No,No,Yes,Yes,Yes,No,No,No,No,,No,No,No,No,No,Yes,Yes,Yes,No,No,No,No,
90,MI0159,Howe Memorial Library,"Class 2: Serve 4,000-6,999",33,20592,20592,,,,,,,33,15870,18876.0,,,,,,,No,No,No,No,No,No,Yes,Yes,No,No,No,No,,No,No,No,No,No,No,No,Yes,No,No,No,No,
91,MI0161,Hudson Carnegie District Library,"Class 2: Serve 4,000-6,999",20,10400,13000,,,,,,,,,,,,,20.0,10000,12000,No,No,No,No,No,No,No,No,No,No,No,No,,No,No,No,No,No,No,No,No,No,No,No,No,
92,MI0170,Interlochen Public Library,"Class 2: Serve 4,000-6,999",,,,,,,,,,,,,,,,18.0,9880,16548,No,No,No,No,No,No,No,No,No,No,No,No,,No,No,No,No,No,No,No,No,No,No,No,No,
93,MI0172,Ironwood Carnegie Library,"Class 2: Serve 4,000-6,999",,,,,,,,,,,,,,,,9.0,2509,11440,Yes,Yes,Yes,Yes,Yes,Yes,Yes,Yes,No,No,Yes,Yes,,No,No,No,No,No,No,No,No,No,No,No,No,
94,MI0174,J. C. Wheeler Public Library,"Class 2: Serve 4,000-6,999",21,12768,12768,,,,,,,,,,,,,14.0,7457,7457,No,No,No,No,No,Yes,Yes,Yes,No,No,No,No,,No,No,No,No,No,Yes,Yes,Yes,No,No,No,No,
95,MI0176,Jacquelin E. Opperman Memorial Library,"Class 2: Serve 4,000-6,999",,,,,,,,,,,,,,,,10.0,4000,8000,No,No,No,Yes,No,Yes,No,No,Yes,No,Yes,No,,No,No,No,Yes,No,No,No,No,Yes,No,Yes,No,
96,MI0178,Jonesville District Library,"Class 2: Serve 4,000-6,999",,,,40,20467,21091,35,17363,18164,,,,,,,20.0,10026,10327,No,No,No,No,No,Yes,Yes,Yes,No,No,No,No,Year End Bonus,No,No,No,No,No,No,No,Yes,No,No,No,No,Year End Bonus
97,MI0179,Jordan Valley District Library,"Class 2: Serve 4,000-6,999",,,,,,,23,12500,15500,15,8500,10000.0,,,,8.0,3700,5000,No,No,No,No,No,No,No,No,No,No,No,No,,No,No,No,No,No,No,No,No,No,No,No,No,
98,MI0188,Lake Odessa Community Library,"Class 2: Serve 4,000-6,999",,,,,,,30,24570,24570,18,12168,12168.0,,,,10.0,5200,5200,No,No,No,No,No,Yes,Yes,Yes,Yes,No,No,No,,No,No,No,No,No,No,No,No,Yes,No,No,No,
99,MI0422,Leighton Township Library,"Class 2: Serve 4,000-6,999",18,12084,13207,25,17300,18200,20,13197,14560,20,11752,12105.0,,,,20.0,15725,16193,No,No,No,No,No,No,No,No,No,No,No,No,,No,No,No,No,No,No,Yes,Yes,No,No,No,No,"Christmas bonus, free use of the meeting room, no fines"
100,MI0194,Leland Township Public Library,"Class 2: Serve 4,000-6,999",36,31487,31487,,,,20,16692,16692,,,,,,,,,,Yes,No,No,No,No,No,No,Yes,No,No,Yes,No,,No,No,No,No,No,No,No,Yes,No,No,No,No,
101,MI0203,Luther Area Public Library,"Class 2: Serve 4,000-6,999",16,8550,10296,,,,,,,16,7800,9360.0,,,,13.0,6240,7800,No,No,No,No,No,No,No,No,No,No,No,No,,No,No,No,No,No,Yes,Yes,Yes,No,No,No,No,Death in the immediate family paid
102,MI0206,M. Alice Chapin Memorial Library,"Class 2: Serve 4,000-6,999",,,,,,,,,,,,,,,,11.0,4950,4950,No,No,No,No,No,No,No,No,No,No,No,No,,No,No,No,No,No,No,No,No,No,No,Yes,No,
103,MI0208,Mackinaw Area Public Library,"Class 2: Serve 4,000-6,999",,,,16,6240,14560,35,23480,25480,20,6864,8008.0,,,,,,,Yes,No,No,No,No,Yes,Yes,Yes,No,No,No,No,"jury duty, birthday, funereral pay",No,No,No,No,No,No,Yes,Yes,No,No,No,No,"jury duty, birthday, funeral pay"
104,MI0211,Mancelona Township Library,"Class 2: Serve 4,000-6,999",,,,,,,,,,,,,,,,20.0,8000,11960,No,No,No,No,No,No,No,No,No,No,No,No,,No,No,No,No,No,No,No,No,No,No,No,No,
105,MI0216,Marcellus Township Wood Memorial Library,"Class 2: Serve 4,000-6,999",,,,,,,,11750,11750,34,10000,10000.0,,,,20.0,8450,7450,Yes,No,No,No,No,Yes,Yes,Yes,No,No,Yes,No,,No,No,No,No,No,Yes,Yes,Yes,No,No,Yes,No,
106,MI0217,Marlette District Library,"Class 2: Serve 4,000-6,999",,,,,,,16,7000,12000,12,3000,8000.0,,,,,,,No,No,No,No,No,No,No,No,No,No,No,No,,No,No,No,No,No,No,Yes,Yes,No,No,No,No,
107,MI0221,Mayville District Public Library,"Class 2: Serve 4,000-6,999",22,10400,10400,,,,26,13000,13000,,,,,,,,,,No,No,No,No,No,No,No,No,No,No,No,No,,No,No,No,No,No,No,No,No,No,No,No,No,
108,MI0418,McBain Community Library,"Class 2: Serve 4,000-6,999",,,,,,,,,,,,,,,,35.0,31377,34860,No,No,No,No,No,No,No,No,No,No,No,No,,No,No,No,Yes,No,Yes,No,Yes,No,Yes,Yes,Yes,
109,MI0225,Mendon Township Library,"Class 2: Serve 4,000-6,999",20,2875,10373,,,,,,,,,,,,,,2875,9000,No,No,No,No,No,No,No,No,No,No,No,No,,No,No,No,No,No,No,No,No,No,No,No,No,
110,MI0235,Moore Public Library,"Class 2: Serve 4,000-6,999",,,,,,,,,,,,,,,,30.0,2828,25213,No,No,No,No,No,Yes,Yes,Yes,No,No,No,No,,No,No,No,No,No,No,Yes,No,No,No,No,No,
111,MI0236,Morton Township Public Library,"Class 2: Serve 4,000-6,999",32,19000,25000,,,,,,,37,25000,31000.0,14.0,12000.0,18000.0,37.0,15000,25000,Yes,Yes,No,No,Yes,Yes,Yes,Yes,Yes,No,Yes,No,,No,No,No,No,No,No,Yes,Yes,No,No,No,No,
112,MI0243,New Buffalo Township Public Library,"Class 2: Serve 4,000-6,999",38,18000,25000,1,100,100,1,100,100,1,100,100.0,1.0,100.0,100.0,20.0,10000,16000,No,No,No,No,No,No,Yes,No,No,No,No,No,,No,No,No,No,No,No,Yes,No,No,No,No,No,
113,MI0244,Newaygo Area District Library,"Class 2: Serve 4,000-6,999",,,,,,,,,,40,29120,31200.0,28.0,11750.0,20400.0,30.0,15600,18720,No,No,No,No,No,Yes,Yes,Yes,No,No,Yes,No,Funeral leave.,No,No,No,No,No,Yes,Yes,Yes,No,No,No,No,Funeral leave.
114,MI0246,North Adams Community Memorial Library,"Class 2: Serve 4,000-6,999",,,,18,8424,9360,,,,,,,,,,,,,No,No,No,No,No,Yes,Yes,Yes,No,No,No,No,,No,No,No,No,No,No,No,No,Yes,No,No,No,
115,MI0249,Nottawa Township Library,"Class 2: Serve 4,000-6,999",24,18500,26000,,,,,,,,,,,,,24.0,13100,29000,No,No,No,No,No,Yes,Yes,Yes,No,No,No,No,,No,No,No,No,No,Yes,Yes,Yes,No,No,No,No,
116,MI0260,Ovid Public Library,"Class 2: Serve 4,000-6,999",30,DNR,DNR,,,,21,DNR,DNR,,,,,,,,,,No,No,No,No,No,No,No,No,No,No,No,No,,No,No,No,No,No,No,No,No,No,No,No,No,
117,MI0264,Pathfinder Community Library,"Class 2: Serve 4,000-6,999",,,,,,,,,,,,,10.0,7000.0,9000.0,25.0,6000,11000,No,No,No,No,No,No,No,No,No,No,No,No,,No,No,No,No,No,No,No,No,No,No,No,No,
118,MI0266,Peninsula Community Library,"Class 2: Serve 4,000-6,999",,,,,,,,,,,,,,,,,,,No,No,No,No,No,No,No,No,No,No,No,No,,No,No,No,No,No,No,Yes,Yes,No,No,Yes,No,
119,MI0270,Pigeon District Library,"Class 2: Serve 4,000-6,999",,,,,,,40,30000,34000,40,28500,34000.0,,,,24.0,12096,13824,Yes,No,No,No,No,Yes,Yes,Yes,No,No,No,No,,No,No,No,No,No,No,No,No,No,No,No,No,
120,MI0272,Pittsford Public Library,"Class 2: Serve 4,000-6,999",,,,,,,,,,,,,,,,6.0,2000,10000,No,No,No,No,No,No,No,No,No,No,No,No,,No,No,No,No,No,No,No,No,No,No,No,No,
121,MI0275,Port Austin Township Library,"Class 2: Serve 4,000-6,999",,,,,,,,,,10,7600,10000.0,2.0,500.0,1500.0,4.0,2000,5000,No,No,No,No,No,No,Yes,Yes,No,No,No,No,,No,No,No,No,No,No,Yes,Yes,No,No,No,No,
122,MI0028,Potterville-Benton Township District Library,"Class 2: Serve 4,000-6,999",23,14386,14386,22,5277,5277,,,,,,,,,,22.0,8017,8017,No,No,No,No,No,Yes,Yes,Yes,No,No,No,No,two snow days,No,No,No,No,No,No,No,No,No,No,No,No,
123,MI0280,Putnam District Library,"Class 2: Serve 4,000-6,999",24,11000,17000,,,,,,,,,,,,,11.0,4160,8600,No,No,No,No,No,No,No,No,No,No,No,No,,No,No,No,No,No,Yes,No,No,No,No,Yes,No,
124,MI0281,Rauchholz Memorial Library,"Class 2: Serve 4,000-6,999",,20000,30000,,,,,,,40,20000,30000.0,,,,30.0,9800,15000,Yes,Yes,No,No,Yes,No,Yes,Yes,No,No,Yes,No,,No,No,No,No,No,No,No,No,No,No,No,No,
125,MI0283,Reading Community Library,"Class 2: Serve 4,000-6,999",,,,,,,,,,,,,,,,24.0,12480,14102,No,No,No,No,No,Yes,Yes,Yes,No,No,Yes,No,,No,No,No,No,No,No,No,No,No,No,No,No,
126,MI0380,Reese Unity District Library,"Class 2: Serve 4,000-6,999",,,,,,,,,,,,,,,,,,,No,No,No,No,No,No,Yes,Yes,No,No,No,No,,No,No,No,No,No,No,Yes,Yes,No,No,No,No,
127,MI0064,River Rapids District Library,"Class 2: Serve 4,000-6,999",,,,,,,,,,,,,,,,20.0,9880,13520,No,No,No,No,No,Yes,Yes,Yes,No,No,Yes,No,,No,No,No,No,No,No,No,Yes,No,No,Yes,No,
128,MI0125,Roscommon Area District Library,"Class 2: Serve 4,000-6,999",,,,28,15000,18000,,,,,,,,,,35.0,16000,23000,No,No,No,No,No,No,Yes,Yes,No,No,Yes,No,,No,No,No,No,No,No,No,No,No,No,No,No,
129,MI0323,Saint Ignace Public Library,"Class 2: Serve 4,000-6,999",,,,,,,,,,,,,,,,18.0,10080,12168,No,No,No,No,No,No,No,No,No,Yes,No,No,,No,No,No,No,No,No,Yes,Yes,No,No,No,No,
130,MI0302,Sanilac District Library,"Class 2: Serve 4,000-6,999",,,,35,20000,22000,,,,15,7800,9000.0,,,,15.0,7000,7800,No,No,No,No,No,Yes,Yes,Yes,No,No,No,Yes,Holiday Bonus,No,No,No,No,No,No,No,No,No,No,No,Yes,Holiday Bonus
131,MI0304,Saugatuck-Douglas District Library,"Class 2: Serve 4,000-6,999",36,25328,25328,,,,,,,,,,,,,12.0,4524,15395,Yes,No,No,No,No,Yes,Yes,Yes,No,Yes,Yes,No,,No,No,No,No,No,Yes,Yes,No,No,Yes,Yes,No,
132,MI9007,Sebewaing Township Library,"Class 2: Serve 4,000-6,999",29,13000,18000,,,,,,,,,,,,,10.0,3000,5000,No,No,No,Yes,No,Yes,Yes,Yes,No,No,Yes,No,,No,No,No,No,No,No,No,No,No,No,No,No,
133,MI0432,Sherman Township Library,"Class 2: Serve 4,000-6,999",,,,,,,,,,,,,,,,38.0,19319,21421,No,No,No,No,No,No,No,No,No,No,No,No,,No,No,No,No,No,No,No,No,No,No,No,No,
134,MI0324,Stair District Library,"Class 2: Serve 4,000-6,999",28,20085,22495,,,,10,5334,7644,,,,,,,10.0,4264,7183,No,No,No,No,No,No,No,No,No,No,No,No,,No,No,No,No,No,No,No,No,No,No,No,No,
135,MI0329,Suttons Bay-Bingham District Library,"Class 2: Serve 4,000-6,999",32,29120,29120,,,,,,,12,9360,9360.0,,,,24.0,16224,16224,No,No,No,No,No,Yes,Yes,Yes,Yes,No,Yes,No,,No,No,No,No,No,No,No,No,No,No,No,No,
136,MI0332,Taymouth Township Library,"Class 2: Serve 4,000-6,999",22,14500,15000,,,,,,,,,,,,,,,,Yes,No,No,No,No,Yes,Yes,Yes,Yes,No,Yes,No,,No,No,No,No,No,No,Yes,Yes,No,No,Yes,No,
137,MI0110,Thomas E. Fleschner Memorial Library,"Class 2: Serve 4,000-6,999",,,,,,,21,13650,14196,21,12012,12452.0,,,,,,,Yes,Yes,No,No,Yes,Yes,Yes,Yes,Yes,No,Yes,No,,No,No,No,No,No,No,No,No,Yes,No,No,No,
138,MI0339,Three Oaks Township Public Library,"Class 2: Serve 4,000-6,999",,,,,,,,,,,,,,,,21.0,0,18304,No,No,No,No,No,No,No,No,No,No,No,No,,No,No,No,No,No,No,No,No,No,No,No,No,
139,MI0344,Utica Public Library,"Class 2: Serve 4,000-6,999",14,16640,21632,,,,,,,26,12376,21632.0,,,,12.0,6500,11752,Yes,Yes,Yes,Yes,Yes,Yes,Yes,Yes,No,Yes,Yes,Yes,,No,No,No,No,No,No,No,No,No,No,No,No,
140,MI0347,Vernon District Public Library,"Class 2: Serve 4,000-6,999",18,6000,16000,,,,,,,,,,,,,18.0,4000,12000,No,No,No,No,No,Yes,Yes,Yes,No,No,Yes,No,,No,No,No,No,No,Yes,Yes,Yes,No,No,Yes,No,
141,MI0353,Walled Lake City Library,"Class 2: Serve 4,000-6,999",40,37500,40000,,,,12,8000,8000,6,5500,12000.0,,,,12.0,2500,9000,Yes,Yes,Yes,Yes,Yes,Yes,Yes,Yes,No,Yes,No,No,,No,No,No,No,No,No,Yes,No,No,No,No,No,
142,MI0360,Watervliet District Library,"Class 2: Serve 4,000-6,999",37,21000,28000,40,31200,41600,,,,24,9000,14000.0,,,,12.0,7000,13000,No,No,No,No,No,Yes,Yes,Yes,No,No,Yes,No,,No,No,No,No,No,No,No,No,No,No,No,No,
143,MI0367,White Pigeon Township Library,"Class 2: Serve 4,000-6,999",22,18000,25000,,,,,,,6,2000,5000.0,,,,14.0,4000,19000,No,No,No,No,No,No,No,No,No,No,No,No,,No,No,No,No,No,Yes,Yes,Yes,Yes,No,Yes,No,
144,MI0372,Aitkin Memorial District Library,"Class 3: Serve 7,000-11,999",,,,,,,29,17010,21112,14,7462,8998.0,,,,12.0,5896,6520,No,No,No,No,No,No,No,No,No,No,No,No,,No,No,No,No,No,No,No,No,No,No,No,No,
145,MI0407,Alanson Area Public Library,"Class 3: Serve 7,000-11,999",,,,,,,,,,,,,,,,20.0,10660,13520,No,No,No,No,No,No,No,No,No,No,No,No,,No,No,No,No,No,No,Yes,No,No,No,No,No,
146,MI0408,Albion District Library,"Class 3: Serve 7,000-11,999",35,45000,55000,35,20000,45000,,,,35,25000,33000.0,,,,28.0,13500,25000,Yes,Yes,Yes,Yes,Yes,Yes,Yes,Yes,Yes,Yes,Yes,Yes,Extraordinary Leave Bank,No,No,No,No,No,Yes,Yes,Yes,No,No,Yes,Yes,Extraordinary Leave Bank
147,MI0409,Alcona County Library,"Class 3: Serve 7,000-11,999",35,27000,36000,18,10000,16000,,,,35,25000,35000.0,25.0,16000.0,28000.0,18.0,9000,14000,Yes,Yes,Yes,Yes,Yes,Yes,Yes,Yes,Yes,No,No,Yes,,No,No,No,No,No,No,No,No,Yes,No,Yes,No,
148,MI0412,Alma Public Library,"Class 3: Serve 7,000-11,999",,,,,,,40,37621,48929,,,,,,,15.0,7543,8494,Yes,Yes,Yes,Yes,No,Yes,Yes,Yes,No,No,Yes,No,,No,No,No,No,No,Yes,Yes,Yes,No,No,No,No,
149,MI0010,Alvah N. Belding Memorial Library,"Class 3: Serve 7,000-11,999",,,,,,,,23000,30000,25,11000,13000.0,,,,25.0,10000,26000,Yes,Yes,Yes,Yes,Yes,Yes,Yes,Yes,No,Yes,Yes,Yes,,No,No,No,No,No,No,No,Yes,No,No,Yes,Yes,
150,MI0016,Augusta-Ross Township District Library,"Class 3: Serve 7,000-11,999",44,46000,54000,,,,,,,,,,,,,20.0,8000,14000,Yes,No,No,No,No,Yes,Yes,Yes,No,No,Yes,No,Employee match for employee IRA contributions,No,No,No,No,No,No,Yes,Yes,No,No,Yes,No,
151,MI9026,Bath Township Public Library,"Class 3: Serve 7,000-11,999",,,,35,33000,35000,30,25000,25000,20,13500,13500.0,,,,11.0,5720,5720,Yes,Yes,No,No,Yes,Yes,Yes,Yes,No,No,No,No,401 K,No,No,No,No,No,Yes,Yes,Yes,No,No,No,No,
152,MI0031,Berrien Springs Community Library,"Class 3: Serve 7,000-11,999",28,15000,20000,25,12000,17000,,,,,,,,,,25.0,11000,15000,Yes,No,No,No,No,Yes,Yes,Yes,No,No,Yes,Yes,,Yes,No,No,No,No,Yes,Yes,Yes,No,No,Yes,Yes,
153,MI0036,Blair Memorial Library,"Class 3: Serve 7,000-11,999",36,38377,53916,,,,,,,,,,,,,15.0,11917,17398,Yes,Yes,Yes,No,Yes,Yes,Yes,Yes,Yes,Yes,Yes,No,Health Care Savings Plan,No,No,No,No,No,No,No,No,No,No,No,No,
154,MI0038,Boyne District Library,"Class 3: Serve 7,000-11,999",38,35000,45000,36,28000,32000,,,,,,,,,,25.0,15600,2000,Yes,Yes,No,No,Yes,Yes,Yes,Yes,No,No,Yes,No,,No,No,No,No,No,Yes,Yes,Yes,No,No,Yes,No,
155,MI0045,Buchanan District Library,"Class 3: Serve 7,000-11,999",40,28000,42000,40,25000,36000,40,22000,28000,,,,,,,25.0,12025,13500,Yes,Yes,Yes,Yes,Yes,Yes,Yes,Yes,Yes,Yes,Yes,No,,No,No,No,No,No,No,No,No,No,No,Yes,No,
156,MI0046,Bullard Sanford Memorial Library,"Class 3: Serve 7,000-11,999",,,,,,,,,,,,,,,,,,,No,No,No,No,No,No,No,No,No,No,No,No,,No,No,No,No,No,No,Yes,No,No,No,No,No,
157,MI0050,Calumet Public School Library,"Class 3: Serve 7,000-11,999",47,28956,31408,,,,,,,,,,,,,,,,Yes,Yes,Yes,Yes,Yes,Yes,Yes,Yes,No,No,Yes,Yes,,No,No,No,No,No,No,No,No,No,No,No,No,
158,MI0168,Caro Area District Library,"Class 3: Serve 7,000-11,999",40,33345,39113,,,,,,,40,32329,34760.0,,,,33.0,23113,29952,Yes,No,No,No,No,Yes,Yes,Yes,Yes,No,Yes,No,,No,No,No,No,No,Yes,Yes,Yes,Yes,No,No,No,
159,MI0054,Carson City Public Library,"Class 3: Serve 7,000-11,999",37,29687,29687,30,21450,21450,,,,26,14443,14443.0,,,,48.0,24086,24084,No,No,No,No,No,Yes,Yes,Yes,No,No,Yes,No,,No,No,No,No,No,No,No,No,No,No,No,No,
160,MI0056,Cedar Springs Public Library,"Class 3: Serve 7,000-11,999",23,15000,15000,,,,,,,,,,,,,12.0,7000,7000,Yes,No,No,No,No,Yes,Yes,Yes,No,No,Yes,No,"Yes, unspecified",No,No,No,No,No,Yes,Yes,Yes,No,No,Yes,No,
161,MI0057,Center Line Public Library,"Class 3: Serve 7,000-11,999",,,,,,,,,,,,,20.0,15600.0,21840.0,20.0,11440,16016,Yes,Yes,Yes,No,Yes,Yes,Yes,Yes,Yes,Yes,No,No,"Three separate Floating Holiday days, including Birthday.",No,No,No,No,No,No,No,No,No,No,No,No,
162,MI0060,Charlevoix Public Library,"Class 3: Serve 7,000-11,999",,,,38,35000,44000,38,35000,44000,38,35000,40000.0,16.0,19800.0,19800.0,24.0,16000,29000,Yes,Yes,Yes,No,Yes,Yes,Yes,Yes,Yes,Yes,Yes,No,,No,No,No,No,No,Yes,Yes,Yes,No,No,Yes,No,
163,MI0072,Coopersville Area District Library,"Class 3: Serve 7,000-11,999",,,,,,,36,30000,35000,36,20000,32000.0,,,,20.0,13500,18000,Yes,No,No,No,No,Yes,Yes,Yes,No,No,Yes,No,bewreavement leave - flex fund for dental and vision expenses $500 per full time employee paid for by the library,No,No,No,No,No,No,Yes,Yes,No,No,Yes,No,
164,MI0081,Delton District Library,"Class 3: Serve 7,000-11,999",30,21000,25000,,,,,,,,,,,4000.0,6000.0,20.0,8000,14500,No,No,No,No,No,No,Yes,No,No,No,No,No,Paid sick pay if due to Covid,No,No,No,No,No,Yes,Yes,No,No,No,No,No,Paid sick pay if due to Covid
165,MI0086,Dorr Township Library,"Class 3: Serve 7,000-11,999",16,8000,25000,,,,,,,,,,,,,29.0,1500,20000,No,No,No,No,No,Yes,Yes,Yes,No,No,No,No,,No,No,No,No,No,Yes,Yes,Yes,No,No,No,No,
166,MI0095,Eau Claire District Library,"Class 3: Serve 7,000-11,999",,,,,,,,,,,,,,,,40.0,34237,34923,Yes,Yes,Yes,No,Yes,Yes,Yes,Yes,No,No,No,No,,No,No,No,No,No,No,No,No,No,No,No,No,
167,MI9021,Ecorse Public Library,"Class 3: Serve 7,000-11,999",,,,,,,,,,,,,32.0,32000.0,33660.0,22.0,13728,13728,Yes,Yes,Yes,Yes,Yes,Yes,Yes,Yes,No,No,Yes,Yes,,No,No,No,No,No,No,No,No,No,No,No,No,
168,MI0102,Evart Public Library,"Class 3: Serve 7,000-11,999",,,,,,,8,6500,6500,,,,15.0,7500.0,8500.0,15.0,7500,8500,No,No,No,Yes,No,No,Yes,No,No,No,No,No,,No,No,No,No,No,No,No,No,No,No,No,No,
169,MI0177,Frankenmuth James E. Wickson District Library,"Class 3: Serve 7,000-11,999",30,24000,27000,40,36000,39000,28,18300,20300,15,8500,12000.0,,,,15.0,7100,8000,No,No,No,No,No,Yes,Yes,Yes,Yes,No,Yes,No,,No,No,No,No,No,No,No,No,No,No,No,No,
170,MI0119,Galesburg-Charleston Memorial District Library,"Class 3: Serve 7,000-11,999",,,,18,7488,22464,,,,,,,,,,12.0,5200,16640,No,No,No,No,No,No,No,No,No,No,No,No,,No,No,No,No,No,No,Yes,Yes,No,No,No,No,
171,MI0162,Gary Byker Memorial Library of Hudsonville,"Class 3: Serve 7,000-11,999",,,,28,23180,25451,,,,23,17617,18371.0,,,,13.0,9153,10045,Yes,Yes,Yes,Yes,Yes,Yes,Yes,Yes,Yes,Yes,Yes,No,,No,No,No,No,No,Yes,No,No,No,No,No,No,
172,MI0126,Gladstone School & Public Library,"Class 3: Serve 7,000-11,999",,,,,,,,,,,,,,,,40.0,30100,45600,Yes,Yes,Yes,Yes,Yes,Yes,Yes,Yes,Yes,Yes,Yes,Yes,,No,No,No,Yes,No,No,No,No,No,No,No,No,
173,MI0132,Grant Area District Library,"Class 3: Serve 7,000-11,999",32,15600,27300,35,17680,23205,,,,,,,,,,27.0,14040,21632,No,No,No,No,No,Yes,Yes,Yes,No,No,No,No,,No,No,No,No,No,Yes,Yes,Yes,No,No,No,No,
174,MI0143,Hart Area Public Library,"Class 3: Serve 7,000-11,999",25,20000,32000,,,,26,15000,20000,20,11000,16000.0,,,,,,,No,No,No,No,No,Yes,Yes,Yes,Yes,No,Yes,Yes,,No,No,No,No,No,Yes,Yes,Yes,Yes,No,Yes,Yes,
175,MI0148,Henika District Library,"Class 3: Serve 7,000-11,999",,,,40,35000,40000,,,,,,,,,,28.0,20384,26208,Yes,Yes,Yes,Yes,Yes,Yes,Yes,Yes,No,Yes,Yes,No,,No,No,No,No,No,Yes,Yes,Yes,No,No,Yes,No,
176,MI0232,Hillsdale Community Library,"Class 3: Serve 7,000-11,999",,,,,,,,,,,,,,,,29.0,16588,18096,Yes,Yes,Yes,Yes,Yes,Yes,Yes,Yes,No,No,Yes,No,,No,No,No,No,No,Yes,No,No,No,No,No,No,
177,MI0163,Huntington Woods Public Library,"Class 3: Serve 7,000-11,999",,,,,,,,,,,,,22.0,13407.0,15339.0,24.0,13275,16340,Yes,Yes,Yes,No,Yes,Yes,Yes,Yes,No,Yes,Yes,No,,No,No,No,No,No,No,No,No,No,No,No,No,
178,MI0186,Laingsburg Public Library,"Class 3: Serve 7,000-11,999",,,,,,,,,,,,,,,,24.0,13719,13719,Yes,No,Yes,Yes,No,Yes,Yes,Yes,Yes,Yes,Yes,No,,No,No,No,No,No,No,No,No,No,No,No,No,
179,MI0184,L'Anse Area School-Public Library,"Class 3: Serve 7,000-11,999",,,,,,,,,,,,,,,,10.0,3184,7000,No,No,No,No,No,No,No,No,No,No,No,No,,No,Yes,Yes,Yes,Yes,Yes,No,Yes,No,No,Yes,No,
180,MI0196,Lenox Township Library,"Class 3: Serve 7,000-11,999",,,,,,,40,36875,45198,37,32718,41038.0,24.0,27500.0,36550.0,29.0,20280,28080,Yes,No,No,Yes,No,Yes,Yes,Yes,Yes,No,No,No,,No,No,No,No,No,No,Yes,Yes,No,No,No,No,
181,MI0290,Lois Wagner Memorial Library,"Class 3: Serve 7,000-11,999",,,,,,,,,,,,,25.0,19188.0,21606.0,40.0,35297,39374,Yes,Yes,Yes,No,Yes,Yes,Yes,Yes,Yes,Yes,Yes,No,,No,No,No,No,No,Yes,Yes,Yes,No,No,No,No,
182,MI0212,Manchester District Library,"Class 3: Serve 7,000-11,999",,,,,,,,,,20,19200,21000.0,,,,,,,No,No,No,No,No,Yes,Yes,No,No,No,No,No,,No,No,No,No,No,No,Yes,No,No,No,No,No,
183,MI0214,Manistique School & Public Library,"Class 3: Serve 7,000-11,999",40,16000,34000,,,,,,,,,,,,,19.0,8000,16500,Yes,Yes,Yes,Yes,Yes,Yes,Yes,Yes,Yes,Yes,Yes,Yes,,No,No,No,Yes,No,Yes,Yes,Yes,Yes,Yes,Yes,Yes,
184,MI9018,Melvindale Public Library,"Class 3: Serve 7,000-11,999",,,,,,,,,,21,21840,21840.0,21.0,15330.0,15330.0,,,,No,No,No,No,No,No,No,No,No,No,No,No,,No,No,No,No,No,Yes,No,No,No,No,No,No,
185,MI0230,Millington Arbela District Library,"Class 3: Serve 7,000-11,999",30,17160,24960,,,,,,,,,,,,,20.0,90,12085,Yes,Yes,No,No,Yes,Yes,Yes,Yes,Yes,No,No,No,,No,No,No,No,No,No,Yes,No,No,No,Yes,No,
186,MI0234,Montmorency County Public Libraries,"Class 3: Serve 7,000-11,999",30,18720,22897,30,17160,24054,,,,,,,,,,15.0,7605,10694,No,No,No,No,No,No,No,No,No,No,No,No,,No,No,No,No,No,Yes,No,Yes,No,No,No,Yes,
187,MI0239,Munising School Public Library,"Class 3: Serve 7,000-11,999",,,,,,,26,20790,20790,20,12636,12636.0,,,,,,,No,No,No,No,No,No,No,No,No,No,No,No,,No,No,No,Yes,No,Yes,No,No,Yes,No,Yes,No,first 6 snowdays are paid
188,MI0241,Negaunee Public Library,"Class 3: Serve 7,000-11,999",21,11460,12606,,,,,,,5,220,2200.0,,,,15.0,3848,7371,No,No,No,No,No,No,No,No,No,No,No,No,,No,No,No,No,No,No,No,No,No,No,No,No,
189,MI0379,Northfield Township Area Library,"Class 3: Serve 7,000-11,999",37,55000,76123,37,45000,62290,,,,,,,,,,15.0,11700,16380,No,Yes,Yes,Yes,Yes,Yes,Yes,Yes,No,Yes,No,Yes,HRA,No,No,No,No,No,No,No,Yes,No,No,Yes,No,
190,MI0257,Oscoda County Library,"Class 3: Serve 7,000-11,999",,,,29,15155,15155,40,29120,29120,20,9620,9620.0,20.0,9620.0,9620.0,20.0,9620,9932,Yes,Yes,Yes,No,Yes,No,Yes,Yes,No,Yes,Yes,No,,No,No,No,No,No,No,Yes,Yes,No,No,Yes,No,
191,MI0263,Parchment Community Library,"Class 3: Serve 7,000-11,999",,,,35,47371,47371,20,7800,31604,,,,,,,11.0,1146,30241,Yes,Yes,No,No,Yes,Yes,Yes,Yes,No,No,No,No,,No,No,No,No,No,Yes,Yes,Yes,No,No,No,No,
192,MI9012,Patmos Library,"Class 3: Serve 7,000-11,999",,,,,,,22,14664,18239,21,14196,15153.0,,,,14.0,5460,9828,No,No,No,Yes,No,No,No,No,No,No,No,No,one free community room rental per year,No,No,No,Yes,No,No,No,No,No,No,No,No,one free community room rental per year
193,MI0122,Pere Marquette District Library,"Class 3: Serve 7,000-11,999",20,20800,35500,,,,,,,20,8320,10000.0,40.0,23000.0,23000.0,,,,No,No,No,No,No,Yes,Yes,Yes,Yes,No,Yes,No,,No,No,No,No,No,No,No,Yes,No,No,Yes,No,
194,MI0271,Pinckney Community Public Library,"Class 3: Serve 7,000-11,999",34,63292,63292,32,38480,834200,34,42640,104000,28,38480,83200.0,,,,28.0,21840,43680,No,No,No,No,No,Yes,Yes,Yes,No,No,Yes,No,Employer paid HRA account,No,No,No,No,No,No,Yes,No,No,No,No,No,Employer paid HRA account
195,MI0282,Rawson Memorial Library,"Class 3: Serve 7,000-11,999",36,27000,35000,,,,30,22000,28000,25,15000,22000.0,,,,15.0,5000,12000,Yes,No,No,Yes,No,Yes,Yes,Yes,No,No,No,No,,No,No,No,Yes,No,Yes,Yes,Yes,No,No,No,No,
196,MI0284,Reed City Area District Library,"Class 3: Serve 7,000-11,999",32,14034,32340,,,,,,,,,,,,,21.0,8400,13440,No,No,No,No,No,No,No,No,No,No,No,No,,No,No,No,No,No,No,No,No,No,No,Yes,No,
197,MI0288,Richland Community Library,"Class 3: Serve 7,000-11,999",32,27000,36000,,,,25,12000,15000,26,15000,15000.0,,,,28.0,13000,15000,No,No,No,No,No,No,Yes,Yes,Yes,No,Yes,No,Limited Use Flex Spending,No,No,No,No,No,No,Yes,No,No,No,Yes,No,
198,MI9019,River Rouge Public Library,"Class 3: Serve 7,000-11,999",,,,,,,,,,,18720,22880.0,,,,,12480,14560,No,No,No,No,No,No,No,No,No,No,No,No,,No,No,No,No,No,No,No,No,No,No,No,No,
199,MI0165,Ruth Hughes Memorial District Library,"Class 3: Serve 7,000-11,999",,,,40,33000,39000,,,,,,,40.0,33000.0,39000.0,20.0,11440,13520,Yes,Yes,Yes,No,Yes,Yes,Yes,Yes,No,Yes,Yes,No,IRA,No,No,No,No,No,No,No,Yes,No,No,No,No,
200,MI0320,Saint Charles District Library,"Class 3: Serve 7,000-11,999",,,,,,,21,10561,12000,15,3785,7683.0,,,,21.0,10756,16918,No,No,No,No,No,No,No,No,No,No,No,No,,No,No,No,No,No,No,Yes,Yes,No,No,Yes,No,
201,MI0423,Salem Township Library,"Class 3: Serve 7,000-11,999",31,23293,32310,,,,26,17711,29291,22,12402,423701.0,,,,12.0,6890,23701,No,No,No,No,No,No,Yes,Yes,No,No,No,No,,No,No,No,No,No,No,Yes,Yes,No,No,No,No,
202,MI0301,Sandusky District Library,"Class 3: Serve 7,000-11,999",,,,,,,20,12500,15000,20,8000,10000.0,20.0,12000.0,15000.0,10.0,4000,5000,No,No,No,No,No,No,No,No,No,No,No,No,,No,No,No,No,No,No,No,No,No,No,No,No,
203,MI0303,Saranac Public Library,"Class 3: Serve 7,000-11,999",,,,0,18000,24000,37,20000,39000,10,5200,19000.0,10.0,5200.0,19000.0,30.0,14000,24000,Yes,Yes,No,Yes,No,No,Yes,Yes,No,No,Yes,No,,No,No,No,No,No,No,No,Yes,No,No,Yes,No,
204,MI0428,Schultz-Holmes Memorial Library,"Class 3: Serve 7,000-11,999",40,32240,32240,,,,,,,,,,,,,25.0,14300,14820,Yes,Yes,No,Yes,No,No,No,Yes,No,No,Yes,Yes,,No,No,No,No,No,No,No,No,No,No,No,No,
205,MI0309,Shelby Area District Library,"Class 3: Serve 7,000-11,999",35,27000,30000,,,,30,20000,23000,20,9000,11000.0,,,,9.0,7000,10000,Yes,No,No,No,Yes,Yes,Yes,Yes,Yes,No,Yes,Yes,,No,No,No,No,No,Yes,Yes,Yes,Yes,No,Yes,Yes,
206,MI0314,South Haven Memorial Library,"Class 3: Serve 7,000-11,999",,,,40,24000,36000,40,24000,42000,,,,,,,20.0,9880,15600,Yes,No,Yes,Yes,No,Yes,Yes,Yes,No,Yes,No,No,,No,No,No,No,No,No,No,No,No,No,No,No,
207,MI0317,Sparta Carnegie Township Library,"Class 3: Serve 7,000-11,999",36,36500,42500,32,17000,22000,27,10500,15500,11,4500,6500.0,,,,,,,No,No,No,No,No,Yes,Yes,Yes,No,No,Yes,No,"Yes, unspecified",No,No,No,No,No,No,No,No,No,No,No,No,
208,MI0318,Spies Public Library,"Class 3: Serve 7,000-11,999",,,,,,,35,27027,27664,,,,40.0,35360.0,36088.0,35.0,23915,24552,Yes,Yes,Yes,Yes,Yes,Yes,Yes,Yes,Yes,No,Yes,Yes,,No,No,No,No,No,Yes,Yes,Yes,Yes,No,Yes,Yes,
209,MI0328,Surrey Township Public Library,"Class 3: Serve 7,000-11,999",40,25000,33000,,,,,,,,,,,,,,20000,30000,No,No,No,No,No,Yes,Yes,Yes,Yes,No,Yes,No,,No,No,No,No,No,No,No,No,No,No,No,No,
210,MI0330,Tahquamenon Area Public Library,"Class 3: Serve 7,000-11,999",,,,40,35568,35568,,,,,,,,,,,2448,26354,No,No,No,No,No,No,No,Yes,No,No,Yes,No,,No,No,No,No,No,Yes,No,No,No,No,Yes,No,
211,MI0331,Tamarack District Library,"Class 3: Serve 7,000-11,999",,,,,,,40,27040,31200,,,,20.0,12480.0,18397.0,20.0,11440,12250,No,No,No,No,No,Yes,Yes,Yes,No,No,No,No,,No,No,No,No,No,Yes,Yes,Yes,No,No,No,No,
212,MI0335,Theodore A. Cutler Memorial Library,"Class 3: Serve 7,000-11,999",,,,,,,,,,35,27937,31928.0,,,,18.0,9700,12125,Yes,Yes,Yes,No,No,Yes,Yes,Yes,No,Yes,Yes,No,,No,No,No,No,No,Yes,No,No,No,No,No,No,
213,MI0336,Thomas Township Library,"Class 3: Serve 7,000-11,999",,,,40,30000,36900,,,,,,,,,,20.0,10754,17316,Yes,No,No,No,No,Yes,Yes,Yes,No,Yes,No,No,,No,No,No,No,No,No,No,No,No,No,No,No,PTO scale based ib yrly hrs worked and longevity
214,MI0337,Thompson Home Public Library,"Class 3: Serve 7,000-11,999",,,,,,,,,,14,7000,8000.0,,,,14.0,7000,8000,No,No,No,No,No,No,No,No,No,No,No,No,,No,No,No,No,No,No,No,No,No,No,No,No,
215,MI0286,Timothy C. Hauenstein Reynolds Township Library,"Class 3: Serve 7,000-11,999",40,38400,38400,,,,,,,24,13248,16128.0,,,,21.0,10080,14112,Yes,Yes,No,No,Yes,No,Yes,Yes,No,No,Yes,No,,No,No,No,No,No,No,Yes,Yes,No,No,Yes,No,
216,MI0354,Walton Erickson Public Library,"Class 3: Serve 7,000-11,999",,,,,,,,,,,,,,,,32.0,16000,18200,No,No,No,No,No,No,No,No,No,No,No,No,,No,No,Yes,Yes,No,No,No,No,No,No,No,No,
217,MI0363,West Branch District Library,"Class 3: Serve 7,000-11,999",40,32240,38500,40,29120,32240,40,24960,32400,20,13863,15600.0,,,,15.0,8580,11700,Yes,No,No,Yes,No,Yes,Yes,Yes,No,Yes,Yes,No,,No,No,No,No,No,No,No,No,No,No,No,No,
218,MI0364,West Iron District Library,"Class 3: Serve 7,000-11,999",35,30000,45000,40,20000,39000,,,,,,,20.0,10000.0,26000.0,40.0,20800,36000,Yes,Yes,No,No,Yes,Yes,Yes,Yes,No,No,Yes,No,,No,No,No,No,No,Yes,No,Yes,No,No,No,No,
219,MI0091,White Cloud Community Library,"Class 3: Serve 7,000-11,999",34,34565,39445,,,,34,24752,30541,28,15252,17422.0,,,,20.0,14414,16816,No,No,Yes,Yes,No,Yes,Yes,Yes,Yes,Yes,Yes,No,Bereavement,No,No,No,No,No,No,No,Yes,No,No,No,No,PTO
220,MI0370,White Lake Community Library,"Class 3: Serve 7,000-11,999",40,39312,48048,,,,27,15698,19187,24,13478,16474.0,,,,12.0,6273,7033,No,No,No,No,No,Yes,Yes,Yes,No,No,No,No,,No,No,No,No,No,Yes,Yes,No,No,No,No,No,
221,MI0368,White Pine District Library,"Class 3: Serve 7,000-11,999",34,26520,33462,28,14705,14705,22,11948,13791,21,11224,11224.0,,,,11.0,5596,5770,No,No,No,No,No,No,No,No,No,No,No,No,,No,No,No,No,No,Yes,Yes,Yes,No,No,Yes,No,
222,MI0406,Adrian District Library,"Class 4: Serve 12,000-25,999",40,44000,58000,,,,40,45864,63461,40,39562,54746.0,,,,20.0,11586,16026,Yes,Yes,No,No,Yes,Yes,Yes,Yes,Yes,No,No,No,,No,No,No,No,No,Yes,Yes,Yes,No,No,No,No,
223,MI0410,Allegan District Library,"Class 4: Serve 12,000-25,999",40,40000,55000,40,30000,45000,40,34300,48000,,,,40.0,34300.0,48000.0,20.0,10920,14560,Yes,No,Yes,No,No,Yes,Yes,Yes,Yes,Yes,Yes,No,,No,No,No,No,No,Yes,Yes,Yes,Yes,No,Yes,No,
224,MI0015,Auburn Hills Public Library,"Class 4: Serve 12,000-25,999",,,,40,48000,54000,40,45000,48500,24,22464,26208.0,28.0,23296.0,24752.0,20.0,12490,14976,Yes,Yes,Yes,No,Yes,Yes,Yes,Yes,Yes,Yes,Yes,No,,No,No,No,No,No,No,No,No,No,No,No,No,
225,MI0017,Bacon Memorial District Library,"Class 4: Serve 12,000-25,999",,,,,,,39,42400,52300,,,,,,,39.0,42000,42500,Yes,Yes,Yes,No,Yes,Yes,Yes,Yes,Yes,Yes,No,No,,No,No,No,No,No,Yes,Yes,Yes,Yes,No,No,No,
226,MI0027,Benton Harbor Public Library,"Class 4: Serve 12,000-25,999",,,,,35000,45000,,,,,,,,,,28.0,10000,25000,No,No,Yes,No,No,Yes,Yes,Yes,No,No,Yes,No,401k,No,No,No,No,No,Yes,Yes,Yes,No,No,Yes,No,Paid holidays and PTO for part time over 20 hours per week
227,MI0030,Berkley Public Library,"Class 4: Serve 12,000-25,999",,,,,,,,,,28,23347,29714.0,,,,40.0,35020,42979,Yes,Yes,Yes,Yes,Yes,Yes,Yes,Yes,Yes,Yes,Yes,No,,No,No,No,No,No,No,No,No,No,No,No,No,
228,MI0035,Big Rapids Community Library,"Class 4: Serve 12,000-25,999",,,,,,,,,,,,,,,,,,,Yes,Yes,Yes,Yes,Yes,Yes,Yes,Yes,Yes,Yes,Yes,Yes,"457 Match, Afflac",No,No,No,No,No,Yes,No,No,No,No,No,No,
229,MI0040,Brandon Township Public Library,"Class 4: Serve 12,000-25,999",,,,40,49889,59634,40,41267,49317,29,21866,26133.0,,,,29.0,16588,19830,Yes,Yes,Yes,Yes,Yes,Yes,Yes,Yes,Yes,No,No,No,Retirement,No,No,Yes,No,No,Yes,Yes,Yes,No,No,No,No,
230,MI0041,Bridgeport Public Library,"Class 4: Serve 12,000-25,999",,,,40,28000,45000,,,,40,22000,36000.0,,,,25.0,9000,14000,Yes,Yes,Yes,Yes,No,Yes,Yes,Yes,No,Yes,Yes,Yes,,No,No,No,No,No,Yes,Yes,Yes,No,No,No,No,
231,MI0026,Briggs District Library,"Class 4: Serve 12,000-25,999",40,46205,46205,,,,40,33660,33660,10,6994,6994.0,,,,12.0,6396,7020,Yes,Yes,Yes,No,Yes,Yes,Yes,Yes,Yes,Yes,Yes,Yes,,No,No,No,No,No,No,No,Yes,No,No,Yes,No,"Yes, unspecified"
232,MI0059,Charles A. Ransom District Library,"Class 4: Serve 12,000-25,999",45,45000,57000,40,40000,45000,40,27000,35000,20,12000,15000.0,40.0,30000.0,40000.0,15.0,8000,12000,Yes,No,No,No,No,Yes,Yes,Yes,No,Yes,Yes,No,,No,No,No,No,No,No,No,No,No,No,No,No,
233,MI0061,Charlotte Community Library,"Class 4: Serve 12,000-25,999",,,,,,,35,,,35,30940,36400.0,,,,25.0,13000,14950,Yes,Yes,Yes,Yes,Yes,Yes,Yes,Yes,Yes,Yes,Yes,Yes,,No,No,No,No,No,No,No,Yes,Yes,No,Yes,Yes,
234,MI0063,Cheboygan Area Public Library,"Class 4: Serve 12,000-25,999",40,38000,50000,,,,40,36000,42000,,,,,,,24.0,12000,20000,Yes,Yes,Yes,Yes,Yes,Yes,Yes,Yes,No,No,No,Yes,,No,No,No,Yes,No,Yes,Yes,Yes,No,No,No,Yes,
235,MI0223,Chelsea District Library,"Class 4: Serve 12,000-25,999",40,52741,68427,40,45822,60599,40,36456,48213,40,36456,48213.0,40.0,43841.0,57980.0,40.0,23254,30763,Yes,No,Yes,Yes,No,Yes,Yes,Yes,Yes,Yes,Yes,No,,No,No,No,No,No,Yes,Yes,Yes,Yes,Yes,Yes,No,
236,MI0067,Coloma Public Library,"Class 4: Serve 12,000-25,999",40,33280,51000,,,,,,,,,,,,,38.0,13520,28275,Yes,No,No,No,No,Yes,Yes,Yes,No,No,Yes,No,,No,No,No,No,No,No,No,No,No,No,No,No,
237,MI0070,Comstock Township Library,"Class 4: Serve 12,000-25,999",,,,38,39000,46000,,,,20,17000,20000.0,,,,20.0,11000,20000,Yes,Yes,No,Yes,Yes,Yes,Yes,Yes,Yes,Yes,Yes,No,Birthday,No,No,No,No,No,Yes,Yes,Yes,No,Yes,Yes,No,Birthday
238,MI0074,Crawford County Library,"Class 4: Serve 12,000-25,999",,,,40,25000,35000,,,,20,10500,13500.0,40.0,25000.0,35000.0,20.0,10400,12480,Yes,Yes,Yes,Yes,Yes,Yes,Yes,Yes,Yes,No,Yes,Yes,,No,No,No,No,No,Yes,Yes,No,No,No,Yes,No,
239,MI0106,DeWitt District Library,"Class 4: Serve 12,000-25,999",40,47278,55000,,,,,,,,,,,,,,,,Yes,Yes,Yes,Yes,Yes,Yes,Yes,Yes,No,No,No,No,,No,No,No,No,No,No,No,No,No,No,No,No,
240,MI0084,Dexter District Library,"Class 4: Serve 12,000-25,999",,,,40,50000,65000,40,43888,55000,20,18980,30000.0,40.0,50000.0,65000.0,15.0,9375,12500,Yes,No,Yes,No,No,Yes,Yes,Yes,Yes,Yes,No,Yes,FSA,No,No,No,No,No,No,No,No,Yes,No,No,Yes,
241,MI0087,Dowagiac District Library,"Class 4: Serve 12,000-25,999",,,,40,30389,40992,,,,,,,,,,16.0,6848,14795,Yes,Yes,Yes,Yes,Yes,Yes,Yes,Yes,Yes,No,Yes,No,,No,No,No,No,No,Yes,No,Yes,Yes,No,No,No,
242,MI0094,Eaton Rapids Area District Library,"Class 4: Serve 12,000-25,999",35,35000,40000,,,,,,,30,20150,23957.0,27.0,20150.0,23957.0,22.0,10621,24140,Yes,Yes,No,No,Yes,Yes,Yes,Yes,Yes,No,Yes,No,,Yes,Yes,No,No,Yes,Yes,Yes,Yes,Yes,No,Yes,No,
243,MI0101,Escanaba Public Library,"Class 4: Serve 12,000-25,999",,,,40,40000,48890,40,30000,43614,,,,,,,40.0,30000,38929,Yes,Yes,Yes,Yes,Yes,Yes,Yes,Yes,No,No,Yes,Yes,EAP,No,No,No,Yes,No,No,No,Yes,No,No,No,Yes,EAP
244,MI0107,Fennville District Library,"Class 4: Serve 12,000-25,999",,,,,,,,,,,,,,,,28.0,18928,21767,No,No,No,No,No,Yes,Yes,Yes,No,No,Yes,No,,No,No,No,No,No,Yes,Yes,Yes,No,No,Yes,No,
245,MI0108,Ferndale Area District Library,"Class 4: Serve 12,000-25,999",40,50000,62000,40,38000,52000,,,,40,34000,45000.0,,,,25.0,15600,22750,Yes,Yes,Yes,No,Yes,Yes,Yes,Yes,No,Yes,Yes,No,"401 A, 457, Roth IRA",Yes,Yes,No,No,Yes,Yes,Yes,Yes,No,No,Yes,No,
246,MI0133,Flat River Community Library,"Class 4: Serve 12,000-25,999",,,,40,30000,35000,40,40000,45000,40,35000,40000.0,,,,20.0,8500,20000,Yes,Yes,Yes,No,Yes,Yes,Yes,Yes,No,No,No,Yes,401a match,No,No,No,No,No,Yes,Yes,Yes,No,No,No,No,
247,MI0421,Flat Rock Public Library,"Class 4: Serve 12,000-25,999",,,,,,,40,47180,47180,4,3733,3733.0,6.0,12810.0,12810.0,16.0,8694,13752,No,No,Yes,No,No,Yes,Yes,Yes,No,No,Yes,Yes,,No,No,No,No,No,No,No,No,No,No,No,No,
248,MI0113,Fowlerville District Library,"Class 4: Serve 12,000-25,999",35,60000,70000,35,27300,50000,20,14560,23660,18,13104,18252.0,,,,4.0,2132,2912,Yes,Yes,No,Yes,Yes,Yes,Yes,Yes,No,No,Yes,No,,No,No,No,No,No,Yes,No,No,No,No,Yes,No,
249,MI0116,Fraser Public Library,"Class 4: Serve 12,000-25,999",,,,38,37000,42000,22,19176,24108,9,3248,7245.0,,,,20.0,4890,19010,Yes,Yes,Yes,No,Yes,Yes,Yes,Yes,Yes,Yes,No,No,Bereavement,No,No,Yes,No,No,Yes,Yes,Yes,No,Yes,No,No,Bereavement
250,MI0118,Fremont Area District Library,"Class 4: Serve 12,000-25,999",,,,36,30684,50179,36,46012,50179,,,,,,,20.0,15000,27000,Yes,Yes,Yes,Yes,No,Yes,Yes,Yes,Yes,No,Yes,No,Wellness Program,No,No,No,No,No,Yes,Yes,Yes,No,No,Yes,No,Wellness Program
251,MI9022,Fruitport District Library,"Class 4: Serve 12,000-25,999",,,,25,16640,24960,,,,,,,,,,35.0,15184,32760,No,No,No,No,No,No,No,No,No,No,No,No,,No,No,No,No,No,No,No,No,No,No,No,No,
252,MI0127,Gladwin County District Library,"Class 4: Serve 12,000-25,999",40,42354,42354,,,,,,,,,,,,,30.0,15054,25974,Yes,Yes,Yes,No,Yes,Yes,Yes,Yes,No,No,No,No,457b program,No,No,No,No,No,Yes,Yes,Yes,No,No,No,No,Gym Membership
253,MI0130,Grand Ledge Area District Library,"Class 4: Serve 12,000-25,999",,,,,,,,,,,,,24.0,15000.0,21000.0,22.0,8000,32000,No,No,No,No,No,No,No,No,No,No,No,No,,No,No,Yes,No,No,No,No,Yes,Yes,Yes,Yes,No,ICHRA
254,MI0137,Hamburg Township Library,"Class 4: Serve 12,000-25,999",,,,40,52915,52915,,,,,,,,,,27.0,24079,24709,Yes,Yes,Yes,No,Yes,Yes,Yes,Yes,Yes,Yes,Yes,No,,Yes,Yes,No,No,Yes,Yes,Yes,Yes,No,No,No,Yes,
255,MI0138,Hamtramck Public Library,"Class 4: Serve 12,000-25,999",,,,,,,20,DNR,DNR,20,40000,46000.0,29.0,30000.0,42000.0,40.0,32000,39000,Yes,No,Yes,Yes,Yes,Yes,Yes,Yes,No,No,Yes,No,,No,No,No,No,No,No,No,No,No,No,No,No,
256,MI0141,Harper Woods Public Library,"Class 4: Serve 12,000-25,999",,,,,,,38,35000,50000,20,18000,20000.0,38.0,35000.0,40000.0,20.0,10000,13000,Yes,Yes,Yes,Yes,Yes,Yes,Yes,Yes,Yes,No,Yes,Yes,,No,No,No,No,No,No,No,No,No,No,No,No,
257,MI0142,Harrison District Library,"Class 4: Serve 12,000-25,999",20,20000,30000,32,24000,40000,,,,,,,20.0,16640.0,22000.0,20.0,10400,14000,No,No,No,No,No,Yes,Yes,Yes,No,No,Yes,No,"Aflac, MERS 457 plan",No,No,No,No,No,No,No,Yes,No,No,Yes,No,"Aflac, MERS 457 plan"
258,MI0435,Harrison Township Public Library,"Class 4: Serve 12,000-25,999",,,,,,,25,26000,26000,,,,1.0,4200.0,4320.0,15.0,8190,8190,No,No,No,No,No,No,No,No,No,No,No,No,,No,No,No,No,No,No,No,Yes,No,No,No,No,
259,MI0145,Hastings Public Library,"Class 4: Serve 12,000-25,999",28,24000,25000,40,32000,34400,40,24600,26000,,,,,,,15.0,7800,8100,Yes,Yes,Yes,Yes,No,Yes,Yes,Yes,No,No,Yes,No,,No,No,No,No,No,No,No,No,No,No,No,No,
260,MI0146,Hazel Park Memorial District Library,"Class 4: Serve 12,000-25,999",,,,,,,40,40000,45000,4,3744,28080.0,14.0,15000.0,20000.0,16.0,10000,34000,Yes,Yes,Yes,Yes,Yes,Yes,Yes,Yes,Yes,Yes,No,No,,No,No,No,No,No,No,No,No,No,No,No,No,
261,MI0152,Highland Township Public Library,"Class 4: Serve 12,000-25,999",,,,38,40540,56647,,,,38,37674,52630.0,,,,38.0,22230,38064,Yes,Yes,Yes,Yes,Yes,Yes,Yes,Yes,Yes,No,Yes,No,,No,No,No,No,No,Yes,Yes,Yes,Yes,No,Yes,No,leave time is pro-rated for part-time staff
262,MI0153,Holly Township Library,"Class 4: Serve 12,000-25,999",,,,40,27000,40000,,,,40,23700,35000.0,,,,,7200,29120,No,No,No,No,Yes,Yes,Yes,Yes,No,No,Yes,No,,No,No,No,No,No,Yes,Yes,Yes,No,No,Yes,No,
263,MI0158,Houghton Lake Public Library,"Class 4: Serve 12,000-25,999",,,,40,35360,45760,,,,40,31200,45760.0,40.0,35360.0,45760.0,40.0,24960,34320,Yes,Yes,Yes,Yes,Yes,Yes,Yes,Yes,No,Yes,Yes,No,,No,No,No,No,No,No,No,No,No,No,No,No,
264,MI0378,Howard Miller Library,"Class 4: Serve 12,000-25,999",40,40384,52498,,,,40,40384,52498,18,12879,17166.0,24.0,17609.0,23462.0,15.0,7378,9586,Yes,Yes,Yes,Yes,No,Yes,Yes,Yes,Yes,Yes,Yes,Yes,Performance Incentive,No,No,No,No,No,No,No,No,No,No,No,No,Performance Incentive
265,MI0136,Ionia Community Library,"Class 4: Serve 12,000-25,999",,,,40,47861,47861,40,42515,42515,32,34012,34012.0,32.0,29253.0,29253.0,40.0,31907,31907,Yes,Yes,Yes,Yes,Yes,Yes,Yes,Yes,Yes,No,Yes,Yes,"$80 clothing allowance, MLA membership for 3 librarians",No,No,Yes,No,No,Yes,Yes,Yes,Yes,Yes,Yes,Yes,$80 clothing allowance
266,MI0173,Ishpeming Carnegie Public Library,"Class 4: Serve 12,000-25,999",,,,,,,40,44324,44324,27,28866,28866.0,,,,20.0,10826,10826,Yes,Yes,Yes,Yes,Yes,Yes,Yes,Yes,No,No,Yes,Yes,,No,No,No,No,No,No,Yes,Yes,No,No,No,No,
267,MI0181,Kalkaska County Library,"Class 4: Serve 12,000-25,999",,,,,,,35,32760,38948,35,27300,32451.0,19.0,12844.0,15265.0,17.0,8354,9927,Yes,Yes,Yes,Yes,Yes,Yes,Yes,Yes,Yes,Yes,No,No,Sick time buyout ,No,No,No,No,No,Yes,Yes,Yes,Yes,Yes,No,No,Sick time buyout 
268,MI0431,Leanna Hicks Public Library of Inkster,"Class 4: Serve 12,000-25,999",,,,,,,,,,40,40000,40000.0,,,,22.0,8320,18096,Yes,Yes,Yes,No,Yes,No,No,Yes,No,No,Yes,No,,No,No,No,No,No,No,No,No,No,No,No,No,
269,MI0198,Lincoln Township Public Library,"Class 4: Serve 12,000-25,999",,,,40,43000,55000,40,37440,50000,40,30000,45000.0,40.0,33280.0,50000.0,20.0,10400,16982,Yes,No,Yes,No,No,Yes,Yes,Yes,Yes,No,No,No,,No,No,No,No,No,Yes,Yes,Yes,No,No,No,No,
270,MI0204,Lyon Township Public Library,"Class 4: Serve 12,000-25,999",,,,,,,40,38000,48200,,,,40.0,45000.0,50100.0,35.0,15000,32200,Yes,Yes,No,Yes,Yes,Yes,Yes,Yes,Yes,No,Yes,No,,No,No,No,No,No,Yes,Yes,Yes,Yes,No,Yes,No,
271,MI0242,MacDonald Public Library,"Class 4: Serve 12,000-25,999",40,32000,57000,,,,40,32000,50000,40,31200,38500.0,,,,20.0,12480,15000,Yes,Yes,Yes,Yes,Yes,Yes,Yes,Yes,No,Yes,No,No,,No,No,No,No,No,No,No,Yes,No,No,No,No,
272,MI0213,Manistee County Library,"Class 4: Serve 12,000-25,999",40,41168,44944,38,28020,36417,38,36457,47424,38,30173,39224.0,38.0,28711.0,37827.0,38.0,22230,28830,Yes,Yes,Yes,Yes,Yes,No,Yes,Yes,Yes,Yes,Yes,No,,No,No,No,Yes,No,No,Yes,Yes,Yes,No,Yes,No,
273,MI0218,Marshall District Library,"Class 4: Serve 12,000-25,999",40,54000,71000,40,43800,56000,,,,40,36500,48600.0,40.0,43800.0,56000.0,30.0,17350,29500,Yes,Yes,No,No,Yes,Yes,Yes,Yes,Yes,No,No,No,,Yes,Yes,No,No,Yes,Yes,Yes,Yes,Yes,No,No,No,
274,MI0220,Maud Preston Palenske Memorial Library,"Class 4: Serve 12,000-25,999",32,27400,37200,40,30300,41200,40,24700,33500,20,12300,16800.0,40.0,24700.0,33500.0,,,,Yes,Yes,Yes,Yes,Yes,Yes,Yes,Yes,Yes,Yes,Yes,No,,No,No,No,No,No,Yes,Yes,Yes,No,Yes,Yes,No,
275,MI0226,Menominee County Library,"Class 4: Serve 12,000-25,999",,,,,,,,,,40,34986,41984.0,,,,25.0,17502,21877,Yes,Yes,Yes,Yes,Yes,Yes,Yes,Yes,Yes,Yes,Yes,Yes,,No,No,No,No,No,No,No,No,No,No,No,Yes,
276,MI0228,Milan Public Library,"Class 4: Serve 12,000-25,999",24,15000,25000,,,,24,15000,25000,16,15000,25000.0,,,,29.0,8500,13500,Yes,Yes,Yes,Yes,Yes,Yes,Yes,Yes,No,Yes,Yes,No,,No,No,No,No,No,Yes,Yes,No,No,No,Yes,No,
277,MI0229,Milford Public Library,"Class 4: Serve 12,000-25,999",,,,38,42000,54505,,,,38,36500,50000.0,,,,38.0,22700,32500,Yes,Yes,No,Yes,Yes,Yes,Yes,Yes,No,No,Yes,No,,No,No,No,No,No,No,No,No,No,No,No,No,Prorated Sick/Vacation leave for those working over 21 hours per week on a regular and recurring basis
278,MI0231,Missaukee District Library,"Class 4: Serve 12,000-25,999",,,,,,,,,,,,,,,,20.0,10000,18000,No,No,No,No,No,No,No,No,No,No,No,No,,No,No,No,No,No,Yes,No,Yes,No,No,No,No,Birthday off - paid
279,MI0237,Mount Clemens Public Library,"Class 4: Serve 12,000-25,999",35,65000,80936,,,,35,37138,61831,35,37881,63068.0,,,,20.0,12480,15423,Yes,Yes,Yes,Yes,Yes,Yes,Yes,Yes,Yes,Yes,Yes,Yes,,No,No,No,Yes,No,Yes,Yes,No,No,No,Yes,Yes,
280,MI0245,Niles District Library,"Class 4: Serve 12,000-25,999",,,,38,35000,50000,38,30500,48000,38,25350,32500.0,38.0,25000.0,38000.0,25.0,1400,2200,Yes,Yes,Yes,Yes,No,Yes,Yes,Yes,No,No,No,No,EAP,No,No,No,No,No,No,No,Yes,No,No,Yes,No,EAP
281,MI0253,Ogemaw District Library,"Class 4: Serve 12,000-25,999",40,24000,30000,35,19000,28000,35,18000,28000,10,5200,6500.0,,,,,13000,17000,No,No,No,No,No,Yes,Yes,Yes,No,No,Yes,No,24 business hours,No,No,No,No,No,No,No,Yes,No,No,No,No,
282,MI0258,Otsego County Library,"Class 4: Serve 12,000-25,999",40,40000,55000,22,12000,14000,40,35700,50000,40,35000,40000.0,40.0,33000.0,40000.0,25.0,13585,28000,Yes,Yes,No,Yes,Yes,No,Yes,Yes,Yes,No,Yes,No,"Section 125 FSA, Health Care Savings Plan",No,No,No,No,No,No,Yes,Yes,Yes,No,Yes,No, Section 125 FSA
283,MI0259,Otsego District Public Library,"Class 4: Serve 12,000-25,999",40,36040,36040,,,,,,,,,,,,,20.0,4305,21400,Yes,Yes,Yes,Yes,Yes,Yes,Yes,Yes,No,Yes,No,No,Health Savings Account,No,No,No,No,No,Yes,Yes,Yes,No,No,No,No,AFLAC available 
284,MI0262,Oxford Public Library,"Class 4: Serve 12,000-25,999",,,,40,45000,65000,40,37440,45760,20,18720,22880.0,,,,20.0,11440,14560,Yes,Yes,Yes,Yes,Yes,Yes,Yes,Yes,No,No,No,No,,No,No,No,Yes,No,Yes,Yes,Yes,No,No,No,No,
285,MI0265,Paw Paw District Library,"Class 4: Serve 12,000-25,999",,,,,,,30,35000,53000,40,32000,35000.0,40.0,55000.0,57000.0,21.0,17000,26000,No,No,Yes,No,No,Yes,Yes,Yes,Yes,Yes,Yes,No,27% of salary paid as stipend for benefits,No,No,Yes,No,No,Yes,Yes,Yes,Yes,Yes,Yes,No,
286,MI0269,Petoskey District Library,"Class 4: Serve 12,000-25,999",,,,40,37000,47000,,,,40,33000,43000.0,40.0,40000.0,50000.0,25.0,16900,20800,Yes,Yes,Yes,Yes,Yes,No,Yes,Yes,Yes,Yes,Yes,Yes,phone stipend,No,No,No,No,No,Yes,No,No,Yes,No,No,Yes,
287,MI0276,Portage Lake District Library,"Class 4: Serve 12,000-25,999",,,,40,30888,30888,40,49482,49482,20,10920,12500.0,,,,10.0,4800,5500,Yes,No,No,No,No,Yes,Yes,Yes,No,No,Yes,No,,No,No,No,No,No,Yes,Yes,Yes,No,No,Yes,No,
288,MI0278,Portland District Library,"Class 4: Serve 12,000-25,999",,,,38,28000,37625,,,,,,,,,,21.0,8010,21153,Yes,No,No,No,No,Yes,Yes,Yes,No,No,No,Yes,,No,No,No,No,No,Yes,Yes,No,No,No,No,Yes,
289,MI0279,Presque Isle District Library,"Class 4: Serve 12,000-25,999",,,,40,17000,32000,40,37000,52000,40,28000,45000.0,,,,40.0,19500,38000,No,No,No,No,No,Yes,Yes,Yes,No,No,Yes,Yes,,No,No,No,No,No,Yes,Yes,Yes,No,No,Yes,Yes,
290,MI0292,Riverview Veterans Memorial Library,"Class 4: Serve 12,000-25,999",,,,,,,,,,,,,,,,16.0,3600,21000,No,No,No,No,No,No,No,No,No,No,No,No,,No,No,No,No,No,Yes,Yes,No,No,No,Yes,No,
291,MI0315,Salem-South Lyon District Library,"Class 4: Serve 12,000-25,999",40,52586,76915,40,45943,62851,40,48157,53641,40,37640,46497.0,20.0,30998.0,37087.0,20.0,10358,16588,Yes,Yes,No,No,Yes,Yes,Yes,Yes,Yes,No,Yes,Yes,,No,No,No,No,No,Yes,Yes,No,Yes,No,Yes,Yes,
292,MI0355,Spring Lake District Library,"Class 4: Serve 12,000-25,999",,,,,,,,,,,,,,,,,,,Yes,Yes,No,No,Yes,Yes,Yes,Yes,Yes,Yes,Yes,No,,No,No,No,No,No,Yes,Yes,No,No,Yes,Yes,No,
293,MI0319,Springfield Township Library,"Class 4: Serve 12,000-25,999",,,,35,,49800,36,,42750,,,,,,,20.0,,14000,No,No,Yes,Yes,No,Yes,Yes,Yes,No,Yes,Yes,No,,No,No,No,No,No,Yes,Yes,Yes,No,No,Yes,No,
294,MI0326,Sturgis District Library,"Class 4: Serve 12,000-25,999",,,,38,25000,36000,,,,38,25000,36000.0,,,,22.0,12000,19000,Yes,Yes,Yes,No,Yes,Yes,Yes,Yes,Yes,Yes,No,No,,No,No,No,No,No,No,No,No,No,No,No,No,
295,MI0333,Tecumseh District Library,"Class 4: Serve 12,000-25,999",,,,,,,40,40000,52858,40,35000,45900.0,40.0,30000.0,41616.0,20.0,12480,14560,Yes,Yes,Yes,No,Yes,Yes,Yes,Yes,No,Yes,Yes,No,,No,No,No,No,No,Yes,Yes,Yes,No,No,Yes,No,
296,MI0338,Thornapple Kellogg School and Community Library,"Class 4: Serve 12,000-25,999",,,,,,,8,4406,7079,,,,,,,7.0,3856,5855,No,No,No,No,No,No,No,No,No,No,No,No,,No,No,No,No,No,No,No,No,No,No,No,No,
297,MI0340,Three Rivers Public Library,"Class 4: Serve 12,000-25,999",40,36420,37515,,,,29,24852,25600,,,,29.0,18100.0,22000.0,25.0,13000,18000,Yes,Yes,Yes,Yes,Yes,Yes,Yes,Yes,No,Yes,No,No,,No,No,No,No,No,Yes,Yes,Yes,No,No,No,No,
298,MI0349,Vicksburg District Library,"Class 4: Serve 12,000-25,999",,,,35,32760,40040,30,25000,25000,20,10036,12000.0,,,,20.0,10036,18000,No,No,No,No,No,Yes,Yes,Yes,Yes,No,No,No,,No,No,No,No,No,No,Yes,Yes,Yes,No,No,No,
299,MI0403,Wayne Public Library,"Class 4: Serve 12,000-25,999",,,,,,,27,25272,32292,27,25272,32292.0,38.0,45030.0,45030.0,14.0,7826,10010,Yes,Yes,Yes,Yes,Yes,Yes,Yes,Yes,Yes,No,No,Yes,,No,No,No,No,No,Yes,No,Yes,No,No,No,No,
300,MI0374,Wixom Public Library,"Class 4: Serve 12,000-25,999",,,,40,46000,57500,40,42791,53489,26,22984,28392.0,,,,19.0,10868,13832,Yes,Yes,Yes,No,Yes,Yes,Yes,Yes,No,Yes,Yes,No,,No,No,No,No,No,Yes,No,No,No,No,No,No,
301,MI9017,Allen Park Public Library,"Class 5: Serve 26,000-49,999",35,40000,55000,,,,,,,,,,28.0,15000.0,30000.0,24.0,14000,25000,Yes,Yes,Yes,Yes,Yes,Yes,Yes,Yes,Yes,Yes,Yes,No,,No,No,No,No,No,Yes,No,No,Yes,No,No,No,
302,MI0411,Allendale Township Library,"Class 5: Serve 26,000-49,999",,,,40,46945,65728,20,12343,17243,16,8778,11789.0,,,,12.0,5772,7020,Yes,Yes,Yes,Yes,Yes,Yes,Yes,Yes,Yes,Yes,Yes,No,,No,No,No,No,No,Yes,Yes,Yes,No,No,Yes,No,
303,MI0414,Alpena County Library,"Class 5: Serve 26,000-49,999",40,52531,52531,40,29993,44871,29,20518,28055,24,13657.8,14422.64,40.0,37941.9,37941.9,19.0,7709.36,11085,Yes,Yes,Yes,Yes,Yes,Yes,Yes,Yes,No,No,Yes,No,,Yes,Yes,Yes,No,Yes,Yes,Yes,Yes,No,No,Yes,No,
304,MI0019,Baldwin Public Library,"Class 5: Serve 26,000-49,999",40,54892,76871,40,47727,66818,40,43340,58485,40,38512,55432.0,40.0,35779.0,53813.0,40.0,25175,38424,Yes,Yes,Yes,No,Yes,Yes,Yes,Yes,Yes,Yes,Yes,No,,No,No,No,No,No,Yes,Yes,Yes,Yes,No,Yes,No,
305,MI0430,Belleville Area District Library,"Class 5: Serve 26,000-49,999",40,58000,76000,40,50000,66000,40,48300,55000,40,41600,48300.0,40.0,47000.0,62000.0,15.0,9984,12480,Yes,Yes,Yes,Yes,Yes,Yes,Yes,Yes,Yes,Yes,Yes,No,,No,No,No,No,No,Yes,Yes,Yes,No,No,Yes,No,
306,MI0037,Bloomfield Township Public Library,"Class 5: Serve 26,000-49,999",38,65894,90412,38,58573,80366,38,52066,71436,28,46280,63499.0,38.0,46280.0,63499.0,23.0,34398,45449,Yes,Yes,Yes,Yes,Yes,Yes,Yes,Yes,Yes,Yes,Yes,No,Personal Business & Emergency Time,No,No,No,No,No,Yes,Yes,Yes,No,No,Yes,No,Personal Business & Emergency Time
307,MI0039,Branch District Library,"Class 5: Serve 26,000-49,999",40,58000,58000,37,19009,37440,40,50000,50000,26,15277,24200.0,40.0,29099.0,37232.0,26.0,12274,26153,Yes,Yes,No,No,Yes,Yes,Yes,Yes,No,No,Yes,Yes,,No,No,No,No,No,Yes,Yes,Yes,No,No,Yes,Yes,
308,MI0043,Brighton District Library,"Class 5: Serve 26,000-49,999",40,58996,75725,40,47482,65194,34,38604,51350,20,38168,39520.0,,,,19.0,20800,30763,Yes,Yes,Yes,No,Yes,Yes,Yes,Yes,Yes,Yes,Yes,Yes,"Long Term Disability, Flexible Spending Accounts",No,No,No,No,No,Yes,Yes,Yes,Yes,No,Yes,Yes,Flexibile Spending Accounts
309,MI0049,Cadillac-Wexford County Public Library,"Class 5: Serve 26,000-49,999",,,,40,29120,32760,40,39520,45240,40,32760,32760.0,30.0,31590.0,31590.0,40.0,33280,43784,Yes,Yes,Yes,Yes,Yes,Yes,Yes,Yes,Yes,No,No,Yes,,No,No,No,No,No,No,No,No,No,No,No,No,
310,MI0055,Cass District Library,"Class 5: Serve 26,000-49,999",,,,40,35868,43344,40,30902,41387,40,27315,27315.0,,,,15.0,8115,14485,No,Yes,Yes,Yes,Yes,Yes,Yes,Yes,No,No,Yes,No,,No,No,No,No,No,No,No,Yes,No,No,Yes,No,
311,MI0416,Chesterfield Township Library,"Class 5: Serve 26,000-49,999",,,,38,57000,73000,38,41000,53000,20,22000,28000.0,38.0,57000.0,73000.0,15.0,10000,13000,Yes,Yes,Yes,Yes,Yes,Yes,Yes,Yes,Yes,Yes,Yes,Yes,,No,No,No,No,No,Yes,Yes,Yes,Yes,No,Yes,Yes,
312,MI0166,Clarkston Independence District Library,"Class 5: Serve 26,000-49,999",,,,40,40000,64000,40,38000,52000,20,18720,34320.0,20.0,12480.0,28600.0,20.0,10400,21450,Yes,Yes,Yes,No,Yes,Yes,Yes,Yes,No,Yes,Yes,No,,No,No,No,No,No,No,No,No,No,No,No,No,
313,MI0426,Commerce Township Community Library,"Class 5: Serve 26,000-49,999",,,,38,60000,65000,38,47982,49922,38,47982,47982.0,38.0,65000.0,65000.0,28.0,19052,19052,Yes,Yes,Yes,Yes,Yes,Yes,Yes,Yes,Yes,Yes,No,No,,No,No,No,No,No,Yes,No,No,No,No,No,No,
314,MI0310,Community District Library,"Class 5: Serve 26,000-49,999",,,,26,13500,37000,36,29952,35568,36,20592,28080.0,,,,26.0,14000,20000,Yes,Yes,No,Yes,Yes,Yes,Yes,Yes,No,No,Yes,No,,No,No,No,Yes,No,Yes,Yes,Yes,No,No,Yes,No,
315,MI0075,Cromaine District Library,"Class 5: Serve 26,000-49,999",,,,40,50523,79934,40,42286,55702,20,21143,27851.0,40.0,50523.0,79934.0,20.0,13093,17305,Yes,Yes,Yes,No,Yes,Yes,Yes,Yes,Yes,Yes,Yes,No,,No,No,No,No,No,No,Yes,Yes,Yes,No,Yes,No,
316,MI9009,Delta Township District Library,"Class 5: Serve 26,000-49,999",,,,40,54388,65265,,,,,,,40.0,59647.0,77541.0,20.0,12339,14653,Yes,Yes,Yes,No,Yes,Yes,Yes,Yes,Yes,Yes,Yes,Yes,,No,No,No,No,No,No,No,No,Yes,No,No,No,
317,MI0085,Dickinson County Library,"Class 5: Serve 26,000-49,999",,,,,,,37,29620,39120,37,26695,29503.0,,,,20.0,11876,16286,Yes,Yes,Yes,Yes,Yes,Yes,Yes,Yes,No,No,No,No,,No,No,No,No,No,Yes,Yes,Yes,No,No,No,No,
318,MI0093,East Lansing Public Library,"Class 5: Serve 26,000-49,999",45,60379,84508,45,54800,76779,40,48236,67638,28,37555,52572.0,20.0,37555.0,52572.0,20.0,27284,38175,Yes,Yes,Yes,No,No,Yes,Yes,Yes,Yes,Yes,No,Yes,,No,No,No,No,No,Yes,Yes,Yes,Yes,No,No,Yes,
319,MI0092,Eastpointe Memorial Library,"Class 5: Serve 26,000-49,999",40,53356,72831,40,41996,57325,,,,20,17836,23712.0,,,,36.0,33290,46479,Yes,Yes,Yes,Yes,Yes,Yes,Yes,Yes,Yes,Yes,Yes,Yes,,No,No,No,No,No,Yes,No,No,No,No,No,No,
320,MI0121,Garden City Public Library,"Class 5: Serve 26,000-49,999",,,,,,,,,,40,34000,38000.0,,,,29.0,14000,18000,Yes,Yes,Yes,Yes,Yes,Yes,Yes,Yes,Yes,No,Yes,Yes,,No,No,No,No,No,Yes,No,No,No,No,No,No,
321,MI0124,Georgetown Township Public Library,"Class 5: Serve 26,000-49,999",,,,40,50,62000,,,,,,,,,,20.0,18000,27000,Yes,Yes,Yes,Yes,No,Yes,Yes,Yes,Yes,Yes,Yes,Yes,,No,No,No,No,No,Yes,No,No,No,No,Yes,No,
322,MI0135,Hackley Public Library,"Class 5: Serve 26,000-49,999",40,68000,83000,40,43802,69143,38,53601,67341,38,41742,51193.0,40.0,44194.0,65496.0,34.0,20842,44018,Yes,Yes,Yes,Yes,Yes,Yes,Yes,Yes,No,No,No,Yes,"Yes, unspecified",No,No,No,No,No,No,No,No,No,No,No,No,
323,MI0171,Iosco-Arenac District Library,"Class 5: Serve 26,000-49,999",40,36000,43000,40,34000,40000,,,,,,,40.0,38000.0,48000.0,34.0,24000,33000,Yes,Yes,No,Yes,Yes,Yes,Yes,Yes,No,No,Yes,Yes,Health Savings Account,No,No,No,No,No,Yes,Yes,Yes,No,No,No,No,
324,MI0195,Lenawee District Library,"Class 5: Serve 26,000-49,999",38,44285,52709,22,11359,22282,38,36894,45338,38,28470,36894.0,25.0,13923.0,19487.0,16.0,8020,19487,Yes,Yes,Yes,No,Yes,Yes,Yes,Yes,No,Yes,Yes,No,,No,No,No,No,No,Yes,Yes,Yes,No,Yes,Yes,No,
325,MI9025,Lincoln Park Public Library,"Class 5: Serve 26,000-49,999",,,,,,,,,,,37440,40000.0,,,,28.0,22880,25000,Yes,Yes,Yes,Yes,Yes,Yes,Yes,Yes,Yes,Yes,Yes,Yes,,No,No,No,No,No,Yes,No,No,No,No,No,No,
326,MI0201,Loutit District Library,"Class 5: Serve 26,000-49,999",40,62500,87400,40,56900,71800,36,49500,62400,31,32100,38700.0,40.0,56900.0,71800.0,30.0,20100,33700,Yes,Yes,Yes,Yes,Yes,Yes,Yes,Yes,Yes,Yes,Yes,Yes,"Yes, unspecified",No,No,No,No,No,Yes,Yes,Yes,No,No,Yes,Yes,"Yes, unspecified"
327,MI0210,Madison Heights Public Library,"Class 5: Serve 26,000-49,999",,,,38,51302,58618,,,,20,18460,18980.0,38.0,42321.0,48323.0,20.0,14300,14820,Yes,Yes,Yes,Yes,Yes,Yes,Yes,Yes,Yes,Yes,Yes,Yes,,No,No,No,No,No,No,No,No,No,No,No,No,"Yes, unspecified"
328,MI0401,Mason County District Library,"Class 5: Serve 26,000-49,999",40,51510,51510,35,40440,40440,,,,25,17000,25000.0,,,,30.0,9000,22000,Yes,No,Yes,Yes,No,Yes,Yes,Yes,No,Yes,Yes,Yes,,No,No,No,Yes,No,Yes,Yes,Yes,No,Yes,Yes,No,
329,MI0248,Northville District Library,"Class 5: Serve 26,000-49,999",40,70000,72720,40,54712,63001,40,48097,55613,40,43948,46975.0,40.0,49442.0,62532.0,21.0,14491,19099,Yes,Yes,Yes,Yes,Yes,Yes,Yes,Yes,Yes,Yes,Yes,Yes,,No,No,No,No,No,Yes,Yes,Yes,No,No,No,Yes,
330,MI0251,Oak Park Public Library,"Class 5: Serve 26,000-49,999",,,,,,,40,44652,55487,40,40658,50296.0,20.0,34000.0,41642.0,16.0,13000,15800,Yes,Yes,Yes,No,Yes,Yes,Yes,Yes,Yes,Yes,Yes,Yes,,No,No,No,No,No,No,Yes,Yes,Yes,Yes,No,Yes,
331,MI0255,Orion Township Public Library,"Class 5: Serve 26,000-49,999",,,,38,48500,63700,38,36500,48000,26,36500,48000.0,38.0,42900.0,61620.0,26.0,22425,32750,Yes,Yes,Yes,Yes,No,Yes,Yes,Yes,No,Yes,Yes,No,"Long Term, Short Term Disability",No,No,No,No,No,Yes,Yes,Yes,No,No,Yes,No,
332,MI0268,Peter White Public Library,"Class 5: Serve 26,000-49,999",40,53000,60000,39,45800,50000,39,28000,32000,39,26500,30500.0,,,,20.0,12700,17300,Yes,Yes,Yes,Yes,Yes,Yes,Yes,Yes,Yes,Yes,Yes,Yes,,No,No,Yes,No,No,Yes,Yes,Yes,No,No,Yes,Yes,
333,MI0273,Plymouth District Library,"Class 5: Serve 26,000-49,999",,,,40,57000,82100,40,50400,70600,40,46800,63700.0,40.0,57000.0,82100.0,24.0,17759,20879,Yes,Yes,Yes,Yes,Yes,Yes,Yes,Yes,Yes,Yes,No,No,,No,No,No,No,No,Yes,Yes,Yes,Yes,No,No,No,
334,MI0402,Redford Township District Library,"Class 5: Serve 26,000-49,999",,,,40,52104,69557,40,41267,57000,20,20540,26000.0,40.0,55122.0,77170.0,20.0,12480,15964,Yes,Yes,Yes,Yes,Yes,Yes,Yes,Yes,Yes,Yes,Yes,Yes,,No,No,No,No,No,Yes,No,No,No,No,No,No,
335,MI0294,Romeo District Library,"Class 5: Serve 26,000-49,999",,,,40,76960,85300,,,,40,74880,120640.0,40.0,28600.0,37800.0,20.0,9900,33280,Yes,Yes,Yes,No,Yes,Yes,Yes,Yes,Yes,Yes,Yes,Yes,,No,No,No,No,No,No,No,Yes,No,Yes,Yes,No,
336,MI0433,Romulus Public Library,"Class 5: Serve 26,000-49,999",40,50000,60000,,,,,,,40,40000,50000.0,,,,25.0,23400,25480,Yes,Yes,Yes,Yes,Yes,Yes,Yes,Yes,Yes,Yes,Yes,No,,No,No,No,No,No,Yes,No,No,No,No,No,No,
337,MI0295,Roseville Public Library,"Class 5: Serve 26,000-49,999",40,70952,74065,40,63910,97847,40,57544,60129,28,34580,36036.0,,,,24.0,14976,18408,Yes,Yes,Yes,Yes,Yes,Yes,Yes,Yes,Yes,Yes,Yes,No,,No,No,No,Yes,No,No,No,No,Yes,No,No,No,Anniversary date for part-time employees
338,MI0300,Saline District Library,"Class 5: Serve 26,000-49,999",40,74200,115000,40,64000,99200,40,46800,70200,20,41200,59700.0,40.0,55200.0,85600.0,20.0,29200,39400,Yes,Yes,Yes,Yes,Yes,Yes,Yes,Yes,Yes,Yes,No,No,medical reimbursement,No,No,No,Yes,No,Yes,Yes,Yes,Yes,No,No,No,medical reimbursement
339,MI0261,Shiawassee District Library,"Class 5: Serve 26,000-49,999",39,50665,60081,37,45372,53803,,,,,,,,,,37.0,28748,41456,Yes,Yes,Yes,Yes,Yes,Yes,Yes,Yes,Yes,Yes,Yes,Yes,,No,No,No,No,No,No,No,No,No,No,No,No,
340,MI0434,Southgate Veterans Memorial Library,"Class 5: Serve 26,000-49,999",,,,,,,40,38000,40000,,,,,,,28.0,13759,21548,Yes,Yes,No,Yes,Yes,Yes,Yes,Yes,Yes,No,Yes,No,,No,No,No,No,No,No,Yes,No,No,No,No,No,
341,MI0022,Superior District Library,"Class 5: Serve 26,000-49,999",35,39203,42843,35,20020,38125,35,38912,42552,20,18200,19292.0,15.0,11700.0,11700.0,20.0,10036,11024,Yes,Yes,Yes,Yes,Yes,Yes,Yes,Yes,No,No,Yes,No,,No,No,No,No,No,Yes,Yes,Yes,No,No,Yes,No,
342,MI0345,Van Buren District Library,"Class 5: Serve 26,000-49,999",40,57000,62000,30,35000,55000,40,35000,45000,,34000,40000.0,,28000.0,35000.0,20.0,22000,31000,Yes,Yes,Yes,No,Yes,Yes,Yes,Yes,Yes,Yes,Yes,No,,No,No,Yes,No,No,Yes,Yes,Yes,No,No,Yes,Yes,
343,MI0366,White Lake Township Library,"Class 5: Serve 26,000-49,999",40,60000,60000,40,50000,50000,40,47000,50000,24,24000,28000.0,40.0,45000.0,50000.0,24.0,16000,18000,Yes,Yes,Yes,Yes,Yes,Yes,Yes,Yes,Yes,No,Yes,No,,No,No,No,No,No,Yes,Yes,No,No,No,Yes,No,
344,MI0012,Ann Arbor District Library,"Class 6: Serve 50,000+",40,114800,164230,40,79400,111320,40,52300,71940,40,52300,71940.0,40.0,52300.0,71940.0,40.0,37000,48840,Yes,Yes,Yes,No,Yes,Yes,Yes,Yes,Yes,Yes,No,No,,No,No,No,No,No,No,No,No,No,No,No,No,
345,MI0021,Bay County Library System,"Class 6: Serve 50,000+",40,68598,83720,40,46821,64522,40,44283,53206,40,42578,51085.0,40.0,34320.0,41163.0,40.0,28080,37794,Yes,Yes,Yes,Yes,Yes,Yes,Yes,Yes,Yes,No,Yes,No,,No,No,No,No,No,No,No,No,No,No,No,No,
346,MI0052,Canton Public Library,"Class 6: Serve 50,000+",,,,37,61900,95900,37,50500,75800,22,48100,69700.0,37.0,48100.0,69700.0,20.0,25700,34700,Yes,Yes,Yes,Yes,No,Yes,Yes,Yes,Yes,Yes,Yes,No,,No,No,No,No,No,Yes,Yes,Yes,Yes,No,No,No,
347,MI0424,Capital Area District Libraries,"Class 6: Serve 50,000+",40,80681,112953,40,66661,83303.98,40,62047.56,77587.04,40,53946.72,67433.4,40.0,80681.0,112953.0,40.0,27125.58,37608.47,Yes,Yes,Yes,Yes,Yes,Yes,Yes,Yes,Yes,Yes,Yes,No,125 PLan,No,No,Yes,Yes,No,Yes,Yes,Yes,Yes,Yes,Yes,No,125 Plan 
348,MI0348,Chippewa River District Library System,"Class 6: Serve 50,000+",,,,,,,40,56326,62608,40,49046,51293.0,40.0,48048.0,61589.0,40.0,31034,45739,Yes,Yes,Yes,Yes,Yes,Yes,Yes,Yes,Yes,No,Yes,No,"Tuition, Health Incentive",No,No,Yes,No,Yes,Yes,Yes,Yes,No,No,Yes,No,"Tuition, Health Incentive"
349,MI0397,Clinton-Macomb Public Library,"Class 6: Serve 50,000+",,,,38,61000,80037,38,50473,66225,38,45005,59051.0,38.0,83731.0,109863.0,38.0,28260,37079,Yes,Yes,Yes,Yes,Yes,Yes,Yes,Yes,Yes,Yes,No,No,,No,No,Yes,Yes,No,Yes,Yes,Yes,Yes,Yes,No,No,
350,MI0425,Dearborn Heights City Libraries,"Class 6: Serve 50,000+",,,,40,47000,50000,,,,40,39000,41000.0,,,,20.0,11500,16600,Yes,Yes,Yes,Yes,Yes,Yes,Yes,Yes,Yes,Yes,Yes,Yes,,No,No,No,No,No,Yes,No,No,No,No,No,No,
351,MI0078,Dearborn Public Library,"Class 6: Serve 50,000+",40,76626,97067,40,65973,83572,38,62656,79372,38,52176,66095.0,38.0,48009.0,60816.0,38.0,43613,55248,Yes,Yes,Yes,Yes,Yes,Yes,Yes,Yes,Yes,No,Yes,Yes,Education discounts,Yes,No,No,No,No,No,No,No,Yes,No,Yes,No,Educational discounts
352,MI0083,Detroit Public Library,"Class 6: Serve 50,000+",,,,40,60975,68297,40,55184,60647,40,40214,48299.0,40.0,65650.0,85823.0,40.0,25697,35492,Yes,Yes,Yes,Yes,Yes,Yes,Yes,Yes,Yes,No,Yes,Yes, Tuition Reimbursement,No,No,Yes,No,No,No,No,Yes,No,No,No,No,
353,MI0105,Farmington Community Library,"Class 6: Serve 50,000+",,,,40,51426,82366,40,44966,72665,40,41809,62348.0,,34639.0,57282.0,40.0,27052,44383,Yes,Yes,Yes,Yes,Yes,Yes,Yes,Yes,No,Yes,Yes,No,Health Care Savings Plan,No,No,Yes,Yes,No,Yes,Yes,Yes,No,Yes,Yes,No,Health Care Savings Plan
354,MI0111,Flint Public Library,"Class 6: Serve 50,000+",,,,50,59312,80050,40,48681,60197,40,41681,53197.0,40.0,32618.0,42033.0,40.0,24461,31429,Yes,Yes,Yes,Yes,Yes,Yes,Yes,Yes,Yes,Yes,Yes,Yes,,No,No,No,No,No,No,No,Yes,Yes,No,No,No,
355,MI0123,Genesee District Library,"Class 6: Serve 50,000+",,,,40,57990,70564,40,52728,62670,40,46280,58011.0,40.0,39832.0,47278.0,40.0,36608,47174,Yes,Yes,Yes,Yes,Yes,Yes,Yes,Yes,No,Yes,Yes,No,,No,No,No,No,No,No,No,No,No,No,No,No,
356,MI0129,Grace A. Dow Memorial Library,"Class 6: Serve 50,000+",,,,40,59584,71042,40,51688,65811,40,45635,58115.0,,,,20.0,19264,24539,Yes,Yes,Yes,No,Yes,Yes,Yes,Yes,Yes,Yes,Yes,No,,No,No,No,No,No,Yes,No,No,No,No,Yes,No,Additional wage in lieu of benefits
357,MI0131,Grand Rapids Public Library,"Class 6: Serve 50,000+",40,84026,107456,40,59322,80915,40,70809,89202,40,57402,71988.0,40.0,57402.0,92296.0,20.0,15154,16388,Yes,Yes,Yes,No,Yes,Yes,Yes,Yes,Yes,Yes,Yes,No,,No,No,No,No,No,Yes,Yes,Yes,No,No,Yes,No,
358,MI0134,Grosse Pointe Public Library,"Class 6: Serve 50,000+",40,65000,85000,40,66000,76086,40,51717,67234,40,51717,51717.0,40.0,46125.0,65139.0,40.0,32323,41645,Yes,Yes,Yes,No,Yes,Yes,Yes,Yes,No,Yes,Yes,No,403 B retirement savings with employer match,Yes,Yes,Yes,No,Yes,Yes,Yes,Yes,No,Yes,Yes,No,403 B retirement savings with employer match
359,MI0150,Herrick District Library,"Class 6: Serve 50,000+",40,67496,82035,40,67496,82035,40,54662,67496,40,50170,61360.0,40.0,38813.0,50482.0,40.0,34694,44325,Yes,Yes,Yes,Yes,No,Yes,Yes,Yes,Yes,Yes,Yes,No,,No,No,No,No,No,No,No,No,Yes,No,No,No,
360,MI0160,Howell Carnegie District Library,"Class 6: Serve 50,000+",,,,41,48526,77646,,,,40,37190,59488.0,40.0,42203.0,67475.0,22.0,15879,52416,Yes,No,Yes,Yes,No,Yes,Yes,Yes,Yes,No,No,No,,No,No,No,No,No,Yes,Yes,Yes,Yes,No,No,No,
361,MI0175,Jackson District Library,"Class 6: Serve 50,000+",40,74260,87300,40,39900,66414,40,48859,57179,40,41662,50544.0,40.0,60099.0,71026.0,26.0,26000,40955,Yes,Yes,Yes,Yes,Yes,Yes,Yes,Yes,No,Yes,Yes,No,,No,No,No,No,No,Yes,Yes,Yes,No,Yes,Yes,No,
362,MI0180,Kalamazoo Public Library,"Class 6: Serve 50,000+",40,74965,98965,40,74540,92540,40,63463,78053,40,52273,72345.0,40.0,54180.0,70180.0,40.0,35656,46567,Yes,Yes,Yes,Yes,Yes,Yes,Yes,Yes,No,Yes,Yes,Yes,HCSP,Yes,Yes,Yes,Yes,Yes,Yes,Yes,Yes,No,Yes,Yes,Yes,
363,MI0182,Kent District Library,"Class 6: Serve 50,000+",,,,40,52240,88500,40,52104,64917,34,46384,63024.0,40.0,49150.0,61838.0,23.0,24440,38522,Yes,Yes,Yes,Yes,Yes,Yes,Yes,Yes,Yes,Yes,No,No,,No,No,No,Yes,No,Yes,Yes,Yes,Yes,No,No,No,
364,MI0190,Lapeer District Library,"Class 6: Serve 50,000+",40,52000,69000,40,45000,61000,,,,,,,,,,40.0,27435,34237,Yes,Yes,Yes,Yes,Yes,Yes,Yes,Yes,Yes,Yes,Yes,No,,No,No,Yes,Yes,No,Yes,Yes,Yes,Yes,Yes,Yes,No,
365,MI0200,Livonia Public Library,"Class 6: Serve 50,000+",,,,40,66622,77688,40,62192,72758,40,49837,58282.0,40.0,66622.0,77688.0,40.0,35027,38688,Yes,Yes,Yes,No,Yes,Yes,Yes,Yes,Yes,Yes,Yes,Yes,,Yes,Yes,Yes,No,Yes,Yes,Yes,Yes,Yes,Yes,Yes,No,
366,MI0233,Monroe County Library System,"Class 6: Serve 50,000+",,,,40,48672,65562,40,44886,60486,32,12673,56909.0,40.0,43534.0,63398.0,20.0,3354,38938,Yes,Yes,Yes,Yes,Yes,Yes,Yes,Yes,Yes,Yes,Yes,Yes,,No,No,Yes,Yes,No,Yes,No,No,Yes,No,No,Yes,Pro-rated birthday
367,MI0240,Muskegon Area District Library,"Class 6: Serve 50,000+",40,64000,69097,40,52000,61360,40,46862,55681,40,,48880.0,40.0,37169.0,44262.0,24.0,0,33987,Yes,Yes,Yes,Yes,Yes,Yes,Yes,Yes,Yes,Yes,Yes,Yes,Health Care Spending Program,No,No,No,No,No,No,No,No,No,No,No,No,PTO Paid Time Off/Healthcare Spending Program
368,MI0250,Novi Public Library,"Class 6: Serve 50,000+",40,66146,92604,40,50111,77170,40,50111,67649,18,45555,59222.0,40.0,55122.0,77171.0,24.0,24050,30063,Yes,Yes,Yes,Yes,Yes,Yes,Yes,Yes,Yes,No,Yes,No,Defined Benefit and Defined Contribution options,No,No,No,No,No,Yes,Yes,Yes,No,No,Yes,No,must work 20-29 hours p/wk for time benefits
369,MI0274,Pontiac Public Library,"Class 6: Serve 50,000+",,,,,,,,,,40,37400,40000.0,30.0,27000.0,27000.0,30.0,12000,25000,Yes,Yes,Yes,No,No,Yes,Yes,Yes,No,No,Yes,No,,No,No,Yes,No,No,Yes,No,No,No,No,Yes,No,
370,MI0277,Portage District Library,"Class 6: Serve 50,000+",,,,45,47000,78720,40,44410,61474,40,44410,61474.0,45.0,47000.0,78720.0,20.0,29640,38667,Yes,Yes,Yes,No,Yes,Yes,Yes,Yes,Yes,Yes,No,No,401(a) Library Contributes 10% of Regular Wages; $200 Well Being Benefit,No,No,No,No,No,No,No,No,No,No,Yes,No,$200 Well Being Benefit
371,MI0299,Public Libraries of Saginaw,"Class 6: Serve 50,000+",,,,,55373,69775,,,,,44295,55833.0,40.0,42328.0,53363.0,25.0,15119,25844,Yes,Yes,Yes,Yes,Yes,Yes,Yes,Yes,Yes,No,Yes,No,,No,No,Yes,No,No,Yes,Yes,Yes,Yes,No,Yes,No,
372,MI0293,Rochester Hills Public Library,"Class 6: Serve 50,000+",38,64730,92130,38,52164,74245,38,45477,62239,38,42048,57545.0,38.0,34967.0,47854.0,38.0,25549,37959,Yes,Yes,No,Yes,Yes,Yes,Yes,Yes,Yes,Yes,No,No,,No,No,No,Yes,No,Yes,Yes,Yes,Yes,Yes,No,No,
373,MI0296,Royal Oak Public Library,"Class 6: Serve 50,000+",,,,40,58848,64943,40,53479,58847,40,44099,53499.0,40.0,47414.0,54350.0,40.0,39254,41329,Yes,Yes,Yes,No,Yes,Yes,Yes,Yes,Yes,Yes,Yes,Yes,Employer contribution to tax deferred annuity,No,No,No,No,No,No,No,No,No,No,No,No,
374,MI0321,Saint Clair County Library System,"Class 6: Serve 50,000+",40,42598,44302,40,29928,32371,40,49833,51826,40,40959,44302.0,,,,40.0,27672,29928,Yes,Yes,Yes,Yes,Yes,Yes,Yes,Yes,Yes,Yes,No,No,,Yes,No,No,No,Yes,Yes,No,Yes,Yes,No,No,No,
375,MI0322,Saint Clair Shores Public Library,"Class 6: Serve 50,000+",38,64173,75499,,,,38,54332,68922,38,44493,51561.0,38.0,37237.0,46546.0,38.0,35242,46546,Yes,Yes,Yes,Yes,Yes,Yes,Yes,Yes,Yes,Yes,Yes,Yes,,No,No,No,No,No,No,No,No,No,No,No,No,
376,MI0308,Shelby Township Library,"Class 6: Serve 50,000+",38,78988,90838,,,,,54804,63020,380,54804,63020.0,,,,38.0,36543,44970,Yes,Yes,Yes,Yes,Yes,Yes,Yes,Yes,Yes,Yes,Yes,No,"sick days-cash, comp time-cash, HSA and retiree health HSA",No,No,No,No,No,No,No,No,No,No,No,No,
377,MI0316,Southfield Public Library,"Class 6: Serve 50,000+",40,62396,76800,40,57264,70483,40,48739,59900,40,42252,52007.0,40.0,39613.0,48757.0,40.0,33502,43370,Yes,Yes,Yes,Yes,Yes,Yes,Yes,Yes,Yes,Yes,Yes,No,,No,No,No,No,No,No,No,No,No,No,No,No,
378,MI0325,Sterling Heights Public Library,"Class 6: Serve 50,000+",,,,38,64692,73388,38,54401,67889,20,25790,28966.0,,,,20.0,16958,20112,Yes,Yes,Yes,No,Yes,Yes,Yes,Yes,Yes,Yes,Yes,Yes,,No,No,No,No,No,No,No,No,No,Yes,Yes,No,
379,MI9024,Taylor Community Library,"Class 6: Serve 50,000+",40,55000,60000,,,,,,,40,40000,45000.0,40.0,31200.0,34008.0,23.0,9875,17516,Yes,Yes,Yes,Yes,Yes,No,No,Yes,Yes,No,No,No,PTO,No,No,No,No,No,No,No,No,No,No,No,No,
380,MI0342,Traverse Area District Library,"Class 6: Serve 50,000+",40,68000,86000,40,42266,58000,40,43555,57387,40,35360,57309.0,40.0,43555.0,57387.0,40.0,31346,42702,Yes,Yes,Yes,No,Yes,Yes,Yes,Yes,Yes,Yes,Yes,Yes,Tuition ,Yes,Yes,Yes,No,Yes,Yes,Yes,Yes,Yes,Yes,Yes,Yes,Tuiition
381,MI9020,Trenton Veteran's Memorial Library,"Class 6: Serve 50,000+",40,48494,56731,,,,,40411,47276,40,36654,42880.0,,,,29.0,18096,19604,Yes,Yes,Yes,No,Yes,Yes,Yes,Yes,Yes,Yes,Yes,No,,No,No,No,No,No,No,No,No,No,No,No,No,
382,MI0343,Troy Public Library,"Class 6: Serve 50,000+",40,57633,86448,40,48439,72660,40,41247,61868,20,19240,25780.0,20.0,11960.0,17160.0,20.0,11960,17160,Yes,Yes,Yes,No,Yes,Yes,Yes,Yes,Yes,Yes,Yes,No,"Disability insurance, long term care insurance, tuition reimbursement",No,No,No,No,No,No,No,No,No,No,No,No,
383,MI0356,Warren Public Library,"Class 6: Serve 50,000+",,,,38,75678,82882,38,60683,65655,38,51912,57208.0,,,,38.0,32009,38802,Yes,Yes,Yes,Yes,Yes,Yes,Yes,Yes,Yes,Yes,Yes,Yes,,No,No,No,No,No,No,No,No,No,No,No,No,
384,MI0358,Waterford Township Public Library,"Class 6: Serve 50,000+",,,,40,47528,55910,,,,40,39811,46821.0,40.0,52616.0,61901.0,,,,Yes,Yes,Yes,Yes,Yes,Yes,Yes,Yes,Yes,Yes,Yes,No,,No,No,No,No,No,No,No,Yes,No,No,No,No,Paid Time Off
385,MI0362,West Bloomfield Township Public Library,"Class 6: Serve 50,000+",,,,35,54280,77390,35,44136,62927,35,39923,56921.0,35.0,39923.0,62927.0,20.0,13416,19126,Yes,Yes,Yes,Yes,Yes,Yes,Yes,Yes,Yes,Yes,Yes,No,,No,No,No,No,No,Yes,Yes,Yes,Yes,No,Yes,No,
386,MI0371,Willard Public Library,"Class 6: Serve 50,000+",40,93711,93711,40,40972,82959,40,39972,81959,40,39972,81959.0,40.0,39972.0,81959.0,34.0,27436,46792,Yes,Yes,Yes,Yes,Yes,Yes,Yes,Yes,No,Yes,Yes,No,,Yes,Yes,Yes,Yes,Yes,Yes,Yes,Yes,No,Yes,Yes,No,
387,MI0415,William P. Faust Public Library of Westland,"Class 6: Serve 50,000+",,,,40,53895,58020,40,44720,46800,40,41600,44512.0,40.0,37440.0,38688.0,33.0,22880,29952,Yes,Yes,Yes,Yes,Yes,No,Yes,Yes,Yes,No,Yes,No,,Yes,No,No,No,No,No,Yes,Yes,No,No,Yes,No,
388,MI0377,Ypsilanti District Library,"Class 6: Serve 50,000+",40,58473,80108,40,52000,70000,40,39726,51854,40,39726,51854.0,40.0,32000.0,43000.0,40.0,26436,34486,Yes,Yes,Yes,No,Yes,Yes,Yes,Yes,Yes,Yes,Yes,No,EAP and FSA,No,No,No,No,No,Yes,Yes,Yes,Yes,No,Yes,No,EAP and FSA
389,,,,,,,,,,,,,,,,,,,,,,,,,,,,,,,,,,,,,,,,,,,,,,,
390,,,,,,,,,,,,,,,,,,,,,,,,,,,,,,,,,,,,,,,,,,,,,,,
391,,Total Libraries Reporting (N),389,,,,,,,,,,,,,,,,,,,,,,,,,,,,,,,,,,,,,,,,,,,,
392,,,Average,33.60645161290323,36883.62987012987,45937.11038961039,36.58709677419355,38950.596153846156,56564.58585987261,32.773480662983424,32343.12464088398,40648.6450273224,29.64903846153846,25165.831047619045,34097.8123943662,31.859504132231404,32783.9432,43019.57520000001,22.60670731707317,13394.522208955223,19737.140860534124,,,,,,,,,,,,,,,,,,,,,,,,,,
393,,,,,,,,,,,,,,,,,,,,,,,,,,,,,,,,,,,,,,,,,,,,,,,
394,,Full Time Employee Benefits by Class,Health Insurance,Dental Insurance,Vision Insurance,Life Insurance,Pension,Paid Sick Leave,Paid Vacation,Paid Personal Days,Paid Holidays,Deferred Compensation,Disability,Longevity,,,,,,,,,,,,,,,,,,,,,,,,,,,,,,,,,
395,,Class 1,0.07575757575757576,0.030303030303030304,0.030303030303030304,0.030303030303030304,0.030303030303030304,0.16666666666666666,0.25757575757575757,0.24242424242424243,0.06060606060606061,0.030303030303030304,0.15151515151515152,0.06060606060606061,,,,,,,,,,,,,,,,,,,,,,,,,,,,,,,,,
396,,Class 2,0.20512820512820512,0.10256410256410256,0.0641025641025641,0.11538461538461539,0.10256410256410256,0.46153846153846156,0.5641025641025641,0.5641025641025641,0.10256410256410256,0.0641025641025641,0.34615384615384615,0.05128205128205128,,,,,,,,,,,,,,,,,,,,,,,,,,,,,,,,,
397,,Class 3,0.5384615384615384,0.3974358974358974,0.3333333333333333,0.3076923076923077,0.358974358974359,0.6666666666666666,0.7564102564102564,0.7435897435897436,0.28205128205128205,0.2692307692307692,0.5384615384615384,0.16666666666666666,,,,,,,,,,,,,,,,,,,,,,,,,,,,,,,,,
398,,Class 4,0.7974683544303798,0.6835443037974683,0.6708860759493671,0.5063291139240507,0.6455696202531646,0.8734177215189873,0.9113924050632911,0.9240506329113924,0.4936708860759494,0.43037974683544306,0.6455696202531646,0.26582278481012656,,,,,,,,,,,,,,,,,,,,,,,,,,,,,,,,,
399,,Class 5,0.9767441860465116,0.9767441860465116,0.9069767441860465,0.7441860465116279,0.9069767441860465,1,1,1,0.7209302325581395,0.7209302325581395,0.8372093023255814,0.4883720930232558,,,,,,,,,,,,,,,,,,,,,,,,,,,,,,,,,
400,,Class 6,1,0.9777777777777777,0.9777777777777777,0.7111111111111111,0.9111111111111111,0.9555555555555556,0.9777777777777777,1,0.8444444444444444,0.7777777777777778,0.8222222222222222,0.28888888888888886,,,,,,,,,,,,,,,,,,,,,,,,,,,,,,,,,
401,,,,,,,,,,,,,,,,,,,,,,,,,,,,,,,,,,,,,,,,,,,,,,,
402,,,,,,,,,,,,,,,,,,,,,,,,,,,,,,,,,,,,,,,,,,,,,,,
403,,Part Time Employee Benefits by Class,Health Insurance,Dental Insurance,Vision Insurance,Life Insurance,Pension,Paid Sick Leave,Paid Vacation,Paid Personal Days,Paid Holidays,Deferred Compensation,Disability,Longevity,,,,,,,,,,,,,,,,,,,,,,,,,,,,,,,,,
404,,Class 1,0.030303030303030304,0.015151515151515152,0,0.030303030303030304,0.030303030303030304,0.07575757575757576,0.18181818181818182,0.25757575757575757,0,0.030303030303030304,0.13636363636363635,0.06060606060606061,,,,,,,,,,,,,,,,,,,,,,,,,,,,,,,,,
405,,Class 2,0,0,0.02564102564102564,0.05128205128205128,0,0.2564102564102564,0.3974358974358974,0.44871794871794873,0.07692307692307693,0.05128205128205128,0.24358974358974358,0.038461538461538464,,,,,,,,,,,,,,,,,,,,,,,,,,,,,,,,,
406,,Class 3,0.01282051282051282,0.01282051282051282,0.02564102564102564,0.08974358974358974,0.01282051282051282,0.3974358974358974,0.46153846153846156,0.47435897435897434,0.08974358974358974,0.01282051282051282,0.358974358974359,0.10256410256410256,,,,,,,,,,,,,,,,,,,,,,,,,,,,,,,,,
407,,Class 4,0.05063291139240506,0.05063291139240506,0.06329113924050633,0.06329113924050633,0.05063291139240506,0.5949367088607594,0.5569620253164557,0.620253164556962,0.24050632911392406,0.11392405063291139,0.4050632911392405,0.1518987341772152,,,,,,,,,,,,,,,,,,,,,,,,,,,,,,,,,
408,,Class 5,0.023255813953488372,0.023255813953488372,0.06976744186046512,0.09302325581395349,0.023255813953488372,0.7209302325581395,0.6046511627906976,0.6046511627906976,0.2558139534883721,0.09302325581395349,0.4883720930232558,0.20930232558139536,,,,,,,,,,,,,,,,,,,,,,,,,,,,,,,,,
409,,Class 6,0.17777777777777778,0.1111111111111111,0.3111111111111111,0.2,0.15555555555555556,0.5555555555555556,0.4666666666666667,0.5555555555555556,0.37777777777777777,0.26666666666666666,0.4666666666666667,0.06666666666666667,,,,,,,,,,,,,,,,,,,,,,,,,,,,,,,,,
410,,,,,,,,,,,,,,,,,,,,,,,,,,,,,,,,,,,,,,,,,,,,,,,
411,End of worksheet,,,,,,,,,,,,,,,,,,,,,,,,,,,,,,,,,,,,,,,,,,,,,,
