,FSCS,Location,Library Class,Report Start Period,Report End Period,Number of Central Libraries,Number of Branch Libraries,Number of Bookmobiles,Total Number of Outlets,Central Library(ies) Square Feet,Branch(es) Square Feet,Total Square Feet,Total Annual Public Service Hours
0,MI0147,Alden District Library,"Class 1: Serve 3,999 or less",07/01/2019,06/30/2020,1.0,0.0,0.0,1.0,2520.0,0.0,2520.0,1976.0
1,MI9010,Ashley District Library,"Class 1: Serve 3,999 or less",07/01/2019,06/30/2020,1.0,0.0,0.0,1.0,2723.0,0.0,2723.0,2288.0
2,MI0023,Beaver Island District Library,"Class 1: Serve 3,999 or less",04/01/2019,03/31/2020,1.0,0.0,0.0,1.0,2995.0,0.0,2995.0,2400.0
3,MI0024,Bellaire Public Library,"Class 1: Serve 3,999 or less",01/01/2019,12/31/2019,1.0,0.0,0.0,1.0,4000.0,0.0,4000.0,1878.0
4,MI0025,Bellevue Township Library,"Class 1: Serve 3,999 or less",04/01/2019,03/31/2020,1.0,0.0,0.0,1.0,880.0,0.0,880.0,1212.0
5,MI0114,Benzie Shores District Library,"Class 1: Serve 3,999 or less",07/01/2019,06/30/2020,1.0,0.0,0.0,1.0,4500.0,0.0,4500.0,1669.0
6,MI0029,Benzonia Public Library,"Class 1: Serve 3,999 or less",07/01/2019,06/30/2020,1.0,0.0,0.0,1.0,3150.0,0.0,3150.0,1584.0
7,MI0033,Betsie Valley District Library,"Class 1: Serve 3,999 or less",10/01/2019,09/30/2020,1.0,0.0,0.0,1.0,1513.0,0.0,1513.0,1380.0
8,MI0048,Burr Oak Township Library,"Class 1: Serve 3,999 or less",10/01/2019,09/30/2020,1.0,0.0,0.0,1.0,3240.0,0.0,3240.0,1456.0
9,MI0053,Carp Lake Township Library,"Class 1: Serve 3,999 or less",04/01/2019,03/31/2020,1.0,0.0,0.0,1.0,2331.0,0.0,2331.0,739.0
10,MI0058,Central Lake District Library,"Class 1: Serve 3,999 or less",01/01/2019,12/31/2019,1.0,0.0,0.0,1.0,5300.0,0.0,5300.0,2340.0
11,MI0062,Chase Township Public Library,"Class 1: Serve 3,999 or less",04/01/2019,03/31/2020,1.0,0.0,0.0,1.0,3248.0,0.0,3248.0,1445.0
12,MI0065,Clinton Township Public Library,"Class 1: Serve 3,999 or less",04/01/2019,03/31/2020,1.0,0.0,0.0,1.0,6900.0,0.0,6900.0,2236.0
13,MI0068,Colon Township Library,"Class 1: Serve 3,999 or less",04/01/2019,03/31/2020,1.0,0.0,0.0,1.0,8312.0,0.0,8312.0,1872.0
14,MI0069,Columbia Township Library,"Class 1: Serve 3,999 or less",04/01/2019,03/31/2020,1.0,0.0,0.0,1.0,7810.0,0.0,7810.0,2022.0
15,MI0076,Crooked Tree District Library,"Class 1: Serve 3,999 or less",07/01/2019,06/30/2020,1.0,1.0,0.0,2.0,3000.0,2060.0,5060.0,2529.0
16,MI0429,Croton Township Library,"Class 1: Serve 3,999 or less",04/01/2019,03/31/2020,1.0,0.0,0.0,1.0,4144.0,0.0,4144.0,1304.0
17,MI0077,Crystal Falls District Community Library,"Class 1: Serve 3,999 or less",01/01/2019,12/31/2019,1.0,0.0,0.0,1.0,4580.0,0.0,4580.0,2518.0
18,MI0417,Curtis Township Library,"Class 1: Serve 3,999 or less",01/01/2019,12/31/2019,1.0,0.0,0.0,1.0,3796.0,0.0,3796.0,477.0
19,MI0034,Darcy Library of Beulah,"Class 1: Serve 3,999 or less",07/01/2019,06/30/2020,1.0,0.0,0.0,1.0,3000.0,0.0,3000.0,1122.0
20,MI0099,Elk Township Library,"Class 1: Serve 3,999 or less",04/01/2019,03/31/2020,1.0,0.0,0.0,1.0,912.0,0.0,912.0,1820.0
21,MI0100,Elsie Public Library,"Class 1: Serve 3,999 or less",04/01/2019,03/31/2020,1.0,0.0,0.0,1.0,3420.0,0.0,3420.0,1006.0
22,MI0103,Fairgrove District Library,"Class 1: Serve 3,999 or less",04/01/2019,03/31/2020,1.0,0.0,0.0,1.0,4288.0,0.0,4288.0,2600.0
23,MI0109,Fife Lake Public Library,"Class 1: Serve 3,999 or less",01/01/2019,12/31/2019,1.0,0.0,0.0,1.0,4800.0,0.0,4800.0,2080.0
24,MI0115,Franklin Public Library,"Class 1: Serve 3,999 or less",07/01/2019,06/30/2020,1.0,0.0,0.0,1.0,1870.0,0.0,1870.0,2200.0
25,MI0120,Galien Township Public Library,"Class 1: Serve 3,999 or less",04/01/2019,03/31/2020,1.0,0.0,0.0,1.0,4290.0,0.0,4290.0,1985.0
26,MI0376,George W. Spindler Memorial Library,"Class 1: Serve 3,999 or less",04/01/2019,03/31/2020,1.0,0.0,0.0,1.0,1738.0,0.0,1738.0,1040.0
27,MI0128,Glen Lake Community Library,"Class 1: Serve 3,999 or less",01/01/2019,12/31/2019,1.0,0.0,0.0,1.0,3400.0,0.0,3400.0,2300.0
28,MI0436,Goodland Township Library,"Class 1: Serve 3,999 or less",07/01/2019,06/30/2020,1.0,0.0,0.0,1.0,2500.0,0.0,2500.0,780.0
29,MI0155,Homer Public Library,"Class 1: Serve 3,999 or less",01/01/2019,12/31/2019,1.0,0.0,0.0,1.0,6400.0,0.0,6400.0,2064.0
30,MI0167,Indian River Area Library,"Class 1: Serve 3,999 or less",07/01/2019,06/30/2020,1.0,0.0,0.0,1.0,5000.0,0.0,5000.0,1400.0
31,MI0187,Lake Linden-Hubbell School/Public Library,"Class 1: Serve 3,999 or less",07/01/2019,06/30/2020,1.0,0.0,0.0,1.0,3100.0,0.0,3100.0,2019.0
32,MI0191,Lawrence Memorial Public Library,"Class 1: Serve 3,999 or less",10/01/2019,09/30/2020,1.0,0.0,0.0,1.0,1715.0,0.0,1715.0,882.0
33,MI0192,Lawton Public Library,"Class 1: Serve 3,999 or less",03/01/2019,02/28/2020,1.0,0.0,0.0,1.0,4932.0,0.0,4932.0,1976.0
34,MI0193,Leelanau Township Library,"Class 1: Serve 3,999 or less",04/01/2019,03/31/2020,1.0,0.0,0.0,1.0,2800.0,0.0,2800.0,1820.0
35,MI0197,LeRoy Community Library,"Class 1: Serve 3,999 or less",07/01/2019,06/30/2020,1.0,0.0,0.0,1.0,1980.0,0.0,1980.0,1352.0
36,MI0199,Litchfield District Library,"Class 1: Serve 3,999 or less",04/01/2019,03/31/2020,1.0,0.0,0.0,1.0,1000.0,0.0,1000.0,1456.0
37,MI0205,Lyons Township District Library,"Class 1: Serve 3,999 or less",03/01/2019,02/28/2020,1.0,0.0,0.0,1.0,2200.0,0.0,2200.0,1768.0
38,MI0207,Mackinac Island Public Library,"Class 1: Serve 3,999 or less",04/01/2019,03/31/2020,1.0,0.0,0.0,1.0,3360.0,0.0,3360.0,1720.0
39,MI0215,Maple Rapids Public Library,"Class 1: Serve 3,999 or less",01/01/2019,12/31/2019,1.0,0.0,0.0,1.0,1800.0,0.0,1800.0,1248.0
40,MI0227,Merrill District Library,"Class 1: Serve 3,999 or less",01/01/2019,12/31/2019,1.0,0.0,0.0,1.0,3125.0,0.0,3125.0,1474.0
41,MI0238,Mulliken District Library,"Class 1: Serve 3,999 or less",04/01/2019,03/31/2020,1.0,0.0,0.0,1.0,3444.0,0.0,3444.0,980.0
42,MI0247,North Branch Township Library,"Class 1: Serve 3,999 or less",07/01/2019,06/30/2020,1.0,0.0,0.0,1.0,6300.0,0.0,6300.0,2236.0
43,MI0254,Ontonagon Township Library,"Class 1: Serve 3,999 or less",05/01/2019,04/30/2020,1.0,1.0,0.0,2.0,3285.0,980.0,4265.0,2096.0
44,MI0256,Osceola Township School Public Library,"Class 1: Serve 3,999 or less",07/01/2019,06/30/2020,1.0,0.0,0.0,1.0,1800.0,0.0,1800.0,1273.0
45,MI0267,Pentwater Township Library,"Class 1: Serve 3,999 or less",04/01/2019,03/31/2020,1.0,0.0,0.0,1.0,3175.0,0.0,3175.0,2410.0
46,MI0427,Ray Township Public Library,"Class 1: Serve 3,999 or less",04/01/2019,03/31/2020,1.0,0.0,0.0,1.0,1496.0,0.0,1496.0,1400.0
47,MI0285,Republic-Michigamme Public Library,"Class 1: Serve 3,999 or less",07/01/2019,06/30/2020,1.0,0.0,0.0,1.0,2538.0,0.0,2538.0,520.0
48,MI0287,Richfield Township Public Library,"Class 1: Serve 3,999 or less",04/01/2019,03/31/2020,1.0,0.0,0.0,1.0,1800.0,0.0,1800.0,2050.0
49,MI0289,Richland Township Library,"Class 1: Serve 3,999 or less",04/01/2019,03/31/2020,1.0,0.0,0.0,1.0,3000.0,0.0,3000.0,1398.0
50,MI0291,Richmond Township Library,"Class 1: Serve 3,999 or less",04/01/2019,03/31/2020,1.0,0.0,0.0,1.0,2106.0,0.0,2106.0,1315.0
51,MI0305,Schoolcraft Community Library,"Class 1: Serve 3,999 or less",03/01/2019,02/28/2020,1.0,0.0,0.0,1.0,7800.0,0.0,7800.0,1821.0
52,MI0307,Seville Township Public Library,"Class 1: Serve 3,999 or less",04/01/2019,03/31/2020,1.0,0.0,0.0,1.0,1556.0,0.0,1556.0,1716.0
53,MI0311,Sleeper Public Library,"Class 1: Serve 3,999 or less",03/01/2019,02/28/2020,1.0,0.0,0.0,1.0,3600.0,0.0,3600.0,1986.0
54,MI0312,Sodus Township Library,"Class 1: Serve 3,999 or less",04/01/2019,03/31/2020,1.0,0.0,0.0,1.0,4200.0,0.0,4200.0,1400.0
55,MI0327,Sunfield District Library,"Class 1: Serve 3,999 or less",01/01/2019,12/31/2019,1.0,0.0,0.0,1.0,3500.0,0.0,3500.0,1408.0
56,MI0334,Tekonsha Township Public Library,"Class 1: Serve 3,999 or less",04/01/2019,03/31/2020,1.0,0.0,0.0,1.0,3500.0,0.0,3500.0,1240.0
57,MI0341,Topinabee Public Library,"Class 1: Serve 3,999 or less",04/01/2019,03/31/2020,1.0,0.0,0.0,1.0,1700.0,0.0,1700.0,1716.0
58,MI0346,Vermontville Township Library,"Class 1: Serve 3,999 or less",04/01/2019,03/31/2020,1.0,0.0,0.0,1.0,1938.0,0.0,1938.0,1664.0
59,MI0350,Wakefield Public Library,"Class 1: Serve 3,999 or less",07/01/2019,06/30/2020,1.0,0.0,0.0,1.0,1800.0,0.0,1800.0,1313.0
60,MI0351,Waldron District Library,"Class 1: Serve 3,999 or less",08/01/2019,07/31/2020,1.0,0.0,0.0,1.0,2400.0,0.0,2400.0,1657.0
61,MI0352,Walkerville Public/School Library,"Class 1: Serve 3,999 or less",07/01/2019,06/30/2020,1.0,0.0,0.0,1.0,2109.0,0.0,2109.0,662.0
62,MI0359,Watertown Township Library,"Class 1: Serve 3,999 or less",04/01/2019,03/31/2020,1.0,0.0,0.0,1.0,1069.0,0.0,1069.0,1456.0
63,MI0365,Wheatland Township Library,"Class 1: Serve 3,999 or less",07/01/2019,06/30/2020,1.0,0.0,0.0,1.0,3200.0,0.0,3200.0,1654.0
64,MI0369,Whitefish Township Community Library,"Class 1: Serve 3,999 or less",07/01/2019,06/30/2020,1.0,0.0,0.0,1.0,2960.0,0.0,2960.0,960.0
65,MI0375,Wolverine Community Library,"Class 1: Serve 3,999 or less",07/01/2019,06/30/2020,1.0,0.0,0.0,1.0,1400.0,0.0,1400.0,1820.0
66,MI0405,Addison Township Public Library,"Class 2: Serve 4,000-6,999",01/01/2019,12/31/2019,1.0,0.0,0.0,1.0,3000.0,0.0,3000.0,2418.0
67,MI0149,Almont District Library,"Class 2: Serve 4,000-6,999",12/01/2018,11/30/2019,1.0,0.0,0.0,1.0,3658.0,0.0,3658.0,2652.0
68,MI0013,Armada Free Public Library,"Class 2: Serve 4,000-6,999",01/01/2019,12/31/2019,1.0,0.0,0.0,1.0,8000.0,0.0,8000.0,2600.0
69,MI0014,Athens Community Library,"Class 2: Serve 4,000-6,999",04/01/2019,03/31/2020,1.0,0.0,0.0,1.0,1600.0,0.0,1600.0,2132.0
70,MI0018,Bad Axe District Library,"Class 2: Serve 4,000-6,999",07/01/2019,06/30/2020,1.0,0.0,0.0,1.0,7500.0,0.0,7500.0,2190.0
71,MI0020,Barryton Public Library,"Class 2: Serve 4,000-6,999",07/01/2019,06/30/2020,1.0,1.0,0.0,2.0,3600.0,900.0,4500.0,2606.0
72,MI0032,Bessemer Public Library,"Class 2: Serve 4,000-6,999",07/01/2019,06/30/2020,1.0,0.0,0.0,1.0,2406.0,0.0,2406.0,1437.0
73,MI0042,Bridgman Public Library,"Class 2: Serve 4,000-6,999",07/01/2019,06/30/2020,1.0,0.0,0.0,1.0,10000.0,0.0,10000.0,2130.0
74,MI0044,Brown City Public Library,"Class 2: Serve 4,000-6,999",05/01/2019,04/30/2020,1.0,0.0,0.0,1.0,1300.0,0.0,1300.0,1646.0
75,MI0051,Camden Township Library,"Class 2: Serve 4,000-6,999",04/01/2019,03/31/2020,1.0,0.0,0.0,1.0,1728.0,0.0,1728.0,1274.0
76,MI0066,Coleman Area Library,"Class 2: Serve 4,000-6,999",01/01/2019,12/31/2019,1.0,0.0,0.0,1.0,8000.0,0.0,8000.0,1772.0
77,MI0071,Constantine Township Library,"Class 2: Serve 4,000-6,999",01/01/2019,12/31/2019,1.0,0.0,0.0,1.0,3672.0,0.0,3672.0,2306.0
78,MI0080,Deckerville Public Library,"Class 2: Serve 4,000-6,999",04/01/2019,03/31/2020,1.0,0.0,0.0,1.0,1913.0,0.0,1913.0,1456.0
79,MI0373,Dorothy Hull Library - Windsor Township,"Class 2: Serve 4,000-6,999",01/01/2019,12/31/2019,1.0,0.0,0.0,1.0,2400.0,0.0,2400.0,1846.0
80,MI0088,Dowling Public Library,"Class 2: Serve 4,000-6,999",04/01/2019,03/31/2020,1.0,0.0,0.0,1.0,1650.0,0.0,1650.0,1800.0
81,MI0089,Dryden Township Library,"Class 2: Serve 4,000-6,999",07/01/2019,06/30/2020,1.0,0.0,0.0,1.0,5700.0,0.0,5700.0,1310.0
82,MI0098,Elk Rapids District Library,"Class 2: Serve 4,000-6,999",03/01/2019,02/28/2020,1.0,0.0,0.0,1.0,6500.0,0.0,6500.0,3016.0
83,MI0112,Forsyth Township Public Library,"Class 2: Serve 4,000-6,999",04/01/2019,03/31/2020,1.0,0.0,0.0,1.0,4112.0,0.0,4112.0,1973.0
84,MI0117,Freeport District Library,"Class 2: Serve 4,000-6,999",07/01/2019,06/30/2020,1.0,0.0,0.0,1.0,2160.0,0.0,2160.0,1216.0
85,MI0140,Harbor Beach Area District Library,"Class 2: Serve 4,000-6,999",07/01/2019,06/30/2020,1.0,0.0,0.0,1.0,4330.0,0.0,4330.0,1768.0
86,MI0144,Hartford Public Library,"Class 2: Serve 4,000-6,999",01/01/2019,12/31/2019,1.0,0.0,0.0,1.0,4400.0,0.0,4400.0,2444.0
87,MI0151,Hesperia Community Library,"Class 2: Serve 4,000-6,999",07/01/2019,06/30/2020,1.0,0.0,0.0,1.0,11900.0,0.0,11900.0,1776.0
88,MI0154,Home Township Library,"Class 2: Serve 4,000-6,999",07/01/2019,06/30/2020,1.0,0.0,0.0,1.0,4140.0,0.0,4140.0,1180.0
89,MI0157,Hopkins District Library,"Class 2: Serve 4,000-6,999",01/01/2019,12/31/2019,1.0,0.0,0.0,1.0,2231.0,0.0,2231.0,1844.0
90,MI0159,Howe Memorial Library,"Class 2: Serve 4,000-6,999",03/01/2019,02/28/2020,1.0,0.0,0.0,1.0,2937.0,0.0,2937.0,1716.0
91,MI0161,Hudson Carnegie District Library,"Class 2: Serve 4,000-6,999",10/01/2019,09/30/2020,1.0,0.0,0.0,1.0,4900.0,0.0,4900.0,1520.0
92,MI0170,Interlochen Public Library,"Class 2: Serve 4,000-6,999",01/01/2019,12/31/2019,1.0,0.0,0.0,1.0,3300.0,0.0,3300.0,2808.0
93,MI0172,Ironwood Carnegie Library,"Class 2: Serve 4,000-6,999",07/01/2019,06/30/2020,1.0,0.0,0.0,1.0,2744.0,0.0,2744.0,1092.0
94,MI0174,J. C. Wheeler Public Library,"Class 2: Serve 4,000-6,999",07/01/2019,06/30/2020,1.0,0.0,0.0,1.0,3200.0,0.0,3200.0,1280.0
95,MI0176,Jacquelin E. Opperman Memorial Library,"Class 2: Serve 4,000-6,999",07/01/2019,06/30/2020,1.0,0.0,0.0,1.0,3142.0,0.0,3142.0,790.0
96,MI0178,Jonesville District Library,"Class 2: Serve 4,000-6,999",01/01/2019,12/31/2019,1.0,0.0,0.0,1.0,5600.0,0.0,5600.0,2328.0
97,MI0179,Jordan Valley District Library,"Class 2: Serve 4,000-6,999",07/01/2019,06/30/2020,1.0,0.0,0.0,1.0,10000.0,0.0,10000.0,2760.0
98,MI0188,Lake Odessa Community Library,"Class 2: Serve 4,000-6,999",03/01/2019,02/29/2020,1.0,0.0,0.0,1.0,8000.0,0.0,8000.0,1965.0
99,MI0422,Leighton Township Library,"Class 2: Serve 4,000-6,999",04/01/2019,03/31/2020,1.0,0.0,0.0,1.0,7608.0,0.0,7608.0,1921.0
100,MI0194,Leland Township Public Library,"Class 2: Serve 4,000-6,999",04/01/2019,03/31/2020,1.0,0.0,0.0,1.0,6052.0,0.0,6052.0,1994.0
101,MI0203,Luther Area Public Library,"Class 2: Serve 4,000-6,999",04/01/2019,03/31/2020,1.0,0.0,0.0,1.0,3600.0,0.0,3600.0,1802.0
102,MI0206,M. Alice Chapin Memorial Library,"Class 2: Serve 4,000-6,999",03/01/2019,02/28/2020,1.0,0.0,0.0,1.0,4224.0,0.0,4224.0,1890.0
103,MI0208,Mackinaw Area Public Library,"Class 2: Serve 4,000-6,999",07/01/2019,06/30/2020,1.0,2.0,0.0,3.0,7600.0,1250.0,8850.0,2562.0
104,MI0211,Mancelona Township Library,"Class 2: Serve 4,000-6,999",04/01/2019,03/31/2020,1.0,0.0,0.0,1.0,2376.0,0.0,2376.0,2025.0
105,MI0216,Marcellus Township Wood Memorial Library,"Class 2: Serve 4,000-6,999",07/01/2019,06/30/2020,1.0,0.0,0.0,1.0,3200.0,0.0,3200.0,2444.0
106,MI0217,Marlette District Library,"Class 2: Serve 4,000-6,999",04/01/2019,03/31/2020,1.0,0.0,0.0,1.0,4500.0,0.0,4500.0,2152.0
107,MI0221,Mayville District Public Library,"Class 2: Serve 4,000-6,999",07/01/2019,06/30/2020,1.0,0.0,0.0,1.0,5612.0,0.0,5612.0,1794.0
108,MI0418,McBain Community Library,"Class 2: Serve 4,000-6,999",07/01/2019,06/30/2020,1.0,0.0,0.0,1.0,7025.0,0.0,7025.0,2034.0
109,MI0225,Mendon Township Library,"Class 2: Serve 4,000-6,999",04/01/2019,03/31/2020,1.0,0.0,0.0,1.0,1800.0,0.0,1800.0,1820.0
110,MI0235,Moore Public Library,"Class 2: Serve 4,000-6,999",01/01/2019,12/31/2019,1.0,0.0,0.0,1.0,3750.0,0.0,3750.0,2184.0
111,MI0236,Morton Township Public Library,"Class 2: Serve 4,000-6,999",07/01/2019,06/30/2020,1.0,0.0,0.0,1.0,15000.0,0.0,15000.0,1195.0
112,MI0243,New Buffalo Township Public Library,"Class 2: Serve 4,000-6,999",01/01/2019,12/31/2019,1.0,0.0,0.0,1.0,1800.0,0.0,1800.0,2652.0
113,MI0244,Newaygo Area District Library,"Class 2: Serve 4,000-6,999",01/01/2019,12/31/2019,1.0,0.0,0.0,1.0,10990.0,0.0,10990.0,2140.0
114,MI0246,North Adams Community Memorial Library,"Class 2: Serve 4,000-6,999",07/01/2019,06/30/2020,1.0,0.0,0.0,1.0,1375.0,0.0,1375.0,1413.0
115,MI0249,Nottawa Township Library,"Class 2: Serve 4,000-6,999",07/01/2019,06/30/2020,1.0,0.0,0.0,1.0,7400.0,0.0,7400.0,1634.0
116,MI0260,Ovid Public Library,"Class 2: Serve 4,000-6,999",07/01/2019,06/30/2020,1.0,0.0,0.0,1.0,3700.0,0.0,3700.0,2080.0
117,MI0264,Pathfinder Community Library,"Class 2: Serve 4,000-6,999",04/01/2019,03/31/2020,1.0,0.0,0.0,1.0,2473.0,0.0,2473.0,2076.0
118,MI0266,Peninsula Community Library,"Class 2: Serve 4,000-6,999",07/01/2019,06/30/2020,1.0,0.0,0.0,1.0,5370.0,0.0,5370.0,2112.0
119,MI0270,Pigeon District Library,"Class 2: Serve 4,000-6,999",07/01/2019,06/30/2020,1.0,0.0,0.0,1.0,7000.0,0.0,7000.0,2548.0
120,MI0272,Pittsford Public Library,"Class 2: Serve 4,000-6,999",07/01/2019,06/30/2020,1.0,0.0,0.0,1.0,1750.0,0.0,1750.0,1248.0
121,MI0275,Port Austin Township Library,"Class 2: Serve 4,000-6,999",04/01/2019,03/31/2020,1.0,0.0,0.0,1.0,2200.0,0.0,2200.0,2288.0
122,MI0028,Potterville-Benton Township District Library,"Class 2: Serve 4,000-6,999",07/01/2019,06/30/2020,1.0,0.0,0.0,1.0,2500.0,0.0,2500.0,1260.0
123,MI0280,Putnam District Library,"Class 2: Serve 4,000-6,999",04/01/2019,03/31/2020,1.0,0.0,0.0,1.0,2560.0,0.0,2560.0,1744.0
124,MI0281,Rauchholz Memorial Library,"Class 2: Serve 4,000-6,999",04/01/2019,03/31/2020,1.0,0.0,0.0,1.0,5300.0,0.0,5300.0,1928.0
125,MI0283,Reading Community Library,"Class 2: Serve 4,000-6,999",07/01/2019,06/30/2020,1.0,0.0,0.0,1.0,2400.0,0.0,2400.0,1376.0
126,MI0380,Reese Unity District Library,"Class 2: Serve 4,000-6,999",01/01/2019,12/31/2019,1.0,0.0,0.0,1.0,9315.0,0.0,9315.0,2808.0
127,MI0064,River Rapids District Library,"Class 2: Serve 4,000-6,999",10/01/2019,09/30/2020,1.0,0.0,0.0,1.0,6000.0,0.0,6000.0,1664.0
128,MI0125,Roscommon Area District Library,"Class 2: Serve 4,000-6,999",10/01/2019,09/30/2020,1.0,1.0,0.0,2.0,9077.0,500.0,9577.0,3562.0
129,MI0323,Saint Ignace Public Library,"Class 2: Serve 4,000-6,999",01/01/2019,12/31/2019,1.0,0.0,0.0,1.0,7000.0,0.0,7000.0,2288.0
130,MI0302,Sanilac District Library,"Class 2: Serve 4,000-6,999",01/01/2019,12/31/2019,1.0,0.0,0.0,1.0,4752.0,0.0,4752.0,2329.0
131,MI0304,Saugatuck-Douglas District Library,"Class 2: Serve 4,000-6,999",07/01/2019,06/30/2020,1.0,0.0,0.0,1.0,5494.0,0.0,5494.0,1809.0
132,MI9007,Sebewaing Township Library,"Class 2: Serve 4,000-6,999",04/01/2019,03/31/2020,1.0,0.0,0.0,1.0,13130.0,0.0,13130.0,1716.0
133,MI0432,Sherman Township Library,"Class 2: Serve 4,000-6,999",04/01/2019,03/31/2020,1.0,0.0,0.0,1.0,906.0,0.0,906.0,1976.0
134,MI0324,Stair District Library,"Class 2: Serve 4,000-6,999",07/01/2019,06/30/2020,1.0,0.0,0.0,1.0,5300.0,0.0,5300.0,1184.0
135,MI0329,Suttons Bay-Bingham District Library,"Class 2: Serve 4,000-6,999",07/01/2019,06/30/2020,1.0,0.0,0.0,1.0,4776.0,0.0,4776.0,1556.0
136,MI0332,Taymouth Township Library,"Class 2: Serve 4,000-6,999",07/01/2019,06/30/2020,1.0,0.0,0.0,1.0,2600.0,0.0,2600.0,1508.0
137,MI0110,Thomas E. Fleschner Memorial Library,"Class 2: Serve 4,000-6,999",04/01/2019,03/31/2020,1.0,0.0,0.0,1.0,2000.0,0.0,2000.0,2124.0
138,MI0339,Three Oaks Township Public Library,"Class 2: Serve 4,000-6,999",04/01/2019,03/31/2020,1.0,0.0,0.0,1.0,9000.0,0.0,9000.0,2039.0
139,MI0344,Utica Public Library,"Class 2: Serve 4,000-6,999",07/01/2019,06/30/2020,1.0,0.0,0.0,1.0,3000.0,0.0,3000.0,1184.0
140,MI0347,Vernon District Public Library,"Class 2: Serve 4,000-6,999",01/01/2019,12/31/2019,1.0,0.0,0.0,1.0,5500.0,0.0,5500.0,1556.0
141,MI0353,Walled Lake City Library,"Class 2: Serve 4,000-6,999",07/01/2019,06/30/2020,1.0,0.0,0.0,1.0,6400.0,0.0,6400.0,2008.0
142,MI0360,Watervliet District Library,"Class 2: Serve 4,000-6,999",07/01/2019,06/30/2020,1.0,0.0,0.0,1.0,10272.0,0.0,10272.0,2444.0
143,MI0367,White Pigeon Township Library,"Class 2: Serve 4,000-6,999",07/01/2019,06/30/2020,1.0,0.0,0.0,1.0,6600.0,0.0,6600.0,2530.0
144,MI0372,Aitkin Memorial District Library,"Class 3: Serve 7,000-11,999",07/01/2019,06/30/2020,1.0,0.0,0.0,1.0,12000.0,0.0,12000.0,1749.0
145,MI0407,Alanson Area Public Library,"Class 3: Serve 7,000-11,999",07/01/2019,06/30/2020,1.0,0.0,0.0,1.0,2177.0,0.0,2177.0,1554.0
146,MI0408,Albion District Library,"Class 3: Serve 7,000-11,999",01/01/2019,12/31/2019,1.0,0.0,0.0,1.0,16898.0,0.0,16898.0,2553.0
147,MI0409,Alcona County Library,"Class 3: Serve 7,000-11,999",01/01/2019,12/31/2019,1.0,3.0,0.0,4.0,8200.0,3600.0,11800.0,2795.0
148,MI0412,Alma Public Library,"Class 3: Serve 7,000-11,999",07/01/2019,06/30/2020,1.0,0.0,0.0,1.0,26000.0,0.0,26000.0,2497.0
149,MI0010,Alvah N. Belding Memorial Library,"Class 3: Serve 7,000-11,999",07/01/2019,06/30/2020,1.0,0.0,0.0,1.0,13600.0,0.0,13600.0,596.0
150,MI0016,Augusta-Ross Township District Library,"Class 3: Serve 7,000-11,999",01/01/2019,12/31/2019,1.0,0.0,0.0,1.0,2300.0,0.0,2300.0,2116.0
151,MI9026,Bath Township Public Library,"Class 3: Serve 7,000-11,999",01/01/2019,12/31/2019,1.0,0.0,0.0,1.0,2400.0,0.0,2400.0,2551.0
152,MI0031,Berrien Springs Community Library,"Class 3: Serve 7,000-11,999",04/01/2019,03/31/2020,1.0,0.0,0.0,1.0,12250.0,0.0,12250.0,2490.0
153,MI0036,Blair Memorial Library,"Class 3: Serve 7,000-11,999",07/01/2019,06/30/2020,1.0,0.0,0.0,1.0,10825.0,0.0,10825.0,1976.0
154,MI0038,Boyne District Library,"Class 3: Serve 7,000-11,999",05/01/2019,04/30/2020,1.0,0.0,1.0,2.0,12000.0,0.0,12000.0,3278.0
155,MI0045,Buchanan District Library,"Class 3: Serve 7,000-11,999",07/01/2019,06/30/2020,1.0,0.0,0.0,1.0,11509.0,0.0,11509.0,2735.0
156,MI0046,Bullard Sanford Memorial Library,"Class 3: Serve 7,000-11,999",07/01/2019,06/30/2020,1.0,0.0,0.0,1.0,9100.0,0.0,9100.0,2392.0
157,MI0050,Calumet Public School Library,"Class 3: Serve 7,000-11,999",07/01/2019,06/30/2020,1.0,0.0,0.0,1.0,7380.0,0.0,7380.0,2015.0
158,MI0168,Caro Area District Library,"Class 3: Serve 7,000-11,999",01/01/2019,12/31/2019,1.0,0.0,0.0,1.0,15000.0,0.0,15000.0,3267.0
159,MI0054,Carson City Public Library,"Class 3: Serve 7,000-11,999",07/01/2019,06/30/2020,1.0,1.0,0.0,2.0,6400.0,2610.0,9010.0,3071.0
160,MI0056,Cedar Springs Public Library,"Class 3: Serve 7,000-11,999",07/01/2019,06/30/2020,1.0,0.0,0.0,1.0,10016.0,0.0,10016.0,1650.0
161,MI0057,Center Line Public Library,"Class 3: Serve 7,000-11,999",07/01/2019,06/30/2020,1.0,0.0,0.0,1.0,7940.0,0.0,7940.0,1680.0
162,MI0060,Charlevoix Public Library,"Class 3: Serve 7,000-11,999",07/01/2019,06/30/2020,1.0,0.0,0.0,1.0,34000.0,0.0,34000.0,2188.0
163,MI0072,Coopersville Area District Library,"Class 3: Serve 7,000-11,999",07/01/2019,06/30/2020,1.0,0.0,0.0,1.0,9200.0,0.0,9200.0,2184.0
164,MI0081,Delton District Library,"Class 3: Serve 7,000-11,999",04/01/2019,03/31/2020,1.0,0.0,0.0,1.0,7680.0,0.0,7680.0,2392.0
165,MI0086,Dorr Township Library,"Class 3: Serve 7,000-11,999",04/01/2019,03/31/2020,1.0,0.0,0.0,1.0,7100.0,0.0,7100.0,1921.0
166,MI0095,Eau Claire District Library,"Class 3: Serve 7,000-11,999",08/01/2019,07/31/2020,1.0,0.0,0.0,1.0,7320.0,0.0,7320.0,1772.0
167,MI9021,Ecorse Public Library,"Class 3: Serve 7,000-11,999",07/01/2019,06/30/2020,1.0,0.0,0.0,1.0,7696.0,0.0,7696.0,1080.0
168,MI0102,Evart Public Library,"Class 3: Serve 7,000-11,999",07/01/2019,06/30/2020,1.0,0.0,0.0,1.0,9065.0,0.0,9065.0,1599.0
169,MI0177,Frankenmuth James E. Wickson District Library,"Class 3: Serve 7,000-11,999",07/01/2019,06/30/2020,1.0,0.0,0.0,1.0,14400.0,0.0,14400.0,2262.0
170,MI0119,Galesburg-Charleston Memorial District Library,"Class 3: Serve 7,000-11,999",07/01/2019,06/30/2020,1.0,0.0,0.0,1.0,5400.0,0.0,5400.0,1136.0
171,MI0162,Gary Byker Memorial Library of Hudsonville,"Class 3: Serve 7,000-11,999",07/01/2019,06/30/2020,1.0,0.0,0.0,1.0,16800.0,0.0,16800.0,1664.0
172,MI0126,Gladstone School & Public Library,"Class 3: Serve 7,000-11,999",07/01/2019,06/30/2020,1.0,0.0,0.0,1.0,3562.0,0.0,3562.0,1682.0
173,MI0132,Grant Area District Library,"Class 3: Serve 7,000-11,999",07/01/2019,06/30/2020,1.0,0.0,0.0,1.0,15000.0,0.0,15000.0,2500.0
174,MI0143,Hart Area Public Library,"Class 3: Serve 7,000-11,999",04/01/2019,03/31/2020,1.0,0.0,0.0,1.0,7000.0,0.0,7000.0,2517.0
175,MI0148,Henika District Library,"Class 3: Serve 7,000-11,999",01/01/2019,12/31/2019,1.0,0.0,0.0,1.0,4150.0,0.0,4150.0,2652.0
176,MI0232,Hillsdale Community Library,"Class 3: Serve 7,000-11,999",07/01/2019,06/30/2020,1.0,0.0,0.0,1.0,17060.0,0.0,17060.0,1560.0
177,MI0163,Huntington Woods Public Library,"Class 3: Serve 7,000-11,999",10/01/2019,09/30/2020,1.0,0.0,0.0,1.0,10952.0,0.0,10952.0,340.0
178,MI0186,Laingsburg Public Library,"Class 3: Serve 7,000-11,999",07/01/2019,06/30/2020,1.0,0.0,0.0,1.0,2000.0,0.0,2000.0,1600.0
179,MI0184,L'Anse Area School-Public Library,"Class 3: Serve 7,000-11,999",07/01/2019,06/30/2020,1.0,0.0,0.0,1.0,4416.0,0.0,4416.0,912.0
180,MI0196,Lenox Township Library,"Class 3: Serve 7,000-11,999",07/01/2019,06/30/2020,1.0,0.0,0.0,1.0,2440.0,0.0,2440.0,1854.0
181,MI0290,Lois Wagner Memorial Library,"Class 3: Serve 7,000-11,999",07/01/2019,06/30/2020,1.0,0.0,0.0,1.0,7300.0,0.0,7300.0,2600.0
182,MI0212,Manchester District Library,"Class 3: Serve 7,000-11,999",06/01/2019,05/31/2020,1.0,0.0,0.0,1.0,5926.0,0.0,5926.0,2296.0
183,MI0214,Manistique School & Public Library,"Class 3: Serve 7,000-11,999",07/01/2019,06/30/2020,1.0,0.0,0.0,1.0,7284.0,0.0,7284.0,2600.0
184,MI9018,Melvindale Public Library,"Class 3: Serve 7,000-11,999",10/01/2019,09/30/2020,1.0,0.0,0.0,1.0,6000.0,0.0,6000.0,829.0
185,MI0230,Millington Arbela District Library,"Class 3: Serve 7,000-11,999",04/01/2019,03/31/2020,1.0,0.0,0.0,1.0,5520.0,0.0,5520.0,2828.0
186,MI0234,Montmorency County Public Libraries,"Class 3: Serve 7,000-11,999",01/01/2019,12/31/2019,1.0,2.0,0.0,3.0,1808.0,9024.0,10832.0,6240.0
187,MI0239,Munising School Public Library,"Class 3: Serve 7,000-11,999",07/01/2019,06/30/2020,1.0,0.0,0.0,1.0,4690.0,0.0,4690.0,1433.0
188,MI0241,Negaunee Public Library,"Class 3: Serve 7,000-11,999",01/01/2019,12/31/2019,1.0,0.0,0.0,1.0,4169.0,0.0,4169.0,2250.0
189,MI0379,Northfield Township Area Library,"Class 3: Serve 7,000-11,999",07/01/2019,06/30/2020,1.0,0.0,0.0,1.0,4300.0,0.0,4300.0,1938.0
190,MI0257,Oscoda County Library,"Class 3: Serve 7,000-11,999",01/01/2019,12/31/2019,1.0,1.0,0.0,2.0,5800.0,2500.0,8300.0,3666.0
191,MI0263,Parchment Community Library,"Class 3: Serve 7,000-11,999",10/01/2019,09/30/2020,1.0,0.0,0.0,1.0,17350.0,0.0,17350.0,1824.0
192,MI9012,Patmos Library,"Class 3: Serve 7,000-11,999",04/01/2019,03/31/2020,1.0,0.0,0.0,1.0,12000.0,0.0,12000.0,1934.0
193,MI0122,Pere Marquette District Library,"Class 3: Serve 7,000-11,999",07/01/2019,06/30/2020,1.0,0.0,0.0,1.0,20000.0,0.0,20000.0,2288.0
194,MI0271,Pinckney Community Public Library,"Class 3: Serve 7,000-11,999",01/01/2019,12/31/2019,1.0,0.0,0.0,1.0,14321.0,0.0,14321.0,2600.0
195,MI0282,Rawson Memorial Library,"Class 3: Serve 7,000-11,999",01/01/2019,12/31/2019,1.0,0.0,0.0,1.0,7500.0,0.0,7500.0,3120.0
196,MI0284,Reed City Area District Library,"Class 3: Serve 7,000-11,999",07/01/2019,06/30/2020,1.0,0.0,0.0,1.0,4649.0,0.0,4649.0,1856.0
197,MI0288,Richland Community Library,"Class 3: Serve 7,000-11,999",10/01/2019,09/30/2020,1.0,0.0,0.0,1.0,11000.0,0.0,11000.0,1186.0
198,MI9019,River Rouge Public Library,"Class 3: Serve 7,000-11,999",07/01/2019,06/30/2020,1.0,0.0,0.0,1.0,6400.0,0.0,6400.0,1072.0
199,MI0165,Ruth Hughes Memorial District Library,"Class 3: Serve 7,000-11,999",01/01/2019,12/31/2019,1.0,1.0,0.0,2.0,9400.0,800.0,10200.0,3340.0
200,MI0320,Saint Charles District Library,"Class 3: Serve 7,000-11,999",04/01/2019,03/31/2020,1.0,0.0,0.0,1.0,7986.0,0.0,7986.0,2089.0
201,MI0423,Salem Township Library,"Class 3: Serve 7,000-11,999",07/01/2019,06/30/2020,1.0,0.0,0.0,1.0,5600.0,0.0,5600.0,2155.0
202,MI0301,Sandusky District Library,"Class 3: Serve 7,000-11,999",01/01/2019,12/31/2019,1.0,0.0,0.0,1.0,7500.0,0.0,7500.0,2476.0
203,MI0303,Saranac Public Library,"Class 3: Serve 7,000-11,999",10/01/2019,09/30/2020,1.0,1.0,0.0,2.0,5537.0,3600.0,9137.0,2854.0
204,MI0428,Schultz-Holmes Memorial Library,"Class 3: Serve 7,000-11,999",10/01/2019,09/30/2020,1.0,0.0,0.0,1.0,6900.0,0.0,6900.0,2008.0
205,MI0309,Shelby Area District Library,"Class 3: Serve 7,000-11,999",03/01/2019,02/28/2020,1.0,0.0,0.0,1.0,8679.0,0.0,8679.0,2640.0
206,MI0314,South Haven Memorial Library,"Class 3: Serve 7,000-11,999",07/01/2019,06/30/2020,1.0,0.0,0.0,1.0,11000.0,0.0,11000.0,2808.0
207,MI0317,Sparta Carnegie Township Library,"Class 3: Serve 7,000-11,999",04/01/2019,03/31/2020,1.0,0.0,0.0,1.0,8540.0,0.0,8540.0,2340.0
208,MI0318,Spies Public Library,"Class 3: Serve 7,000-11,999",07/01/2019,06/30/2020,1.0,0.0,0.0,1.0,17000.0,0.0,17000.0,1805.0
209,MI0328,Surrey Township Public Library,"Class 3: Serve 7,000-11,999",07/01/2019,06/30/2020,1.0,0.0,0.0,1.0,6328.0,0.0,6328.0,2600.0
210,MI0330,Tahquamenon Area Public Library,"Class 3: Serve 7,000-11,999",07/01/2019,06/30/2020,1.0,0.0,0.0,1.0,4472.0,0.0,4472.0,2205.0
211,MI0331,Tamarack District Library,"Class 3: Serve 7,000-11,999",07/01/2019,06/30/2020,1.0,0.0,0.0,1.0,15000.0,0.0,15000.0,1799.0
212,MI0335,Theodore A. Cutler Memorial Library,"Class 3: Serve 7,000-11,999",07/01/2019,06/30/2020,1.0,0.0,0.0,1.0,5800.0,0.0,5800.0,1869.0
213,MI0336,Thomas Township Library,"Class 3: Serve 7,000-11,999",04/01/2019,03/31/2020,1.0,0.0,0.0,1.0,14360.0,0.0,14360.0,2736.0
214,MI0337,Thompson Home Public Library,"Class 3: Serve 7,000-11,999",07/01/2019,06/30/2020,1.0,0.0,0.0,1.0,6000.0,0.0,6000.0,2252.0
215,MI0286,Timothy C. Hauenstein Reynolds Township Library,"Class 3: Serve 7,000-11,999",04/01/2019,03/31/2020,1.0,0.0,0.0,1.0,9200.0,0.0,9200.0,2250.0
216,MI0354,Walton Erickson Public Library,"Class 3: Serve 7,000-11,999",07/01/2019,06/30/2020,1.0,0.0,0.0,1.0,2500.0,0.0,2500.0,1741.0
217,MI0363,West Branch District Library,"Class 3: Serve 7,000-11,999",07/01/2019,06/30/2020,1.0,0.0,0.0,1.0,9300.0,0.0,9300.0,2418.0
218,MI0364,West Iron District Library,"Class 3: Serve 7,000-11,999",07/01/2019,06/30/2020,1.0,0.0,0.0,1.0,10000.0,0.0,10000.0,1824.0
219,MI0091,White Cloud Community Library,"Class 3: Serve 7,000-11,999",07/01/2019,06/30/2020,1.0,0.0,0.0,1.0,5847.0,0.0,5847.0,1692.0
220,MI0370,White Lake Community Library,"Class 3: Serve 7,000-11,999",01/01/2019,12/31/2019,1.0,0.0,0.0,1.0,11765.0,0.0,11765.0,2653.0
221,MI0368,White Pine District Library,"Class 3: Serve 7,000-11,999",07/01/2019,06/30/2020,1.0,0.0,0.0,1.0,3600.0,0.0,3600.0,1532.0
222,MI0406,Adrian District Library,"Class 4: Serve 12,000-25,999",07/01/2019,06/30/2020,1.0,0.0,0.0,1.0,37200.0,0.0,37200.0,2012.0
223,MI0410,Allegan District Library,"Class 4: Serve 12,000-25,999",07/01/2019,06/30/2020,1.0,0.0,0.0,1.0,21266.0,0.0,21266.0,2014.0
224,MI0015,Auburn Hills Public Library,"Class 4: Serve 12,000-25,999",01/01/2019,12/31/2019,1.0,0.0,0.0,1.0,20500.0,0.0,20500.0,3018.0
225,MI0017,Bacon Memorial District Library,"Class 4: Serve 12,000-25,999",07/01/2019,06/30/2020,1.0,0.0,0.0,1.0,15000.0,0.0,15000.0,2097.0
226,MI0027,Benton Harbor Public Library,"Class 4: Serve 12,000-25,999",07/01/2019,06/30/2020,1.0,0.0,0.0,1.0,25000.0,0.0,25000.0,2513.0
227,MI0030,Berkley Public Library,"Class 4: Serve 12,000-25,999",07/01/2019,06/30/2020,1.0,0.0,0.0,1.0,15000.0,0.0,15000.0,1961.0
228,MI0035,Big Rapids Community Library,"Class 4: Serve 12,000-25,999",07/01/2019,06/30/2020,1.0,0.0,0.0,1.0,13982.0,0.0,13982.0,1502.0
229,MI0040,Brandon Township Public Library,"Class 4: Serve 12,000-25,999",01/01/2019,12/31/2019,1.0,0.0,0.0,1.0,19264.0,0.0,19264.0,3224.0
230,MI0041,Bridgeport Public Library,"Class 4: Serve 12,000-25,999",01/01/2019,12/31/2019,1.0,0.0,0.0,1.0,13050.0,0.0,13050.0,3040.0
231,MI0026,Briggs District Library,"Class 4: Serve 12,000-25,999",07/01/2019,06/30/2020,1.0,0.0,0.0,1.0,9616.0,0.0,9616.0,2009.0
232,MI0059,Charles A. Ransom District Library,"Class 4: Serve 12,000-25,999",07/01/2019,06/30/2020,1.0,0.0,0.0,1.0,9888.0,0.0,9888.0,2600.0
233,MI0061,Charlotte Community Library,"Class 4: Serve 12,000-25,999",07/01/2019,06/30/2020,1.0,0.0,0.0,1.0,12500.0,0.0,12500.0,2860.0
234,MI0063,Cheboygan Area Public Library,"Class 4: Serve 12,000-25,999",07/01/2019,06/30/2020,1.0,0.0,0.0,1.0,27000.0,0.0,27000.0,2360.0
235,MI0223,Chelsea District Library,"Class 4: Serve 12,000-25,999",01/01/2019,12/31/2019,1.0,0.0,0.0,1.0,30703.0,0.0,30703.0,3192.0
236,MI0067,Coloma Public Library,"Class 4: Serve 12,000-25,999",07/01/2019,06/30/2020,1.0,0.0,0.0,1.0,18340.0,0.0,18340.0,1943.0
237,MI0070,Comstock Township Library,"Class 4: Serve 12,000-25,999",01/01/2019,12/31/2019,1.0,0.0,0.0,1.0,11278.0,0.0,11278.0,2892.0
238,MI0074,Crawford County Library,"Class 4: Serve 12,000-25,999",10/01/2019,09/30/2020,1.0,1.0,0.0,2.0,10868.0,3640.0,14508.0,3112.0
239,MI0106,DeWitt District Library,"Class 4: Serve 12,000-25,999",07/01/2019,06/30/2020,1.0,0.0,0.0,1.0,5600.0,0.0,5600.0,1440.0
240,MI0084,Dexter District Library,"Class 4: Serve 12,000-25,999",10/01/2019,09/30/2020,1.0,0.0,0.0,1.0,30000.0,0.0,30000.0,2345.0
241,MI0087,Dowagiac District Library,"Class 4: Serve 12,000-25,999",10/01/2019,09/30/2020,1.0,0.0,0.0,1.0,7236.0,0.0,7236.0,1866.0
242,MI0094,Eaton Rapids Area District Library,"Class 4: Serve 12,000-25,999",07/01/2019,06/30/2020,1.0,0.0,0.0,1.0,5346.0,0.0,5346.0,1577.0
243,MI0101,Escanaba Public Library,"Class 4: Serve 12,000-25,999",07/01/2019,06/30/2020,1.0,0.0,0.0,1.0,17000.0,0.0,17000.0,1507.0
244,MI0107,Fennville District Library,"Class 4: Serve 12,000-25,999",10/01/2019,09/30/2020,1.0,0.0,0.0,1.0,13736.0,0.0,13736.0,2682.0
245,MI0108,Ferndale Area District Library,"Class 4: Serve 12,000-25,999",07/01/2019,06/30/2020,1.0,0.0,0.0,1.0,19500.0,0.0,19500.0,2025.0
246,MI0133,Flat River Community Library,"Class 4: Serve 12,000-25,999",07/01/2019,06/30/2020,1.0,0.0,0.0,1.0,23007.0,0.0,23007.0,2222.0
247,MI0421,Flat Rock Public Library,"Class 4: Serve 12,000-25,999",07/01/2019,06/30/2020,1.0,0.0,0.0,1.0,10000.0,0.0,10000.0,2288.0
248,MI0113,Fowlerville District Library,"Class 4: Serve 12,000-25,999",07/01/2019,06/30/2020,1.0,0.0,0.0,1.0,10000.0,0.0,10000.0,2006.0
249,MI0116,Fraser Public Library,"Class 4: Serve 12,000-25,999",07/01/2019,06/30/2020,1.0,0.0,0.0,1.0,9600.0,0.0,9600.0,1944.0
250,MI0118,Fremont Area District Library,"Class 4: Serve 12,000-25,999",01/01/2019,12/31/2019,1.0,0.0,0.0,1.0,39669.0,0.0,39669.0,2210.0
251,MI9022,Fruitport District Library,"Class 4: Serve 12,000-25,999",04/01/2019,03/31/2020,1.0,0.0,0.0,1.0,2000.0,0.0,2000.0,1975.0
252,MI0127,Gladwin County District Library,"Class 4: Serve 12,000-25,999",01/01/2019,12/31/2019,1.0,1.0,0.0,2.0,52000.0,5506.0,57506.0,3714.0
253,MI0130,Grand Ledge Area District Library,"Class 4: Serve 12,000-25,999",07/01/2019,06/30/2020,1.0,0.0,0.0,1.0,9098.0,0.0,9098.0,2329.0
254,MI0137,Hamburg Township Library,"Class 4: Serve 12,000-25,999",07/01/2019,06/30/2020,1.0,0.0,0.0,1.0,16500.0,0.0,16500.0,2204.0
255,MI0138,Hamtramck Public Library,"Class 4: Serve 12,000-25,999",07/01/2019,06/30/2020,1.0,0.0,0.0,1.0,12000.0,0.0,12000.0,1560.0
256,MI0141,Harper Woods Public Library,"Class 4: Serve 12,000-25,999",01/01/2019,12/31/2019,1.0,0.0,0.0,1.0,17500.0,0.0,17500.0,2184.0
257,MI0142,Harrison District Library,"Class 4: Serve 12,000-25,999",07/01/2019,06/30/2020,1.0,0.0,0.0,1.0,5524.0,0.0,5524.0,2255.0
258,MI0435,Harrison Township Public Library,"Class 4: Serve 12,000-25,999",01/01/2019,12/31/2019,1.0,0.0,0.0,1.0,3900.0,0.0,3900.0,1529.0
259,MI0145,Hastings Public Library,"Class 4: Serve 12,000-25,999",07/01/2019,06/30/2020,1.0,0.0,0.0,1.0,18000.0,0.0,18000.0,2146.0
260,MI0146,Hazel Park Memorial District Library,"Class 4: Serve 12,000-25,999",07/01/2019,06/30/2020,1.0,0.0,0.0,1.0,18760.0,0.0,18760.0,2050.0
261,MI0152,Highland Township Public Library,"Class 4: Serve 12,000-25,999",01/01/2019,12/31/2019,1.0,0.0,0.0,1.0,25050.0,0.0,25050.0,2684.0
262,MI0153,Holly Township Library,"Class 4: Serve 12,000-25,999",07/01/2019,06/30/2020,1.0,0.0,0.0,1.0,6007.0,0.0,6007.0,2496.0
263,MI0158,Houghton Lake Public Library,"Class 4: Serve 12,000-25,999",07/01/2019,06/30/2020,1.0,0.0,0.0,1.0,10865.0,0.0,10865.0,1868.0
264,MI0378,Howard Miller Library,"Class 4: Serve 12,000-25,999",07/01/2019,06/30/2020,1.0,0.0,0.0,1.0,22900.0,0.0,22900.0,2009.0
265,MI0136,Ionia Community Library,"Class 4: Serve 12,000-25,999",07/01/2019,06/30/2020,1.0,0.0,0.0,1.0,5500.0,0.0,5500.0,2600.0
266,MI0173,Ishpeming Carnegie Public Library,"Class 4: Serve 12,000-25,999",01/01/2019,12/31/2019,1.0,0.0,0.0,1.0,11500.0,0.0,11500.0,1256.0
267,MI0181,Kalkaska County Library,"Class 4: Serve 12,000-25,999",01/01/2019,12/31/2019,1.0,0.0,0.0,1.0,4928.0,0.0,4928.0,2624.0
268,MI0431,Leanna Hicks Public Library of Inkster,"Class 4: Serve 12,000-25,999",07/01/2019,06/30/2020,1.0,0.0,0.0,1.0,5900.0,0.0,5900.0,667.0
269,MI0198,Lincoln Township Public Library,"Class 4: Serve 12,000-25,999",04/01/2019,03/31/2020,1.0,0.0,0.0,1.0,25000.0,0.0,25000.0,2857.0
270,MI0204,Lyon Township Public Library,"Class 4: Serve 12,000-25,999",01/01/2019,12/31/2019,1.0,0.0,0.0,1.0,3900.0,0.0,3900.0,3300.0
271,MI0242,MacDonald Public Library,"Class 4: Serve 12,000-25,999",07/01/2019,06/30/2020,1.0,0.0,0.0,1.0,11214.0,0.0,11214.0,2550.0
272,MI0213,Manistee County Library,"Class 4: Serve 12,000-25,999",10/01/2019,09/30/2020,1.0,5.0,0.0,6.0,10542.0,8791.0,19333.0,4242.0
273,MI0218,Marshall District Library,"Class 4: Serve 12,000-25,999",07/01/2019,06/30/2020,1.0,0.0,0.0,1.0,19000.0,0.0,19000.0,2165.0
274,MI0220,Maud Preston Palenske Memorial Library,"Class 4: Serve 12,000-25,999",07/01/2019,06/30/2020,1.0,0.0,0.0,1.0,26291.0,0.0,26291.0,2132.0
275,MI0226,Menominee County Library,"Class 4: Serve 12,000-25,999",10/01/2019,09/30/2020,1.0,1.0,1.0,3.0,6760.0,800.0,7560.0,2694.0
276,MI0228,Milan Public Library,"Class 4: Serve 12,000-25,999",07/01/2019,06/30/2020,1.0,0.0,0.0,1.0,5130.0,0.0,5130.0,1968.0
277,MI0229,Milford Public Library,"Class 4: Serve 12,000-25,999",01/01/2019,12/31/2019,1.0,0.0,0.0,1.0,23500.0,0.0,23500.0,3008.0
278,MI0231,Missaukee District Library,"Class 4: Serve 12,000-25,999",01/01/2019,12/31/2019,1.0,0.0,0.0,1.0,7438.0,0.0,7438.0,2090.0
279,MI0237,Mount Clemens Public Library,"Class 4: Serve 12,000-25,999",07/01/2019,06/30/2020,1.0,0.0,0.0,1.0,34000.0,0.0,34000.0,2432.0
280,MI0245,Niles District Library,"Class 4: Serve 12,000-25,999",10/01/2019,09/30/2020,1.0,0.0,0.0,1.0,39855.0,0.0,39855.0,3060.0
281,MI0253,Ogemaw District Library,"Class 4: Serve 12,000-25,999",10/01/2019,09/30/2020,1.0,2.0,0.0,3.0,6440.0,3200.0,9640.0,3448.0
282,MI0258,Otsego County Library,"Class 4: Serve 12,000-25,999",01/01/2019,12/31/2019,1.0,2.0,0.0,3.0,24373.0,2190.0,26563.0,4842.0
283,MI0259,Otsego District Public Library,"Class 4: Serve 12,000-25,999",01/01/2019,12/31/2019,1.0,0.0,0.0,1.0,18450.0,0.0,18450.0,2864.0
284,MI0262,Oxford Public Library,"Class 4: Serve 12,000-25,999",01/01/2019,12/31/2019,1.0,0.0,0.0,1.0,24300.0,0.0,24300.0,3091.0
285,MI0265,Paw Paw District Library,"Class 4: Serve 12,000-25,999",01/01/2019,12/31/2019,1.0,0.0,0.0,1.0,16398.0,0.0,16398.0,2808.0
286,MI0269,Petoskey District Library,"Class 4: Serve 12,000-25,999",01/01/2019,12/31/2019,1.0,0.0,0.0,1.0,24000.0,0.0,24000.0,2775.0
287,MI0276,Portage Lake District Library,"Class 4: Serve 12,000-25,999",07/01/2019,06/30/2020,1.0,1.0,0.0,2.0,12650.0,3733.0,16383.0,3482.0
288,MI0278,Portland District Library,"Class 4: Serve 12,000-25,999",07/01/2019,06/30/2020,1.0,0.0,0.0,1.0,14400.0,0.0,14400.0,2111.0
289,MI0279,Presque Isle District Library,"Class 4: Serve 12,000-25,999",01/01/2019,12/31/2019,1.0,4.0,0.0,5.0,9937.0,10169.0,20106.0,8272.0
290,MI0292,Riverview Veterans Memorial Library,"Class 4: Serve 12,000-25,999",07/01/2019,06/30/2020,1.0,0.0,0.0,1.0,14600.0,0.0,14600.0,1330.0
291,MI0315,Salem-South Lyon District Library,"Class 4: Serve 12,000-25,999",07/01/2019,06/30/2020,1.0,0.0,0.0,1.0,22056.0,0.0,22056.0,2446.0
292,MI0355,Spring Lake District Library,"Class 4: Serve 12,000-25,999",01/01/2019,12/31/2019,1.0,0.0,0.0,1.0,34500.0,0.0,34500.0,3052.0
293,MI0319,Springfield Township Library,"Class 4: Serve 12,000-25,999",01/01/2019,12/31/2019,1.0,0.0,0.0,1.0,14000.0,0.0,14000.0,1826.0
294,MI0326,Sturgis District Library,"Class 4: Serve 12,000-25,999",10/01/2019,09/30/2020,1.0,0.0,0.0,1.0,15400.0,0.0,15400.0,2012.0
295,MI0333,Tecumseh District Library,"Class 4: Serve 12,000-25,999",07/01/2019,06/30/2020,1.0,0.0,0.0,1.0,16033.0,0.0,16033.0,2378.0
296,MI0338,Thornapple Kellogg School and Community Library,"Class 4: Serve 12,000-25,999",07/01/2019,06/30/2020,1.0,0.0,0.0,1.0,8937.0,0.0,8937.0,1785.0
297,MI0340,Three Rivers Public Library,"Class 4: Serve 12,000-25,999",07/01/2019,06/30/2020,1.0,0.0,0.0,1.0,20000.0,0.0,20000.0,2018.0
298,MI0349,Vicksburg District Library,"Class 4: Serve 12,000-25,999",03/01/2019,02/29/2020,1.0,0.0,0.0,1.0,10730.0,0.0,10730.0,2916.0
299,MI0403,Wayne Public Library,"Class 4: Serve 12,000-25,999",07/01/2019,06/30/2020,1.0,0.0,0.0,1.0,24500.0,0.0,24500.0,1400.0
300,MI0374,Wixom Public Library,"Class 4: Serve 12,000-25,999",07/01/2019,06/30/2020,1.0,0.0,0.0,1.0,14300.0,0.0,14300.0,1861.0
301,MI9017,Allen Park Public Library,"Class 5: Serve 26,000-49,999",07/01/2019,06/30/2020,1.0,0.0,0.0,1.0,13320.0,0.0,13320.0,1709.0
302,MI0411,Allendale Township Library,"Class 5: Serve 26,000-49,999",01/01/2019,12/31/2019,1.0,0.0,0.0,1.0,8000.0,0.0,8000.0,3120.0
303,MI0414,Alpena County Library,"Class 5: Serve 26,000-49,999",01/01/2019,12/31/2019,1.0,1.0,0.0,2.0,26000.0,0.0,26000.0,2775.0
304,MI0019,Baldwin Public Library,"Class 5: Serve 26,000-49,999",07/01/2019,06/30/2020,1.0,0.0,0.0,1.0,42174.0,0.0,42174.0,2391.0
305,MI0430,Belleville Area District Library,"Class 5: Serve 26,000-49,999",07/01/2019,06/30/2020,1.0,1.0,0.0,2.0,31015.0,1335.0,32350.0,2023.0
306,MI0037,Bloomfield Township Public Library,"Class 5: Serve 26,000-49,999",04/01/2019,03/31/2020,1.0,0.0,0.0,1.0,102505.0,0.0,102505.0,3226.0
307,MI0039,Branch District Library,"Class 5: Serve 26,000-49,999",01/01/2019,12/31/2019,1.0,5.0,0.0,6.0,18309.0,9129.0,27438.0,11250.0
308,MI0043,Brighton District Library,"Class 5: Serve 26,000-49,999",12/01/2018,11/30/2019,1.0,0.0,0.0,1.0,23100.0,0.0,23100.0,3080.0
309,MI0049,Cadillac-Wexford County Public Library,"Class 5: Serve 26,000-49,999",01/01/2019,12/31/2019,1.0,4.0,0.0,5.0,16000.0,7790.0,23790.0,9605.0
310,MI0055,Cass District Library,"Class 5: Serve 26,000-49,999",01/01/2019,12/31/2019,1.0,4.0,0.0,5.0,17132.0,12283.0,29415.0,11300.0
311,MI0416,Chesterfield Township Library,"Class 5: Serve 26,000-49,999",01/01/2019,12/31/2019,1.0,0.0,0.0,1.0,21000.0,0.0,21000.0,2608.0
312,MI0166,Clarkston Independence District Library,"Class 5: Serve 26,000-49,999",01/01/2019,12/31/2019,1.0,0.0,0.0,1.0,20000.0,0.0,20000.0,3156.0
313,MI0426,Commerce Township Community Library,"Class 5: Serve 26,000-49,999",01/01/2019,12/31/2019,1.0,0.0,0.0,1.0,35000.0,0.0,35000.0,3069.0
314,MI0310,Community District Library,"Class 5: Serve 26,000-49,999",07/01/2019,06/30/2020,0.0,7.0,0.0,7.0,3300.0,11336.0,14636.0,13252.0
315,MI0075,Cromaine District Library,"Class 5: Serve 26,000-49,999",07/01/2019,06/30/2020,1.0,0.0,0.0,1.0,18820.0,0.0,18820.0,2342.0
316,MI9009,Delta Township District Library,"Class 5: Serve 26,000-49,999",01/01/2019,12/31/2019,1.0,0.0,0.0,1.0,30100.0,0.0,30100.0,2808.0
317,MI0085,Dickinson County Library,"Class 5: Serve 26,000-49,999",01/01/2019,12/31/2019,1.0,2.0,0.0,3.0,16310.0,2699.0,19009.0,6609.0
318,MI0093,East Lansing Public Library,"Class 5: Serve 26,000-49,999",07/01/2019,06/30/2020,1.0,0.0,0.0,1.0,25800.0,0.0,25800.0,2472.0
319,MI0092,Eastpointe Memorial Library,"Class 5: Serve 26,000-49,999",07/01/2019,06/30/2020,1.0,0.0,0.0,1.0,13000.0,0.0,13000.0,1670.0
320,MI0121,Garden City Public Library,"Class 5: Serve 26,000-49,999",07/01/2019,06/30/2020,1.0,0.0,0.0,1.0,6246.0,0.0,6246.0,1825.0
321,MI0124,Georgetown Township Public Library,"Class 5: Serve 26,000-49,999",01/01/2019,12/31/2019,1.0,0.0,0.0,1.0,31000.0,0.0,31000.0,2714.0
322,MI0135,Hackley Public Library,"Class 5: Serve 26,000-49,999",07/01/2019,06/30/2020,1.0,0.0,0.0,1.0,43053.0,0.0,43053.0,2184.0
323,MI0171,Iosco-Arenac District Library,"Class 5: Serve 26,000-49,999",01/01/2019,12/31/2019,0.0,8.0,0.0,8.0,3500.0,26484.0,29984.0,17086.0
324,MI0195,Lenawee District Library,"Class 5: Serve 26,000-49,999",01/01/2019,12/31/2019,1.0,5.0,1.0,7.0,13000.0,10500.0,23500.0,9403.0
325,MI9025,Lincoln Park Public Library,"Class 5: Serve 26,000-49,999",07/01/2019,06/30/2020,1.0,0.0,0.0,1.0,3000.0,0.0,3000.0,2020.0
326,MI0201,Loutit District Library,"Class 5: Serve 26,000-49,999",07/01/2019,06/30/2020,1.0,0.0,0.0,1.0,49793.0,0.0,49793.0,2445.0
327,MI0210,Madison Heights Public Library,"Class 5: Serve 26,000-49,999",07/01/2019,06/30/2020,1.0,0.0,0.0,1.0,16885.0,0.0,16885.0,2071.0
328,MI0401,Mason County District Library,"Class 5: Serve 26,000-49,999",01/01/2019,12/31/2019,1.0,1.0,0.0,2.0,14548.0,6680.0,21228.0,6248.0
329,MI0248,Northville District Library,"Class 5: Serve 26,000-49,999",12/01/2018,11/30/2019,1.0,0.0,0.0,1.0,28212.0,0.0,28212.0,3050.0
330,MI0251,Oak Park Public Library,"Class 5: Serve 26,000-49,999",07/01/2019,06/30/2020,1.0,0.0,0.0,1.0,16800.0,0.0,16800.0,2704.0
331,MI0255,Orion Township Public Library,"Class 5: Serve 26,000-49,999",01/01/2019,12/31/2019,1.0,1.0,0.0,2.0,30842.0,0.0,30842.0,4412.0
332,MI0268,Peter White Public Library,"Class 5: Serve 26,000-49,999",10/01/2019,09/30/2020,1.0,0.0,0.0,1.0,63000.0,0.0,63000.0,2060.0
333,MI0273,Plymouth District Library,"Class 5: Serve 26,000-49,999",01/01/2019,12/31/2019,1.0,0.0,0.0,1.0,52000.0,0.0,52000.0,3329.0
334,MI0402,Redford Township District Library,"Class 5: Serve 26,000-49,999",04/01/2019,03/31/2020,1.0,0.0,0.0,1.0,65000.0,0.0,65000.0,2796.0
335,MI0294,Romeo District Library,"Class 5: Serve 26,000-49,999",07/01/2019,06/30/2020,1.0,1.0,0.0,2.0,24100.0,7500.0,31600.0,4026.0
336,MI0433,Romulus Public Library,"Class 5: Serve 26,000-49,999",07/01/2019,06/30/2020,1.0,0.0,0.0,1.0,11164.0,0.0,11164.0,2755.0
337,MI0295,Roseville Public Library,"Class 5: Serve 26,000-49,999",07/01/2019,06/30/2020,1.0,0.0,0.0,1.0,29151.0,0.0,29151.0,1973.0
338,MI0300,Saline District Library,"Class 5: Serve 26,000-49,999",12/01/2018,11/30/2019,1.0,0.0,0.0,1.0,33000.0,0.0,33000.0,3322.0
339,MI0261,Shiawassee District Library,"Class 5: Serve 26,000-49,999",12/01/2018,11/30/2019,1.0,1.0,0.0,2.0,8400.0,3300.0,11700.0,3969.0
340,MI0434,Southgate Veterans Memorial Library,"Class 5: Serve 26,000-49,999",07/01/2019,06/30/2020,1.0,0.0,0.0,1.0,21000.0,0.0,21000.0,1756.0
341,MI0022,Superior District Library,"Class 5: Serve 26,000-49,999",07/01/2019,06/30/2020,1.0,8.0,0.0,9.0,17200.0,22253.0,39453.0,16784.0
342,MI0345,Van Buren District Library,"Class 5: Serve 26,000-49,999",01/01/2019,12/31/2019,1.0,6.0,0.0,7.0,15000.0,22205.0,37205.0,16973.0
343,MI0366,White Lake Township Library,"Class 5: Serve 26,000-49,999",01/01/2019,12/31/2019,1.0,0.0,0.0,1.0,28000.0,0.0,28000.0,2808.0
344,MI0012,Ann Arbor District Library,"Class 6: Serve 50,000+",07/01/2019,06/30/2020,1.0,4.0,0.0,5.0,110000.0,70000.0,180000.0,12662.0
345,MI0021,Bay County Library System,"Class 6: Serve 50,000+",01/01/2019,12/31/2019,1.0,3.0,1.0,5.0,62000.0,44817.0,106817.0,10245.0
346,MI0052,Canton Public Library,"Class 6: Serve 50,000+",01/01/2019,12/31/2019,1.0,0.0,0.0,1.0,53000.0,0.0,53000.0,3591.0
347,MI0424,Capital Area District Libraries,"Class 6: Serve 50,000+",01/01/2019,12/31/2019,1.0,12.0,1.0,14.0,75000.0,63808.0,138808.0,33612.0
348,MI0348,Chippewa River District Library System,"Class 6: Serve 50,000+",01/01/2019,12/31/2019,1.0,4.0,0.0,5.0,30000.0,11300.0,41300.0,10552.0
349,MI0397,Clinton-Macomb Public Library,"Class 6: Serve 50,000+",12/01/2018,11/30/2019,1.0,2.0,0.0,3.0,84000.0,33599.0,117599.0,10608.0
350,MI0425,Dearborn Heights City Libraries,"Class 6: Serve 50,000+",07/01/2019,06/30/2020,1.0,1.0,0.0,2.0,32000.0,12000.0,44000.0,3613.0
351,MI0078,Dearborn Public Library,"Class 6: Serve 50,000+",07/01/2019,06/30/2020,1.0,2.0,0.0,3.0,85643.0,20134.0,105777.0,4608.0
352,MI0083,Detroit Public Library,"Class 6: Serve 50,000+",07/01/2019,06/30/2020,1.0,21.0,1.0,23.0,420000.0,211059.0,631059.0,30684.0
353,MI0105,Farmington Community Library,"Class 6: Serve 50,000+",07/01/2019,06/30/2020,1.0,1.0,0.0,2.0,72000.0,18000.0,90000.0,4780.0
354,MI0111,Flint Public Library,"Class 6: Serve 50,000+",07/01/2019,06/30/2020,1.0,0.0,0.0,1.0,82166.0,0.0,82166.0,1485.0
355,MI0123,Genesee District Library,"Class 6: Serve 50,000+",01/01/2019,12/31/2019,1.0,18.0,0.0,19.0,12800.0,74915.0,87715.0,38970.0
356,MI0129,Grace A. Dow Memorial Library,"Class 6: Serve 50,000+",07/01/2019,06/30/2020,1.0,0.0,0.0,1.0,105000.0,0.0,105000.0,2468.0
357,MI0131,Grand Rapids Public Library,"Class 6: Serve 50,000+",07/01/2019,06/30/2020,1.0,7.0,0.0,8.0,153000.0,58426.0,211426.0,18140.0
358,MI0134,Grosse Pointe Public Library,"Class 6: Serve 50,000+",07/01/2019,06/30/2020,1.0,2.0,0.0,3.0,18500.0,42500.0,61000.0,9519.0
359,MI0150,Herrick District Library,"Class 6: Serve 50,000+",07/01/2019,06/30/2020,1.0,1.0,0.0,2.0,72291.0,5000.0,77291.0,4125.0
360,MI0160,Howell Carnegie District Library,"Class 6: Serve 50,000+",07/01/2019,06/30/2020,1.0,0.0,0.0,1.0,30100.0,0.0,30100.0,2218.0
361,MI0175,Jackson District Library,"Class 6: Serve 50,000+",01/01/2019,12/31/2019,1.0,12.0,0.0,13.0,33250.0,45091.0,78341.0,27523.0
362,MI0180,Kalamazoo Public Library,"Class 6: Serve 50,000+",07/01/2019,06/30/2020,1.0,4.0,0.0,5.0,98000.0,39800.0,137800.0,7864.0
363,MI0182,Kent District Library,"Class 6: Serve 50,000+",01/01/2019,12/31/2019,0.0,19.0,1.0,20.0,0.0,299741.0,299741.0,47191.0
364,MI0190,Lapeer District Library,"Class 6: Serve 50,000+",01/01/2019,12/31/2019,1.0,6.0,0.0,7.0,8100.0,7615.0,15715.0,9809.0
365,MI0200,Livonia Public Library,"Class 6: Serve 50,000+",01/1/2019,12/31/2019,1.0,3.0,0.0,4.0,64500.0,21115.0,85615.0,6440.0
366,MI0233,Monroe County Library System,"Class 6: Serve 50,000+",01/01/2019,12/31/2019,1.0,15.0,1.0,17.0,33380.0,119091.0,152471.0,38704.0
367,MI0240,Muskegon Area District Library,"Class 6: Serve 50,000+",01/01/2019,12/31/2019,1.0,9.0,0.0,10.0,12117.0,43592.0,55709.0,23407.0
368,MI0250,Novi Public Library,"Class 6: Serve 50,000+",07/01/2019,06/30/2020,1.0,0.0,0.0,1.0,59314.0,0.0,59314.0,2287.0
369,MI0274,Pontiac Public Library,"Class 6: Serve 50,000+",07/01/2019,06/30/2020,1.0,0.0,0.0,1.0,20250.0,0.0,20250.0,1907.0
370,MI0277,Portage District Library,"Class 6: Serve 50,000+",01/01/2019,12/31/2019,1.0,0.0,0.0,1.0,49000.0,0.0,49000.0,3415.0
371,MI0299,Public Libraries of Saginaw,"Class 6: Serve 50,000+",07/01/2019,06/30/2020,1.0,3.0,0.0,4.0,32553.0,42922.0,75475.0,7392.0
372,MI0293,Rochester Hills Public Library,"Class 6: Serve 50,000+",01/01/2019,12/31/2019,1.0,0.0,2.0,3.0,76600.0,310.0,76910.0,6600.0
373,MI0296,Royal Oak Public Library,"Class 6: Serve 50,000+",07/01/2019,06/30/2020,1.0,0.0,0.0,1.0,42000.0,0.0,42000.0,1818.0
374,MI0321,Saint Clair County Library System,"Class 6: Serve 50,000+",01/01/2019,12/31/2019,1.0,10.0,0.0,11.0,29765.0,44790.0,74555.0,29917.0
375,MI0322,Saint Clair Shores Public Library,"Class 6: Serve 50,000+",07/01/2019,06/30/2020,1.0,0.0,0.0,1.0,30000.0,0.0,30000.0,2280.0
376,MI0308,Shelby Township Library,"Class 6: Serve 50,000+",01/01/2019,12/31/2019,1.0,0.0,0.0,1.0,12400.0,0.0,12400.0,2937.0
377,MI0316,Southfield Public Library,"Class 6: Serve 50,000+",07/01/2019,06/30/2020,1.0,0.0,0.0,1.0,124000.0,0.0,124000.0,2683.0
378,MI0325,Sterling Heights Public Library,"Class 6: Serve 50,000+",07/01/2019,06/30/2020,1.0,0.0,0.0,1.0,42556.0,0.0,42556.0,2213.0
379,MI9024,Taylor Community Library,"Class 6: Serve 50,000+",07/01/2019,06/30/2020,1.0,0.0,0.0,1.0,24950.0,0.0,24950.0,2630.0
380,MI0342,Traverse Area District Library,"Class 6: Serve 50,000+",01/01/2019,12/31/2019,1.0,2.0,0.0,3.0,58000.0,7300.0,65300.0,8071.0
381,MI9020,Trenton Veteran\'s Memorial Library,"Class 6: Serve 50,000+",07/01/2019,06/30/2020,1.0,0.0,0.0,1.0,21500.0,0.0,21500.0,3172.0
382,MI0343,Troy Public Library,"Class 6: Serve 50,000+",07/01/2019,06/30/2020,1.0,0.0,0.0,1.0,50000.0,0.0,50000.0,2035.0
383,MI0356,Warren Public Library,"Class 6: Serve 50,000+",07/01/2019,06/30/2020,1.0,3.0,0.0,4.0,35000.0,33254.0,68254.0,6710.0
384,MI0358,Waterford Township Public Library,"Class 6: Serve 50,000+",01/01/2019,12/31/2019,1.0,0.0,0.0,1.0,27300.0,0.0,27300.0,2915.0
385,MI0362,West Bloomfield Township Public Library,"Class 6: Serve 50,000+",04/01/2019,03/31/2020,1.0,1.0,0.0,2.0,64000.0,12000.0,76000.0,7097.0
386,MI0371,Willard Public Library,"Class 6: Serve 50,000+",07/01/2019,06/30/2020,1.0,1.0,0.0,2.0,55000.0,12000.0,67000.0,4567.0
387,MI0415,William P. Faust Public Library of Westland,"Class 6: Serve 50,000+",07/01/2019,06/30/2020,1.0,0.0,0.0,1.0,33450.0,0.0,33450.0,2600.0
388,MI0377,Ypsilanti District Library,"Class 6: Serve 50,000+",12/01/2018,11/30/2019,1.0,2.0,1.0,4.0,60000.0,12100.0,72100.0,1460.0
389,,Total Libraries Reporting (N),389,,TOTAL,386.0,255.0,11.0,652.0,6420804.0,1615626.0,8036430.0,1297194.0
390,,,,,AVERAGE,,,,,16505.92287917738,,20659.203084832905,3334.6889460154243
391,,,,,,,,,,,,,
392,End of worksheet,,,,,,,,,,,,
