,FSCS,Location,Library Class,Total Population Served,Number of ALA-MLS Librarians,Total Hours per Week worked by ALA-MLS Librarians,ALA-MLS FTE (40 Hours/wk),Number of Other Librarians,Total Hours per Week worked by Other Librarians,Other Librarians FTE (40 Hours/wk),Number of Total Librarians,Total Hours per Week worked by Total Librarians,Total Librarians FTE (40 Hours/wk),Number of All Other Paid Staff,Total Hours per Week worked by All Other Paid Staff,All Other Paid Staff FTE (40 Hours/wk),Number of Total Paid Employees,Total Hours per Week worked by Total Paid Employees,Total Paid Employees FTE (40 Hours/wk),Did the library have any temporary staffing reductions due to the COVID-19 Pandemic,If your library reduced staffing hours Due to COVID-19 provide an approximate total of the hours reduced,Were library staff re-assigned to assist other government agencies or nonprofit organizations with Coronavirus (COVID-19) pandemic-related efforts?
0,MI0147,Alden District Library,"Class 1: Serve 3,999 or less",1285.0,0.0,0.0,0.0,1.0,40.0,1.0,1.0,40.0,1.0,4.0,30.0,0.75,5.0,70.0,1.75,Yes,548.0,No
1,MI9010,Ashley District Library,"Class 1: Serve 3,999 or less",3248.0,0.0,0.0,0.0,1.0,40.0,1.0,1.0,40.0,1.0,1.0,4.0,0.1,2.0,44.0,1.1,Yes,44.0,No
2,MI0023,Beaver Island District Library,"Class 1: Serve 3,999 or less",657.0,0.0,0.0,0.0,3.0,60.0,1.5,3.0,60.0,1.5,1.0,6.0,0.15,4.0,66.0,1.65,No,0.0,No
3,MI0024,Bellaire Public Library,"Class 1: Serve 3,999 or less",3769.0,1.0,40.0,1.0,1.0,40.0,1.0,1.0,40.0,1.0,3.0,54.0,1.35,4.0,94.0,2.35,No,0.0,No
4,MI0025,Bellevue Township Library,"Class 1: Serve 3,999 or less",3150.0,0.0,0.0,0.0,1.0,25.0,0.625,1.0,25.0,0.625,0.0,0.0,0.0,1.0,25.0,0.625,No,0.0,No
5,MI0114,Benzie Shores District Library,"Class 1: Serve 3,999 or less",3811.0,1.0,40.0,1.0,2.0,58.0,1.45,3.0,98.0,2.45,2.0,35.0,0.875,5.0,133.0,3.325,Yes,324.0,No
6,MI0029,Benzonia Public Library,"Class 1: Serve 3,999 or less",3623.0,0.0,0.0,0.0,5.0,72.0,1.8,5.0,72.0,1.8,1.0,6.0,0.15,6.0,78.0,1.95,No,0.0,No
7,MI0033,Betsie Valley District Library,"Class 1: Serve 3,999 or less",2937.0,0.0,0.0,0.0,3.0,41.0,1.025,3.0,41.0,1.025,0.0,0.0,0.0,3.0,41.0,1.025,Yes,280.0,No
8,MI0048,Burr Oak Township Library,"Class 1: Serve 3,999 or less",2611.0,0.0,0.0,0.0,2.0,28.0,0.7,2.0,28.0,0.7,0.0,0.0,0.0,2.0,28.0,0.7,Yes,354.0,No
9,MI0053,Carp Lake Township Library,"Class 1: Serve 3,999 or less",722.0,0.0,0.0,0.0,1.0,20.0,0.5,1.0,20.0,0.5,1.0,4.0,0.1,2.0,24.0,0.6,Yes,32.0,No
10,MI0058,Central Lake District Library,"Class 1: Serve 3,999 or less",3995.0,0.0,0.0,0.0,1.0,40.0,1.0,1.0,40.0,1.0,3.0,74.0,1.85,4.0,114.0,2.85,No,0.0,No
11,MI0062,Chase Township Public Library,"Class 1: Serve 3,999 or less",1854.0,0.0,0.0,0.0,1.0,27.0,0.675,1.0,27.0,0.675,0.0,0.0,0.0,1.0,27.0,0.675,Yes,297.0,No
12,MI0065,Clinton Township Public Library,"Class 1: Serve 3,999 or less",3604.0,1.0,35.0,0.875,2.0,2.0,0.05,3.0,37.0,0.925,5.0,91.0,2.275,8.0,128.0,3.2,Yes,435.0,No
13,MI0068,Colon Township Library,"Class 1: Serve 3,999 or less",3803.0,0.0,0.0,0.0,4.0,85.0,2.125,4.0,85.0,2.125,1.0,8.0,0.2,4.0,93.0,2.325,No,0.0,No
14,MI0069,Columbia Township Library,"Class 1: Serve 3,999 or less",2373.0,1.0,25.5,0.6375,1.0,12.0,0.3,2.0,37.5,0.9375,6.0,39.25,0.98125,8.0,76.75,1.91875,Yes,164.0,No
15,MI0076,Crooked Tree District Library,"Class 1: Serve 3,999 or less",3953.0,2.0,77.0,1.925,0.0,0.0,0.0,2.0,77.0,1.925,2.0,45.0,1.125,4.0,122.0,3.05,No,0.0,No
16,MI0429,Croton Township Library,"Class 1: Serve 3,999 or less",3228.0,0.0,0.0,0.0,2.0,57.0,1.425,2.0,57.0,1.425,2.0,27.0,0.675,5.0,84.0,2.1,No,0.0,No
17,MI0077,Crystal Falls District Community Library,"Class 1: Serve 3,999 or less",3453.0,0.0,0.0,0.0,1.0,31.0,0.775,1.0,31.0,0.775,10.0,86.61,2.16525,11.0,117.61,2.94025,Yes,1000.0,No
18,MI0417,Curtis Township Library,"Class 1: Serve 3,999 or less",1236.0,0.0,0.0,0.0,2.0,46.0,1.15,2.0,46.0,1.15,1.0,15.0,0.375,3.0,61.0,1.525,Yes,6.0,No
19,MI0034,Darcy Library of Beulah,"Class 1: Serve 3,999 or less",3179.0,3.0,48.0,1.2,2.0,25.0,0.625,5.0,73.0,1.825,0.0,0.0,0.0,5.0,73.0,1.825,Yes,761.0,No
20,MI0099,Elk Township Library,"Class 1: Serve 3,999 or less",2769.0,0.0,0.0,0.0,1.0,35.0,0.875,1.0,35.0,0.875,0.0,0.0,0.0,1.0,35.0,0.875,No,0.0,No
21,MI0100,Elsie Public Library,"Class 1: Serve 3,999 or less",3738.0,0.0,0.0,0.0,1.0,25.0,0.625,1.0,25.0,0.625,6.0,50.0,1.25,7.0,75.0,1.875,Yes,252.0,No
22,MI0103,Fairgrove District Library,"Class 1: Serve 3,999 or less",3112.0,0.0,0.0,0.0,1.0,33.0,0.825,1.0,33.0,0.825,4.0,73.0,1.825,5.0,106.0,2.65,Yes,40.0,No
23,MI0109,Fife Lake Public Library,"Class 1: Serve 3,999 or less",2791.0,1.0,3.0,0.075,10.0,104.13,2.60325,11.0,107.22,2.6805,0.0,0.0,0.0,11.0,107.22,2.6805,Yes,1040.0,No
24,MI0115,Franklin Public Library,"Class 1: Serve 3,999 or less",3150.0,2.0,27.0,0.675,2.0,23.0,0.575,4.0,51.0,1.275,6.0,16.0,0.4,9.0,67.0,1.675,No,0.0,No
25,MI0120,Galien Township Public Library,"Class 1: Serve 3,999 or less",3043.0,0.0,0.0,0.0,1.0,40.0,1.0,1.0,40.0,1.0,1.0,10.0,0.25,2.0,50.0,1.25,Yes,300.0,No
26,MI0376,George W. Spindler Memorial Library,"Class 1: Serve 3,999 or less",2047.0,0.0,0.0,0.0,1.0,20.0,0.5,1.0,20.0,0.5,2.0,3.0,0.075,3.0,23.0,0.575,No,0.0,No
27,MI0128,Glen Lake Community Library,"Class 1: Serve 3,999 or less",3650.0,1.0,40.0,1.0,1.0,40.0,1.0,2.0,80.0,2.0,3.0,5.3,0.1325,5.0,85.3,2.1325,No,0.0,No
28,MI0436,Goodland Township Library,"Class 1: Serve 3,999 or less",1828.0,0.0,0.0,0.0,2.0,30.0,0.75,2.0,30.0,0.75,0.0,0.0,0.0,2.0,30.0,0.75,No,0.0,No
29,MI0155,Homer Public Library,"Class 1: Serve 3,999 or less",3926.0,0.0,0.0,0.0,4.0,97.78,2.4445,4.0,97.78,2.4445,5.0,25.81,0.64525,9.0,123.59,3.08975,Yes,20.0,No
30,MI0167,Indian River Area Library,"Class 1: Serve 3,999 or less",3038.0,0.0,0.0,0.0,3.0,71.0,1.775,3.0,71.0,1.775,0.0,0.0,0.0,3.0,71.0,1.775,No,0.0,No
31,MI0187,Lake Linden-Hubbell School/Public Library,"Class 1: Serve 3,999 or less",3730.0,0.0,0.0,0.0,1.0,20.0,0.5,1.0,20.0,0.5,2.0,30.0,0.75,2.0,50.0,1.25,Yes,30.0,No
32,MI0191,Lawrence Memorial Public Library,"Class 1: Serve 3,999 or less",2735.0,1.0,2.0,0.05,0.0,0.0,0.0,1.0,2.0,0.05,2.0,0.0,0.0,3.0,2.0,0.05,No,0.0,No
33,MI0192,Lawton Public Library,"Class 1: Serve 3,999 or less",1900.0,0.0,0.0,0.0,1.0,38.0,0.95,3.0,70.0,1.75,2.0,38.0,0.95,5.0,108.0,2.7,Yes,736.0,No
34,MI0193,Leelanau Township Library,"Class 1: Serve 3,999 or less",2027.0,1.0,40.0,1.0,0.0,0.0,0.0,1.0,40.0,1.0,4.0,23.0,0.575,5.0,63.0,1.575,No,0.0,No
35,MI0197,LeRoy Community Library,"Class 1: Serve 3,999 or less",2835.0,1.0,20.0,0.5,1.0,8.0,0.2,2.0,26.0,0.65,0.0,0.0,0.0,2.0,26.0,0.65,Yes,351.0,No
36,MI0199,Litchfield District Library,"Class 1: Serve 3,999 or less",2372.0,1.0,24.0,0.6,2.0,32.0,0.8,2.0,44.0,1.1,0.0,0.0,0.0,3.0,44.0,1.1,Yes,24.0,No
37,MI0205,Lyons Township District Library,"Class 1: Serve 3,999 or less",3667.0,1.0,38.0,0.95,0.0,0.0,0.0,1.0,38.0,0.95,3.0,53.0,1.325,4.0,91.0,2.275,No,0.0,No
38,MI0207,Mackinac Island Public Library,"Class 1: Serve 3,999 or less",492.0,0.0,0.0,0.0,1.0,40.0,1.0,1.0,40.0,1.0,0.0,0.0,0.0,1.0,40.0,1.0,No,0.0,No
39,MI0215,Maple Rapids Public Library,"Class 1: Serve 3,999 or less",3115.0,0.0,0.0,0.0,2.0,34.0,0.85,2.0,34.0,0.85,1.0,1.0,0.025,3.0,35.0,0.875,No,0.0,No
40,MI0227,Merrill District Library,"Class 1: Serve 3,999 or less",3433.0,0.0,0.0,0.0,1.0,28.0,0.7,1.0,24.0,0.6,2.0,13.5,0.3375,4.0,37.5,0.9375,No,0.0,No
41,MI0238,Mulliken District Library,"Class 1: Serve 3,999 or less",1848.0,0.0,0.0,0.0,2.0,40.0,1.0,2.0,40.0,1.0,1.0,6.0,0.15,3.0,46.0,1.15,Yes,20.0,No
42,MI0247,North Branch Township Library,"Class 1: Serve 3,999 or less",3645.0,1.0,0.0,0.0,4.0,109.0,2.725,4.0,109.0,2.725,3.0,32.0,0.8,7.0,141.0,3.525,Yes,20.0,No
43,MI0254,Ontonagon Township Library,"Class 1: Serve 3,999 or less",3679.0,0.0,0.0,0.0,2.0,60.0,1.5,2.0,60.0,1.5,3.0,2.0,0.05,5.0,62.0,1.55,Yes,100.0,No
44,MI0256,Osceola Township School Public Library,"Class 1: Serve 3,999 or less",1830.0,0.0,0.0,0.0,1.0,32.0,0.8,1.0,32.0,0.8,1.0,2.5,0.0625,2.0,34.5,0.8625,Yes,75.0,Yes
45,MI0267,Pentwater Township Library,"Class 1: Serve 3,999 or less",1939.0,0.0,0.0,0.0,6.0,102.0,2.55,6.0,102.0,2.55,0.0,0.0,0.0,6.0,102.0,2.55,No,0.0,No
46,MI0427,Ray Township Public Library,"Class 1: Serve 3,999 or less",3739.0,0.0,0.0,0.0,1.0,23.0,0.575,1.0,23.0,0.575,8.0,52.86,1.3215,9.0,75.86,1.8965,Yes,31.0,No
47,MI0285,Republic-Michigamme Public Library,"Class 1: Serve 3,999 or less",1508.0,0.0,0.0,0.0,1.0,16.38,0.4095,1.0,16.38,0.4095,0.0,0.0,0.0,1.0,16.38,0.4095,No,0.0,No
48,MI0287,Richfield Township Public Library,"Class 1: Serve 3,999 or less",3731.0,0.0,0.0,0.0,1.0,28.0,0.7,1.0,28.0,0.7,2.0,27.0,0.675,3.0,55.0,1.375,Yes,6.0,No
49,MI0289,Richland Township Library,"Class 1: Serve 3,999 or less",3674.0,0.0,0.0,0.0,1.0,32.0,0.8,1.0,32.0,0.8,4.0,52.0,1.3,5.0,84.0,2.1,Yes,564.0,No
50,MI0291,Richmond Township Library,"Class 1: Serve 3,999 or less",882.0,0.0,0.0,0.0,1.0,26.0,0.65,1.0,26.0,0.65,0.0,0.0,0.0,1.0,26.0,0.65,Yes,34.0,No
51,MI0305,Schoolcraft Community Library,"Class 1: Serve 3,999 or less",3775.0,1.0,40.0,1.0,2.0,34.0,0.85,3.0,74.0,1.85,5.0,62.0,1.55,8.0,136.0,3.4,Yes,927.0,No
52,MI0307,Seville Township Public Library,"Class 1: Serve 3,999 or less",3138.0,0.0,0.0,0.0,2.0,25.0,0.625,2.0,38.0,0.95,4.0,37.0,0.925,5.0,75.0,1.875,Yes,156.0,No
53,MI0311,Sleeper Public Library,"Class 1: Serve 3,999 or less",3428.0,0.0,0.0,0.0,2.0,52.0,1.3,2.0,52.0,1.3,1.0,4.0,0.1,3.0,56.0,1.4,Yes,1080.0,No
54,MI0312,Sodus Township Library,"Class 1: Serve 3,999 or less",1932.0,0.0,0.0,0.0,1.0,26.0,0.65,1.0,26.0,0.65,1.0,10.0,0.25,2.0,36.0,0.9,No,0.0,No
55,MI0327,Sunfield District Library,"Class 1: Serve 3,999 or less",2387.0,0.0,0.0,0.0,1.0,40.0,1.0,1.0,40.0,1.0,3.0,28.0,0.7,4.0,68.0,1.7,No,0.0,No
56,MI0334,Tekonsha Township Public Library,"Class 1: Serve 3,999 or less",1873.0,0.0,0.0,0.0,1.0,26.0,0.65,1.0,26.0,0.65,2.0,11.0,0.275,3.0,37.0,0.925,Yes,52.0,No
57,MI0341,Topinabee Public Library,"Class 1: Serve 3,999 or less",2294.0,0.0,0.0,0.0,3.0,38.0,0.95,3.0,38.0,0.95,0.0,0.0,0.0,3.0,38.0,0.95,Yes,495.0,No
58,MI0346,Vermontville Township Library,"Class 1: Serve 3,999 or less",3895.0,0.0,0.0,0.0,4.0,67.0,1.675,4.0,67.0,1.675,0.0,0.0,0.0,4.0,67.0,1.675,Yes,180.0,No
59,MI0350,Wakefield Public Library,"Class 1: Serve 3,999 or less",2156.0,1.0,36.0,0.9,0.0,0.0,0.0,1.0,36.0,0.9,1.0,6.0,0.15,2.0,42.0,1.05,Yes,390.0,No
60,MI0351,Waldron District Library,"Class 1: Serve 3,999 or less",2475.0,0.0,0.0,0.0,1.0,35.0,0.875,1.0,35.0,0.875,2.0,29.0,0.725,3.0,64.0,1.6,No,0.0,No
61,MI0352,Walkerville Public/School Library,"Class 1: Serve 3,999 or less",1968.0,1.0,15.0,0.375,0.0,0.0,0.0,1.0,15.0,0.375,0.0,0.0,0.0,1.0,15.0,0.375,Yes,178.0,No
62,MI0359,Watertown Township Library,"Class 1: Serve 3,999 or less",2202.0,0.0,0.0,0.0,0.0,0.0,0.0,1.0,28.0,0.7,0.0,0.0,0.0,1.0,28.0,0.7,Yes,400.0,No
63,MI0365,Wheatland Township Library,"Class 1: Serve 3,999 or less",2913.0,0.0,0.0,0.0,4.0,72.0,1.8,4.0,72.0,1.8,0.0,0.0,0.0,4.0,72.0,1.8,Yes,1296.0,No
64,MI0369,Whitefish Township Community Library,"Class 1: Serve 3,999 or less",575.0,0.0,0.0,0.0,1.0,8.0,0.2,1.0,8.0,0.2,5.0,20.0,0.5,7.0,28.0,0.7,Yes,240.0,No
65,MI0375,Wolverine Community Library,"Class 1: Serve 3,999 or less",2738.0,0.0,0.0,0.0,1.0,35.0,0.875,1.0,35.0,0.875,1.0,14.0,0.35,2.0,49.0,1.225,Yes,49.0,No
66,MI0405,Addison Township Public Library,"Class 2: Serve 4,000-6,999",6351.0,2.0,56.0,1.4,0.0,0.0,0.0,2.0,56.0,1.4,11.0,96.0,2.4,13.0,152.0,3.8,Yes,8.0,No
67,MI0149,Almont District Library,"Class 2: Serve 4,000-6,999",6583.0,0.0,0.0,0.0,5.0,180.0,4.5,5.0,180.0,4.5,3.0,61.0,1.525,8.0,241.0,6.025,No,0.0,No
68,MI0013,Armada Free Public Library,"Class 2: Serve 4,000-6,999",5379.0,1.0,40.0,1.0,0.0,0.0,0.0,1.0,40.0,1.0,8.0,110.0,2.75,9.0,150.0,3.75,No,0.0,No
69,MI0014,Athens Community Library,"Class 2: Serve 4,000-6,999",4265.0,0.0,0.0,0.0,1.0,20.0,0.5,1.0,20.0,0.5,11.0,31.0,0.775,12.0,51.0,1.275,Yes,498.0,No
70,MI0018,Bad Axe District Library,"Class 2: Serve 4,000-6,999",6621.0,0.0,0.0,0.0,1.0,40.0,1.0,1.0,40.0,1.0,9.0,116.0,2.9,10.0,156.0,3.9,No,0.0,No
71,MI0020,Barryton Public Library,"Class 2: Serve 4,000-6,999",4075.0,0.0,0.0,0.0,2.0,76.0,1.9,2.0,76.0,1.9,3.0,42.0,1.05,5.0,118.0,2.95,Yes,780.0,No
72,MI0032,Bessemer Public Library,"Class 2: Serve 4,000-6,999",5414.0,1.0,40.0,1.0,0.0,0.0,0.0,1.0,40.0,1.0,1.0,13.0,0.325,2.0,53.0,1.325,No,0.0,No
73,MI0042,Bridgman Public Library,"Class 2: Serve 4,000-6,999",6296.0,1.0,40.0,1.0,2.0,74.0,1.85,3.0,114.0,2.85,8.0,184.0,4.6,11.0,298.0,7.45,No,0.0,No
74,MI0044,Brown City Public Library,"Class 2: Serve 4,000-6,999",4005.0,0.0,0.0,0.0,1.0,32.0,0.8,1.0,32.0,0.8,2.0,5.0,0.125,2.0,37.0,0.925,Yes,214.0,No
75,MI0051,Camden Township Library,"Class 2: Serve 4,000-6,999",4191.0,0.0,0.0,0.0,1.0,28.0,0.7,1.0,28.0,0.7,1.0,22.0,0.55,2.0,50.0,1.25,Yes,80.0,No
76,MI0066,Coleman Area Library,"Class 2: Serve 4,000-6,999",4622.0,0.0,0.0,0.0,1.0,32.0,0.8,1.0,37.0,0.925,6.0,103.0,2.575,7.0,140.0,3.5,Yes,257.0,No
77,MI0071,Constantine Township Library,"Class 2: Serve 4,000-6,999",4986.0,0.0,0.0,0.0,3.0,77.0,1.925,3.0,77.0,1.925,4.0,50.0,1.25,7.0,127.0,3.175,No,0.0,No
78,MI0080,Deckerville Public Library,"Class 2: Serve 4,000-6,999",4514.0,0.0,0.0,0.0,2.0,52.0,1.3,2.0,53.0,1.325,2.0,14.0,0.35,4.0,67.0,1.675,No,0.0,No
79,MI0373,Dorothy Hull Library - Windsor Township,"Class 2: Serve 4,000-6,999",6838.0,2.0,69.0,1.725,0.0,0.0,0.0,2.0,69.0,1.725,3.0,26.0,0.65,5.0,95.0,2.375,No,0.0,No
80,MI0088,Dowling Public Library,"Class 2: Serve 4,000-6,999",4869.0,0.0,0.0,0.0,1.0,22.0,0.55,1.0,22.0,0.55,3.0,29.0,0.725,4.0,51.0,1.275,Yes,36.0,No
81,MI0089,Dryden Township Library,"Class 2: Serve 4,000-6,999",4768.0,0.0,0.0,0.0,1.0,32.0,0.8,1.0,32.0,0.8,2.0,56.0,1.4,3.0,88.0,2.2,No,0.0,No
82,MI0098,Elk Rapids District Library,"Class 2: Serve 4,000-6,999",5432.0,0.0,0.0,0.0,1.0,40.0,1.0,1.0,40.0,1.0,10.0,157.0,3.925,11.0,197.0,4.925,Yes,336.0,No
83,MI0112,Forsyth Township Public Library,"Class 2: Serve 4,000-6,999",6164.0,0.0,0.0,0.0,1.0,40.0,1.0,1.0,40.0,1.0,5.0,97.5,2.4375,6.0,137.5,3.4375,No,0.0,No
84,MI0117,Freeport District Library,"Class 2: Serve 4,000-6,999",5641.0,0.0,0.0,0.0,6.0,61.0,1.525,6.0,61.0,1.525,1.0,2.0,0.05,7.0,63.0,1.575,Yes,353.0,No
85,MI0140,Harbor Beach Area District Library,"Class 2: Serve 4,000-6,999",6119.0,0.0,0.0,0.0,5.0,95.0,2.375,5.0,95.0,2.375,2.0,80.0,2.0,7.0,175.0,4.375,Yes,108.0,No
86,MI0144,Hartford Public Library,"Class 2: Serve 4,000-6,999",6582.0,0.0,0.0,0.0,1.0,40.0,1.0,1.0,40.0,1.0,7.0,122.0,3.05,7.0,162.0,4.05,Yes,7.0,No
87,MI0151,Hesperia Community Library,"Class 2: Serve 4,000-6,999",5933.0,0.0,0.0,0.0,1.0,30.0,0.75,1.0,30.0,0.75,9.0,130.0,3.25,8.0,160.0,4.0,No,0.0,No
88,MI0154,Home Township Library,"Class 2: Serve 4,000-6,999",4220.0,0.0,0.0,0.0,2.0,40.0,1.0,2.0,40.0,1.0,1.0,3.0,0.075,3.0,43.0,1.075,No,0.0,No
89,MI0157,Hopkins District Library,"Class 2: Serve 4,000-6,999",4610.0,1.0,25.0,0.625,0.0,0.0,0.0,1.0,25.0,0.625,2.0,37.0,0.925,2.0,62.0,1.55,No,0.0,No
90,MI0159,Howe Memorial Library,"Class 2: Serve 4,000-6,999",5531.0,0.0,0.0,0.0,3.0,66.0,1.65,3.0,66.0,1.65,1.0,3.0,0.075,4.0,69.0,1.725,No,0.0,No
91,MI0161,Hudson Carnegie District Library,"Class 2: Serve 4,000-6,999",5107.0,0.0,0.0,0.0,1.0,40.0,1.0,1.0,40.0,1.0,3.0,45.0,1.125,4.0,85.0,2.125,Yes,560.0,No
92,MI0170,Interlochen Public Library,"Class 2: Serve 4,000-6,999",5784.0,0.0,0.0,0.0,1.0,40.0,1.0,1.0,40.0,1.0,8.0,86.0,2.15,8.0,126.0,3.15,Yes,192.0,No
93,MI0172,Ironwood Carnegie Library,"Class 2: Serve 4,000-6,999",5713.0,0.0,0.0,0.0,1.0,40.0,1.0,1.0,40.0,1.0,5.0,38.0,0.95,6.0,78.0,1.95,No,0.0,No
94,MI0174,J. C. Wheeler Public Library,"Class 2: Serve 4,000-6,999",6443.0,0.0,0.0,0.0,1.0,32.0,0.8,1.0,32.0,0.8,2.0,35.0,0.875,3.0,67.0,1.675,No,0.0,No
95,MI0176,Jacquelin E. Opperman Memorial Library,"Class 2: Serve 4,000-6,999",4080.0,0.0,0.0,0.0,1.0,35.0,0.875,1.0,35.0,0.875,1.0,10.0,0.25,2.0,45.0,1.125,No,0.0,No
96,MI0178,Jonesville District Library,"Class 2: Serve 4,000-6,999",5210.0,0.0,0.0,0.0,4.0,135.0,3.375,4.0,135.0,3.375,1.0,6.0,0.15,5.0,141.0,3.525,No,0.0,No
97,MI0179,Jordan Valley District Library,"Class 2: Serve 4,000-6,999",6997.0,1.0,40.0,1.0,0.0,0.0,0.0,1.0,40.0,1.0,12.0,138.0,3.45,13.0,178.0,4.45,Yes,180.0,No
98,MI0188,Lake Odessa Community Library,"Class 2: Serve 4,000-6,999",4168.0,0.0,0.0,0.0,1.0,36.0,0.9,1.0,36.0,0.9,5.0,110.0,2.75,7.0,146.0,3.65,Yes,60.0,No
99,MI0422,Leighton Township Library,"Class 2: Serve 4,000-6,999",4934.0,0.0,0.0,0.0,6.0,133.0,3.325,6.0,133.0,3.325,2.0,18.0,0.45,8.0,151.0,3.775,Yes,570.0,No
100,MI0194,Leland Township Public Library,"Class 2: Serve 4,000-6,999",5857.0,0.0,0.0,0.0,3.0,96.0,2.4,3.0,96.0,2.4,1.0,7.0,0.175,4.0,103.0,2.575,Yes,290.0,No
101,MI0203,Luther Area Public Library,"Class 2: Serve 4,000-6,999",4141.0,0.0,0.0,0.0,2.0,35.0,0.875,2.0,35.0,0.875,1.0,12.0,0.3,3.0,47.0,1.175,No,0.0,No
102,MI0206,M. Alice Chapin Memorial Library,"Class 2: Serve 4,000-6,999",4197.0,0.0,0.0,0.0,1.0,33.0,0.825,1.0,33.0,0.825,3.0,22.0,0.55,4.0,55.0,1.375,Yes,592.0,No
103,MI0208,Mackinaw Area Public Library,"Class 2: Serve 4,000-6,999",5068.0,1.0,36.0,0.9,4.0,98.0,2.45,5.0,134.0,3.35,2.0,28.0,0.7,7.0,162.0,4.05,Yes,671.0,No
104,MI0211,Mancelona Township Library,"Class 2: Serve 4,000-6,999",4968.0,0.0,0.0,0.0,1.0,35.0,0.875,1.0,35.0,0.875,1.0,20.0,0.5,2.0,55.0,1.375,No,0.0,No
105,MI0216,Marcellus Township Wood Memorial Library,"Class 2: Serve 4,000-6,999",4101.0,0.0,0.0,0.0,1.0,60.0,1.5,1.0,60.0,1.5,4.0,60.0,1.5,6.0,120.0,3.0,Yes,243.0,No
106,MI0217,Marlette District Library,"Class 2: Serve 4,000-6,999",5241.0,0.0,0.0,0.0,4.0,84.0,2.1,4.0,84.0,2.1,0.0,0.0,0.0,4.0,84.0,2.1,No,0.0,No
107,MI0221,Mayville District Public Library,"Class 2: Serve 4,000-6,999",5160.0,0.0,0.0,0.0,1.0,40.0,1.0,1.0,40.0,1.0,4.0,74.0,1.85,5.0,114.0,2.85,No,0.0,No
108,MI0418,McBain Community Library,"Class 2: Serve 4,000-6,999",5841.0,0.0,0.0,0.0,1.0,37.5,0.9375,1.0,37.5,0.9375,5.0,52.0,1.3,6.0,89.5,2.2375,Yes,604.0,No
109,MI0225,Mendon Township Library,"Class 2: Serve 4,000-6,999",4730.0,0.0,0.0,0.0,1.0,32.0,0.8,1.0,32.0,0.8,3.0,30.0,0.75,4.0,62.0,1.55,Yes,22.0,No
110,MI0235,Moore Public Library,"Class 2: Serve 4,000-6,999",5072.0,0.0,0.0,0.0,1.0,40.0,1.0,1.0,40.0,1.0,1.0,77.0,1.925,5.0,117.0,2.925,Yes,52.0,No
111,MI0236,Morton Township Public Library,"Class 2: Serve 4,000-6,999",6634.0,1.0,40.0,1.0,3.0,69.5,1.7375,4.0,109.5,2.7375,1.0,37.5,0.9375,5.0,147.0,3.675,Yes,480.0,No
112,MI0243,New Buffalo Township Public Library,"Class 2: Serve 4,000-6,999",5302.0,0.0,0.0,0.0,3.0,116.0,2.9,3.0,116.0,2.9,11.0,128.0,3.2,14.0,244.0,6.1,Yes,25.0,No
113,MI0244,Newaygo Area District Library,"Class 2: Serve 4,000-6,999",6834.0,0.0,0.0,0.0,1.0,40.0,1.0,1.0,40.0,1.0,10.0,180.0,4.5,11.0,220.0,5.5,No,0.0,No
114,MI0246,North Adams Community Memorial Library,"Class 2: Serve 4,000-6,999",4469.0,0.0,0.0,0.0,1.0,30.0,0.75,1.0,30.0,0.75,1.0,18.0,0.45,2.0,48.0,1.2,Yes,3.0,No
115,MI0249,Nottawa Township Library,"Class 2: Serve 4,000-6,999",6174.0,0.0,0.0,0.0,1.0,24.0,0.6,1.0,24.0,0.6,6.0,106.0,2.65,7.0,130.0,3.25,No,0.0,No
116,MI0260,Ovid Public Library,"Class 2: Serve 4,000-6,999",5305.0,0.0,0.0,0.0,0.0,60.0,1.5,2.0,60.0,1.5,5.0,58.0,1.45,7.0,118.0,2.95,No,0.0,No
117,MI0264,Pathfinder Community Library,"Class 2: Serve 4,000-6,999",6341.0,0.0,0.0,0.0,1.0,40.0,1.0,1.0,40.0,1.0,6.0,120.0,3.0,7.0,160.0,4.0,No,0.0,No
118,MI0266,Peninsula Community Library,"Class 2: Serve 4,000-6,999",5433.0,0.0,0.0,0.0,11.0,105.0,2.625,11.0,105.0,2.625,0.0,0.0,0.0,11.0,105.0,2.625,Yes,1188.0,No
119,MI0270,Pigeon District Library,"Class 2: Serve 4,000-6,999",6654.0,0.0,0.0,0.0,1.0,40.0,1.0,1.0,40.0,1.0,7.0,159.0,3.975,8.0,199.0,4.975,Yes,425.0,No
120,MI0272,Pittsford Public Library,"Class 2: Serve 4,000-6,999",4105.0,0.0,0.0,0.0,1.0,28.0,0.7,1.0,28.0,0.7,3.0,10.0,0.25,4.0,38.0,0.95,Yes,448.0,No
121,MI0275,Port Austin Township Library,"Class 2: Serve 4,000-6,999",5033.0,0.0,0.0,0.0,1.0,10.0,0.25,1.0,39.0,0.975,3.0,14.0,0.35,4.0,53.0,1.325,Yes,228.0,No
122,MI0028,Potterville-Benton Township District Library,"Class 2: Serve 4,000-6,999",5413.0,0.0,0.0,0.0,1.0,27.0,0.675,1.0,27.0,0.675,2.0,46.0,1.15,3.0,73.0,1.825,Yes,363.0,No
123,MI0280,Putnam District Library,"Class 2: Serve 4,000-6,999",6847.0,0.0,0.0,0.0,1.0,31.0,0.775,1.0,31.0,0.775,6.0,62.0,1.55,7.0,93.0,2.325,No,0.0,No
124,MI0281,Rauchholz Memorial Library,"Class 2: Serve 4,000-6,999",6240.0,0.0,0.0,0.0,2.0,85.0,2.125,2.0,85.0,2.125,2.0,30.0,0.75,4.0,115.0,2.875,Yes,380.0,No
125,MI0283,Reading Community Library,"Class 2: Serve 4,000-6,999",5376.0,0.0,0.0,0.0,1.0,33.0,0.825,1.0,33.0,0.825,3.0,27.0,0.675,4.0,60.0,1.5,Yes,324.0,No
126,MI0380,Reese Unity District Library,"Class 2: Serve 4,000-6,999",5523.0,1.0,35.0,0.875,4.0,88.0,2.2,5.0,88.0,2.2,0.0,0.0,0.0,5.0,88.0,2.2,No,0.0,No
127,MI0064,River Rapids District Library,"Class 2: Serve 4,000-6,999",4659.0,0.0,0.0,0.0,1.0,40.0,1.0,1.0,40.0,1.0,4.0,80.0,2.0,5.0,120.0,3.0,No,0.0,No
128,MI0125,Roscommon Area District Library,"Class 2: Serve 4,000-6,999",6295.0,1.0,40.0,1.0,0.0,0.0,0.0,1.0,40.0,1.0,6.0,172.0,4.3,7.0,212.0,5.3,Yes,14.0,No
129,MI0323,Saint Ignace Public Library,"Class 2: Serve 4,000-6,999",4434.0,0.0,0.0,0.0,1.0,45.0,1.125,1.0,45.0,1.125,3.0,44.0,1.1,4.0,89.0,2.225,Yes,105.0,No
130,MI0302,Sanilac District Library,"Class 2: Serve 4,000-6,999",4375.0,1.0,34.0,0.85,1.0,40.0,1.0,2.0,74.0,1.85,4.0,59.5,1.4875,6.0,133.5,3.3375,Yes,210.0,No
131,MI0304,Saugatuck-Douglas District Library,"Class 2: Serve 4,000-6,999",5101.0,1.0,35.0,0.875,0.0,0.0,0.0,1.0,35.0,0.875,8.0,112.0,2.8,9.0,147.0,3.675,Yes,2100.0,No
132,MI9007,Sebewaing Township Library,"Class 2: Serve 4,000-6,999",4038.0,0.0,0.0,0.0,1.0,35.0,0.875,1.0,35.0,0.875,4.0,39.0,0.975,5.0,74.0,1.85,No,0.0,No
133,MI0432,Sherman Township Library,"Class 2: Serve 4,000-6,999",5635.0,0.0,0.0,0.0,1.0,40.0,1.0,1.0,40.0,1.0,3.0,38.0,0.95,4.0,78.0,1.95,Yes,76.0,No
134,MI0324,Stair District Library,"Class 2: Serve 4,000-6,999",4046.0,1.0,9.9,0.2475,3.0,69.31,1.73275,3.0,69.31,1.73275,2.0,21.33,0.53325,5.0,90.64,2.266,No,0.0,No
135,MI0329,Suttons Bay-Bingham District Library,"Class 2: Serve 4,000-6,999",5479.0,1.0,40.0,1.0,0.0,0.0,0.0,1.0,40.0,1.0,5.0,61.0,1.525,6.0,101.0,2.525,Yes,408.0,No
136,MI0332,Taymouth Township Library,"Class 2: Serve 4,000-6,999",6680.0,0.0,0.0,0.0,1.0,35.0,0.875,1.0,35.0,0.875,1.0,22.0,0.55,2.0,57.0,1.425,Yes,22.0,No
137,MI0110,Thomas E. Fleschner Memorial Library,"Class 2: Serve 4,000-6,999",6033.0,0.0,0.0,0.0,1.0,40.0,1.0,1.0,40.0,1.0,1.0,21.0,0.525,3.0,61.0,1.525,Yes,260.0,No
138,MI0339,Three Oaks Township Public Library,"Class 2: Serve 4,000-6,999",4576.0,0.0,0.0,0.0,1.0,32.0,0.8,1.0,32.0,0.8,4.0,32.0,0.8,5.0,64.0,1.6,Yes,1981.0,No
139,MI0344,Utica Public Library,"Class 2: Serve 4,000-6,999",4757.0,0.0,0.0,0.0,3.0,80.0,2.0,3.0,80.0,2.0,4.0,55.0,1.375,7.0,135.0,3.375,No,0.0,No
140,MI0347,Vernon District Public Library,"Class 2: Serve 4,000-6,999",4614.0,0.0,0.0,0.0,1.0,32.0,0.8,1.0,32.0,0.8,3.0,33.0,0.825,4.0,65.0,1.625,Yes,8.0,No
141,MI0353,Walled Lake City Library,"Class 2: Serve 4,000-6,999",6999.0,5.0,99.0,2.475,0.0,0.0,0.0,5.0,99.0,2.475,3.0,56.5,1.4125,8.0,155.5,3.8875,No,0.0,No
142,MI0360,Watervliet District Library,"Class 2: Serve 4,000-6,999",4837.0,1.0,40.0,1.0,0.0,0.0,0.0,1.0,40.0,1.0,4.0,107.0,2.675,5.0,147.0,3.675,Yes,910.0,No
143,MI0367,White Pigeon Township Library,"Class 2: Serve 4,000-6,999",5240.0,0.0,0.0,0.0,8.0,114.5,2.8625,8.0,114.5,2.8625,0.0,0.0,0.0,8.0,114.5,2.8625,No,0.0,No
144,MI0372,Aitkin Memorial District Library,"Class 3: Serve 7,000-11,999",7410.0,1.0,40.0,1.0,1.0,29.0,0.725,2.0,69.0,1.725,4.0,51.0,1.275,6.0,120.0,3.0,Yes,1820.0,No
145,MI0407,Alanson Area Public Library,"Class 3: Serve 7,000-11,999",11600.0,1.0,40.0,1.0,0.0,0.0,0.0,1.0,40.0,1.0,3.0,58.0,1.45,4.0,98.0,2.45,No,0.0,No
146,MI0408,Albion District Library,"Class 3: Serve 7,000-11,999",11569.0,2.0,70.0,1.75,0.0,0.0,0.0,2.0,70.0,1.75,15.0,295.0,7.375,17.0,365.0,9.125,Yes,876.0,No
147,MI0409,Alcona County Library,"Class 3: Serve 7,000-11,999",9706.0,1.0,40.0,1.0,2.0,70.0,1.75,3.0,110.0,2.75,12.0,215.0,5.375,15.0,325.0,8.125,Yes,2650.0,No
148,MI0412,Alma Public Library,"Class 3: Serve 7,000-11,999",11902.0,3.0,120.0,3.0,1.0,40.0,1.0,4.0,160.0,4.0,4.0,84.0,2.1,8.0,244.0,6.1,Yes,560.0,No
149,MI0010,Alvah N. Belding Memorial Library,"Class 3: Serve 7,000-11,999",11000.0,0.0,0.0,0.0,3.0,116.0,2.9,3.0,116.0,2.9,3.0,83.0,2.075,6.0,199.0,4.975,No,0.0,No
150,MI0016,Augusta-Ross Township District Library,"Class 3: Serve 7,000-11,999",7172.0,0.0,0.0,0.0,2.0,88.0,2.2,2.0,88.0,2.2,3.0,9.0,0.225,5.0,97.0,2.425,No,0.0,No
151,MI9026,Bath Township Public Library,"Class 3: Serve 7,000-11,999",11598.0,2.0,70.0,1.75,1.0,35.0,0.875,2.0,105.0,2.625,3.0,44.0,1.1,6.0,149.0,3.725,Yes,1404.0,No
152,MI0031,Berrien Springs Community Library,"Class 3: Serve 7,000-11,999",9197.0,0.0,0.0,0.0,1.0,40.0,1.0,1.0,40.0,1.0,10.0,192.25,4.80625,11.0,232.25,5.80625,No,0.0,No
153,MI0036,Blair Memorial Library,"Class 3: Serve 7,000-11,999",11825.0,2.0,72.0,1.8,0.0,0.0,0.0,2.0,72.0,1.8,10.0,154.0,3.85,12.0,226.0,5.65,Yes,1683.0,No
154,MI0038,Boyne District Library,"Class 3: Serve 7,000-11,999",7226.0,1.0,40.0,1.0,0.0,0.0,0.0,1.0,40.0,1.0,10.0,267.5,6.6875,11.0,307.5,7.6875,Yes,20.0,No
155,MI0045,Buchanan District Library,"Class 3: Serve 7,000-11,999",10090.0,0.0,0.0,0.0,5.0,200.0,5.0,5.0,200.0,5.0,10.0,95.0,2.375,15.0,295.0,7.375,No,0.0,No
156,MI0046,Bullard Sanford Memorial Library,"Class 3: Serve 7,000-11,999",9705.0,1.0,40.0,1.0,0.0,0.0,0.0,1.0,40.0,1.0,8.0,189.0,4.725,9.0,229.0,5.725,Yes,26.0,No
157,MI0050,Calumet Public School Library,"Class 3: Serve 7,000-11,999",8692.0,0.0,0.0,0.0,2.0,85.5,2.1375,2.0,85.5,2.1375,2.0,95.0,2.375,4.0,180.5,4.5125,No,0.0,No
158,MI0168,Caro Area District Library,"Class 3: Serve 7,000-11,999",11833.0,2.0,80.0,2.0,0.0,0.0,0.0,2.0,80.0,2.0,12.0,266.0,6.65,14.0,346.0,8.65,No,0.0,No
159,MI0054,Carson City Public Library,"Class 3: Serve 7,000-11,999",10857.0,0.0,0.0,0.0,4.0,133.0,3.325,4.0,133.0,3.325,3.0,38.0,0.95,7.0,171.0,4.275,Yes,1547.0,No
160,MI0056,Cedar Springs Public Library,"Class 3: Serve 7,000-11,999",9483.0,0.0,0.0,0.0,1.0,40.0,1.0,1.0,40.0,1.0,9.0,90.0,2.25,10.0,130.0,3.25,Yes,1040.0,Yes
161,MI0057,Center Line Public Library,"Class 3: Serve 7,000-11,999",8257.0,1.0,40.0,1.0,0.0,0.0,0.0,1.0,40.0,1.0,7.0,134.0,3.35,8.0,174.0,4.35,No,0.0,No
162,MI0060,Charlevoix Public Library,"Class 3: Serve 7,000-11,999",9810.0,6.0,151.5,3.7875,2.0,75.0,1.875,8.0,226.5,5.6625,11.0,185.0,4.625,19.0,411.5,10.2875,Yes,500.0,No
163,MI0072,Coopersville Area District Library,"Class 3: Serve 7,000-11,999",11862.0,1.0,36.0,0.9,4.0,128.0,3.2,5.0,188.0,4.7,2.0,34.0,0.85,7.0,222.0,5.55,Yes,240.0,No
164,MI0081,Delton District Library,"Class 3: Serve 7,000-11,999",10021.0,0.0,0.0,0.0,3.0,96.0,2.4,3.0,91.0,2.275,3.0,18.0,0.45,6.0,109.0,2.725,Yes,216.0,No
165,MI0086,Dorr Township Library,"Class 3: Serve 7,000-11,999",7439.0,2.0,40.0,1.0,3.0,64.0,1.6,3.0,72.0,1.8,3.0,70.0,1.75,8.0,142.0,3.55,No,0.0,No
166,MI0095,Eau Claire District Library,"Class 3: Serve 7,000-11,999",7392.0,1.0,40.0,1.0,0.0,0.0,0.0,1.0,40.0,1.0,8.0,108.0,2.7,9.0,148.0,3.7,No,0.0,No
167,MI9021,Ecorse Public Library,"Class 3: Serve 7,000-11,999",9512.0,1.0,29.0,0.725,0.0,0.0,0.0,1.0,29.0,0.725,1.0,32.0,0.8,2.0,61.0,1.525,Yes,61.0,No
168,MI0102,Evart Public Library,"Class 3: Serve 7,000-11,999",7717.0,1.0,7.5,0.1875,4.0,70.0,1.75,4.0,77.5,1.9375,1.0,7.0,0.175,6.0,84.5,2.1125,Yes,429.0,No
169,MI0177,Frankenmuth James E. Wickson District Library,"Class 3: Serve 7,000-11,999",7824.0,0.0,0.0,0.0,7.0,196.0,4.9,7.0,193.0,4.825,5.0,32.0,0.8,12.0,225.0,5.625,Yes,112.0,No
170,MI0119,Galesburg-Charleston Memorial District Library,"Class 3: Serve 7,000-11,999",9476.0,1.0,32.0,0.8,0.0,0.0,0.0,1.0,32.0,0.8,3.0,54.0,1.35,4.0,86.0,2.15,No,0.0,No
171,MI0162,Gary Byker Memorial Library of Hudsonville,"Class 3: Serve 7,000-11,999",10983.0,2.0,63.0,1.575,1.0,28.0,0.7,3.0,91.0,2.275,9.0,130.0,3.25,12.0,221.0,5.525,Yes,130.0,No
172,MI0126,Gladstone School & Public Library,"Class 3: Serve 7,000-11,999",11239.0,0.0,0.0,0.0,1.0,40.0,1.0,1.0,40.0,1.0,4.0,104.0,2.6,5.0,144.0,3.6,Yes,192.0,No
173,MI0132,Grant Area District Library,"Class 3: Serve 7,000-11,999",8875.0,1.0,42.0,1.05,3.0,102.0,2.55,4.0,144.0,3.6,3.0,96.0,2.4,7.0,240.0,6.0,No,0.0,No
174,MI0143,Hart Area Public Library,"Class 3: Serve 7,000-11,999",8133.0,0.0,0.0,0.0,6.0,123.63,3.09075,6.0,123.63,3.09075,2.0,53.25,1.33125,8.0,176.88,4.422,No,0.0,No
175,MI0148,Henika District Library,"Class 3: Serve 7,000-11,999",7135.0,2.0,80.0,2.0,1.0,40.0,1.0,3.0,120.0,3.0,3.0,69.0,1.725,6.0,189.0,4.725,Yes,15.0,No
176,MI0232,Hillsdale Community Library,"Class 3: Serve 7,000-11,999",11870.0,1.0,40.0,1.0,0.0,0.0,0.0,1.0,40.0,1.0,4.0,100.0,2.5,5.0,140.0,3.5,Yes,56.0,No
177,MI0163,Huntington Woods Public Library,"Class 3: Serve 7,000-11,999",8764.0,5.0,50.0,1.25,0.0,0.0,0.0,5.0,50.0,1.25,5.0,40.0,1.0,6.0,90.0,2.25,Yes,31.0,No
178,MI0186,Laingsburg Public Library,"Class 3: Serve 7,000-11,999",9555.0,0.0,0.0,0.0,1.0,40.0,1.0,1.0,40.0,1.0,2.0,25.0,0.625,3.0,65.0,1.625,Yes,480.0,No
179,MI0184,L'Anse Area School-Public Library,"Class 3: Serve 7,000-11,999",9533.0,0.0,0.0,0.0,1.0,18.0,0.45,1.0,18.0,0.45,1.0,10.0,0.25,2.0,28.0,0.7,Yes,448.0,No
180,MI0196,Lenox Township Library,"Class 3: Serve 7,000-11,999",10470.0,4.0,115.0,2.875,0.0,0.0,0.0,4.0,115.0,2.875,6.0,107.0,2.675,8.0,222.0,5.55,No,0.0,No
181,MI0290,Lois Wagner Memorial Library,"Class 3: Serve 7,000-11,999",11581.0,1.0,40.0,1.0,3.0,110.0,2.75,4.0,110.0,2.75,3.0,45.0,1.125,6.0,155.0,3.875,No,0.0,No
182,MI0212,Manchester District Library,"Class 3: Serve 7,000-11,999",7312.0,1.0,20.0,0.5,3.0,40.0,1.0,1.0,60.0,1.5,8.0,100.0,2.5,8.0,160.0,4.0,Yes,550.0,No
183,MI0214,Manistique School & Public Library,"Class 3: Serve 7,000-11,999",8344.0,0.0,0.0,0.0,2.0,79.0,1.975,1.0,79.0,1.975,0.0,0.0,0.0,3.0,79.0,1.975,No,0.0,No
184,MI9018,Melvindale Public Library,"Class 3: Serve 7,000-11,999",10715.0,2.0,51.5,1.2875,0.0,0.0,0.0,2.0,51.5,1.2875,1.0,21.5,0.5375,3.0,73.0,1.825,Yes,848.0,No
185,MI0230,Millington Arbela District Library,"Class 3: Serve 7,000-11,999",7424.0,0.0,0.0,0.0,3.0,75.0,1.875,3.0,75.0,1.875,13.0,68.0,1.7,17.0,143.0,3.575,Yes,1189.0,No
186,MI0234,Montmorency County Public Libraries,"Class 3: Serve 7,000-11,999",9765.0,0.0,0.0,0.0,4.0,136.0,3.4,5.0,136.0,3.4,5.0,90.0,2.25,9.0,226.0,5.65,No,0.0,No
187,MI0239,Munising School Public Library,"Class 3: Serve 7,000-11,999",9623.0,0.0,0.0,0.0,2.0,60.0,1.5,2.0,60.0,1.5,2.0,53.0,1.325,4.0,113.0,2.825,No,0.0,No
188,MI0241,Negaunee Public Library,"Class 3: Serve 7,000-11,999",7656.0,1.0,40.0,1.0,1.0,21.0,0.525,2.0,61.0,1.525,2.0,20.0,0.5,4.0,81.0,2.025,Yes,0.0,No
189,MI0379,Northfield Township Area Library,"Class 3: Serve 7,000-11,999",8354.0,0.0,0.0,0.0,0.0,0.0,0.0,4.0,160.0,4.0,4.0,127.0,3.175,9.0,287.0,7.175,No,0.0,No
190,MI0257,Oscoda County Library,"Class 3: Serve 7,000-11,999",8640.0,1.0,40.0,1.0,0.0,0.0,0.0,1.0,40.0,1.0,7.0,139.5,3.4875,8.0,179.5,4.4875,Yes,2272.0,No
191,MI0263,Parchment Community Library,"Class 3: Serve 7,000-11,999",9969.0,3.0,80.0,2.0,1.0,35.0,0.875,4.0,103.0,2.575,12.0,409.0,10.225,16.0,512.0,12.8,No,0.0,No
192,MI9012,Patmos Library,"Class 3: Serve 7,000-11,999",7034.0,1.0,30.0,0.75,6.0,114.0,2.85,5.0,114.0,2.85,2.0,32.0,0.8,7.0,146.0,3.65,No,0.0,No
193,MI0122,Pere Marquette District Library,"Class 3: Serve 7,000-11,999",8833.0,2.0,52.0,1.3,1.0,18.0,0.45,3.0,62.0,1.55,4.0,112.0,2.8,6.0,174.0,4.35,Yes,120.0,No
194,MI0271,Pinckney Community Public Library,"Class 3: Serve 7,000-11,999",11503.0,2.0,70.0,1.75,0.0,0.0,0.0,2.0,70.0,1.75,11.0,231.0,5.775,13.0,301.0,7.525,Yes,115.0,No
195,MI0282,Rawson Memorial Library,"Class 3: Serve 7,000-11,999",8891.0,2.0,75.0,1.875,3.0,86.0,2.15,5.0,161.0,4.025,4.0,40.0,1.0,9.0,201.0,5.025,Yes,2400.0,No
196,MI0284,Reed City Area District Library,"Class 3: Serve 7,000-11,999",8543.0,0.0,0.0,0.0,2.0,65.0,1.625,2.0,65.0,1.625,4.0,40.0,1.0,6.0,105.0,2.625,Yes,112.0,No
197,MI0288,Richland Community Library,"Class 3: Serve 7,000-11,999",7580.0,2.0,52.0,1.3,2.0,64.0,1.6,4.0,116.0,2.9,6.0,57.0,1.425,10.0,173.0,4.325,No,0.0,No
198,MI9019,River Rouge Public Library,"Class 3: Serve 7,000-11,999",7903.0,2.0,51.0,1.275,0.0,0.0,0.0,2.0,51.0,1.275,2.0,36.0,0.9,4.0,87.0,2.175,Yes,957.0,No
199,MI0165,Ruth Hughes Memorial District Library,"Class 3: Serve 7,000-11,999",11480.0,1.0,40.0,1.0,3.0,120.0,3.0,4.0,160.0,4.0,10.0,100.0,2.5,14.0,260.0,6.5,Yes,304.0,No
200,MI0320,Saint Charles District Library,"Class 3: Serve 7,000-11,999",7798.0,0.0,0.0,0.0,2.0,60.0,1.5,2.0,60.0,1.5,9.0,104.5,2.6125,11.0,164.5,4.1125,Yes,750.0,No
201,MI0423,Salem Township Library,"Class 3: Serve 7,000-11,999",7357.0,0.0,0.0,0.0,6.0,139.0,3.475,6.0,139.0,3.475,1.0,14.0,0.35,7.0,153.0,3.825,Yes,117.0,No
202,MI0301,Sandusky District Library,"Class 3: Serve 7,000-11,999",7103.0,0.0,0.0,0.0,1.0,40.0,1.0,1.0,40.0,1.0,14.0,167.0,4.175,15.0,207.0,5.175,No,0.0,No
203,MI0303,Saranac Public Library,"Class 3: Serve 7,000-11,999",10188.0,1.0,40.0,1.0,0.0,0.0,0.0,2.0,74.0,1.85,8.0,199.5,4.9875,11.0,273.5,6.8375,No,0.0,No
204,MI0428,Schultz-Holmes Memorial Library,"Class 3: Serve 7,000-11,999",7272.0,0.0,0.0,0.0,1.0,40.0,1.0,1.0,40.0,1.0,5.0,111.0,2.775,6.0,151.0,3.775,No,0.0,No
205,MI0309,Shelby Area District Library,"Class 3: Serve 7,000-11,999",11377.0,0.0,0.0,0.0,1.0,35.0,0.875,6.0,160.5,4.0125,2.0,27.0,0.675,9.0,187.5,4.6875,Yes,2290.0,No
206,MI0314,South Haven Memorial Library,"Class 3: Serve 7,000-11,999",8386.0,2.0,52.0,1.3,13.0,197.0,4.925,15.0,249.0,6.225,1.0,12.0,0.3,16.0,261.0,6.525,No,0.0,No
207,MI0317,Sparta Carnegie Township Library,"Class 3: Serve 7,000-11,999",9110.0,0.0,0.0,0.0,7.0,161.0,4.025,7.0,161.0,4.025,1.0,16.0,0.4,8.0,177.0,4.425,Yes,20.0,No
208,MI0318,Spies Public Library,"Class 3: Serve 7,000-11,999",9645.0,1.0,40.0,1.0,0.0,0.0,0.0,1.0,40.0,1.0,8.0,227.5,5.6875,9.0,267.5,6.6875,No,0.0,No
209,MI0328,Surrey Township Public Library,"Class 3: Serve 7,000-11,999",9301.0,1.0,40.0,1.0,1.0,0.0,0.0,1.0,40.0,1.0,3.0,110.0,2.75,4.0,150.0,3.75,No,0.0,No
210,MI0330,Tahquamenon Area Public Library,"Class 3: Serve 7,000-11,999",7851.0,0.0,0.0,0.0,1.0,40.0,1.0,1.0,40.0,1.0,6.0,98.0,2.45,7.0,138.0,3.45,Yes,48.0,No
211,MI0331,Tamarack District Library,"Class 3: Serve 7,000-11,999",10250.0,1.0,40.0,1.0,0.0,0.0,0.0,1.0,40.0,1.0,6.0,140.0,3.5,7.0,180.0,4.5,Yes,64.0,No
212,MI0335,Theodore A. Cutler Memorial Library,"Class 3: Serve 7,000-11,999",10662.0,1.0,40.0,1.0,2.0,61.0,1.525,3.0,101.0,2.525,2.0,36.0,0.9,5.0,137.0,3.425,No,0.0,No
213,MI0336,Thomas Township Library,"Class 3: Serve 7,000-11,999",11985.0,0.0,0.0,0.0,2.0,80.0,2.0,2.0,80.0,2.0,7.0,143.0,3.575,9.0,223.0,5.575,Yes,1606.0,No
214,MI0337,Thompson Home Public Library,"Class 3: Serve 7,000-11,999",8147.0,0.0,0.0,0.0,6.0,108.0,2.7,6.0,108.0,2.7,1.0,6.0,0.15,7.0,114.0,2.85,Yes,660.0,No
215,MI0286,Timothy C. Hauenstein Reynolds Township Library,"Class 3: Serve 7,000-11,999",9714.0,0.0,0.0,0.0,2.0,80.0,2.0,2.0,80.0,2.0,3.0,85.0,2.125,5.0,165.0,4.125,Yes,1038.0,No
216,MI0354,Walton Erickson Public Library,"Class 3: Serve 7,000-11,999",9514.0,0.0,0.0,0.0,1.0,37.0,0.925,1.0,37.0,0.93,2.0,37.0,0.93,3.0,74.0,1.85,Yes,490.0,No
217,MI0363,West Branch District Library,"Class 3: Serve 7,000-11,999",9138.0,1.0,40.0,1.0,0.0,0.0,0.0,1.0,40.0,1.0,9.0,132.5,3.3125,10.0,172.5,4.3125,Yes,217.0,No
218,MI0364,West Iron District Library,"Class 3: Serve 7,000-11,999",7370.0,0.0,0.0,0.0,0.0,0.0,0.0,1.0,40.0,1.0,8.0,218.0,5.45,8.0,258.0,6.45,No,0.0,No
219,MI0091,White Cloud Community Library,"Class 3: Serve 7,000-11,999",8533.0,0.0,0.0,0.0,9.0,224.5,5.6125,9.0,224.5,5.6125,0.0,0.0,0.0,9.0,224.5,5.6125,No,0.0,No
220,MI0370,White Lake Community Library,"Class 3: Serve 7,000-11,999",11811.0,0.0,0.0,0.0,7.0,191.0,4.775,7.0,191.0,4.775,13.0,95.0,2.375,20.0,286.0,7.15,Yes,1160.0,No
221,MI0368,White Pine District Library,"Class 3: Serve 7,000-11,999",10014.0,0.0,0.0,0.0,1.0,30.0,0.75,1.0,30.0,0.75,9.0,154.75,3.86875,10.0,184.75,4.61875,Yes,2267.0,No
222,MI0406,Adrian District Library,"Class 4: Serve 12,000-25,999",21133.0,3.0,120.0,3.0,0.0,0.0,0.0,3.0,120.0,3.0,9.0,260.0,6.5,12.0,380.0,9.5,No,0.0,No
223,MI0410,Allegan District Library,"Class 4: Serve 12,000-25,999",17401.0,3.0,120.0,3.0,2.0,80.0,2.0,5.0,200.0,5.0,11.0,170.0,4.25,14.0,370.0,9.25,No,0.0,No
224,MI0015,Auburn Hills Public Library,"Class 4: Serve 12,000-25,999",21412.0,5.0,166.0,4.15,1.0,24.0,0.6,6.0,190.0,4.75,21.0,401.0,10.025,26.0,591.0,14.775,Yes,20.0,No
225,MI0017,Bacon Memorial District Library,"Class 4: Serve 12,000-25,999",25883.0,6.0,168.0,4.2,0.0,0.0,0.0,6.0,168.0,4.2,15.0,234.0,5.85,21.0,402.0,10.05,Yes,1041.0,No
226,MI0027,Benton Harbor Public Library,"Class 4: Serve 12,000-25,999",24787.0,3.0,115.0,2.875,0.0,0.0,0.0,3.0,115.0,2.875,13.0,269.0,6.725,16.0,384.0,9.6,No,0.0,No
227,MI0030,Berkley Public Library,"Class 4: Serve 12,000-25,999",14970.0,3.0,96.0,2.4,0.0,0.0,0.0,3.0,96.0,2.4,11.0,255.0,6.375,14.0,351.0,8.775,No,0.0,No
228,MI0035,Big Rapids Community Library,"Class 4: Serve 12,000-25,999",20025.0,2.0,80.0,2.0,0.0,0.0,0.0,2.0,80.0,2.0,8.0,171.0,4.275,10.0,251.0,6.275,No,0.0,No
229,MI0040,Brandon Township Public Library,"Class 4: Serve 12,000-25,999",15175.0,6.0,230.0,5.75,6.0,154.0,3.85,12.0,384.0,9.6,7.0,190.0,4.75,19.0,574.0,14.35,No,0.0,No
230,MI0041,Bridgeport Public Library,"Class 4: Serve 12,000-25,999",12667.0,1.0,40.0,1.0,3.0,120.0,3.0,4.0,160.0,4.0,5.0,62.0,1.55,9.0,222.0,5.55,Yes,50.0,No
231,MI0026,Briggs District Library,"Class 4: Serve 12,000-25,999",19336.0,2.0,80.0,2.0,2.0,80.0,2.0,4.0,160.0,4.0,5.0,160.0,4.0,9.0,320.0,8.0,Yes,3264.0,No
232,MI0059,Charles A. Ransom District Library,"Class 4: Serve 12,000-25,999",15068.0,2.0,80.0,2.0,1.0,40.0,1.0,3.0,120.0,3.0,6.0,164.0,4.1,9.0,284.0,7.1,Yes,350.0,No
233,MI0061,Charlotte Community Library,"Class 4: Serve 12,000-25,999",24370.0,2.0,75.0,1.875,6.0,187.0,4.675,8.0,262.0,6.55,9.0,146.0,3.65,17.0,408.0,10.2,No,0.0,No
234,MI0063,Cheboygan Area Public Library,"Class 4: Serve 12,000-25,999",13894.0,3.0,120.0,3.0,0.0,0.0,0.0,3.0,120.0,3.0,12.0,244.0,6.1,15.0,364.0,9.1,Yes,33.0,No
235,MI0223,Chelsea District Library,"Class 4: Serve 12,000-25,999",15010.0,9.0,360.0,9.0,0.0,0.0,0.0,9.0,360.0,9.0,18.0,455.0,11.375,27.0,815.0,20.375,No,0.0,No
236,MI0067,Coloma Public Library,"Class 4: Serve 12,000-25,999",12982.0,2.0,80.0,2.0,0.0,0.0,0.0,2.0,80.0,2.0,3.0,102.0,2.55,5.0,182.0,4.55,No,0.0,No
237,MI0070,Comstock Township Library,"Class 4: Serve 12,000-25,999",14854.0,7.0,220.0,5.5,0.0,0.0,0.0,7.0,220.0,5.5,10.0,185.0,4.625,17.0,405.0,10.125,Yes,211.0,No
238,MI0074,Crawford County Library,"Class 4: Serve 12,000-25,999",14074.0,1.0,35.0,0.875,1.0,40.0,1.0,2.0,75.0,1.875,11.0,301.0,7.525,13.0,376.0,9.4,No,0.0,No
239,MI0106,DeWitt District Library,"Class 4: Serve 12,000-25,999",20542.0,4.0,160.0,4.0,0.0,0.0,0.0,4.0,160.0,4.0,6.0,227.0,5.675,11.0,387.0,9.675,Yes,32.0,No
240,MI0084,Dexter District Library,"Class 4: Serve 12,000-25,999",19591.0,13.0,361.0,9.025,0.0,0.0,0.0,13.0,361.0,9.025,19.0,304.0,7.6,25.0,665.0,16.625,No,0.0,No
241,MI0087,Dowagiac District Library,"Class 4: Serve 12,000-25,999",13306.0,1.0,40.0,1.0,9.0,204.0,5.1,10.0,244.0,6.1,0.0,0.0,0.0,10.0,244.0,6.1,No,0.0,No
242,MI0094,Eaton Rapids Area District Library,"Class 4: Serve 12,000-25,999",12670.0,2.0,70.0,1.75,2.0,62.0,1.55,4.0,132.0,3.3,2.0,44.0,1.1,6.0,176.0,4.4,No,0.0,No
243,MI0101,Escanaba Public Library,"Class 4: Serve 12,000-25,999",25830.0,2.0,80.0,2.0,1.0,40.0,1.0,3.0,120.0,3.0,7.0,175.0,4.375,10.0,295.0,7.375,No,0.0,No
244,MI0107,Fennville District Library,"Class 4: Serve 12,000-25,999",14230.0,1.0,40.0,1.0,0.0,0.0,0.0,1.0,40.0,1.0,8.0,187.0,4.675,9.0,227.0,5.675,No,0.0,No
245,MI0108,Ferndale Area District Library,"Class 4: Serve 12,000-25,999",19900.0,14.0,322.0,8.05,0.0,0.0,0.0,14.0,322.0,8.05,15.0,292.0,7.3,29.0,614.0,15.35,No,0.0,No
246,MI0133,Flat River Community Library,"Class 4: Serve 12,000-25,999",17626.0,3.0,120.0,3.0,0.0,0.0,0.0,3.0,120.0,3.0,15.0,200.0,5.0,18.0,320.0,8.0,No,0.0,No
247,MI0421,Flat Rock Public Library,"Class 4: Serve 12,000-25,999",17823.0,4.0,84.0,2.1,0.0,0.0,0.0,4.0,84.0,2.1,7.0,134.0,3.35,11.0,218.0,5.45,Yes,1932.0,No
248,MI0113,Fowlerville District Library,"Class 4: Serve 12,000-25,999",17068.0,1.0,35.0,0.875,1.0,351.0,8.775,2.0,70.0,1.75,9.0,189.0,4.725,11.0,259.0,6.475,No,0.0,No
249,MI0116,Fraser Public Library,"Class 4: Serve 12,000-25,999",14480.0,8.0,88.0,2.2,1.0,40.0,1.0,9.0,128.0,3.2,19.0,198.0,4.95,28.0,326.0,8.15,No,0.0,No
250,MI0118,Fremont Area District Library,"Class 4: Serve 12,000-25,999",13326.0,4.0,148.0,3.7,0.0,0.0,0.0,4.0,148.0,3.7,10.0,230.0,5.75,14.0,378.0,9.45,No,0.0,No
251,MI9022,Fruitport District Library,"Class 4: Serve 12,000-25,999",13598.0,2.0,50.0,1.25,1.0,25.0,0.625,2.0,65.0,1.625,2.0,35.0,0.875,4.0,100.0,2.5,Yes,350.0,No
252,MI0127,Gladwin County District Library,"Class 4: Serve 12,000-25,999",25692.0,1.0,40.0,1.0,0.0,0.0,0.0,1.0,40.0,1.0,10.0,271.0,6.775,11.0,311.0,7.775,No,0.0,No
253,MI0130,Grand Ledge Area District Library,"Class 4: Serve 12,000-25,999",15959.0,2.0,64.0,1.6,3.0,92.0,2.3,5.0,156.0,3.9,13.0,206.0,5.15,18.0,362.0,9.05,No,0.0,No
254,MI0137,Hamburg Township Library,"Class 4: Serve 12,000-25,999",21165.0,4.0,160.0,4.0,0.0,0.0,0.0,4.0,160.0,4.0,10.0,254.0,6.35,14.0,414.0,10.35,No,0.0,No
255,MI0138,Hamtramck Public Library,"Class 4: Serve 12,000-25,999",22423.0,3.0,80.0,2.0,0.0,0.0,0.0,3.0,80.0,2.0,7.0,180.0,4.5,9.0,260.0,6.5,Yes,720.0,No
256,MI0141,Harper Woods Public Library,"Class 4: Serve 12,000-25,999",14236.0,5.0,152.0,3.8,0.0,0.0,0.0,7.0,152.0,3.8,8.0,121.0,3.025,14.0,273.0,6.825,No,0.0,No
257,MI0142,Harrison District Library,"Class 4: Serve 12,000-25,999",12920.0,1.0,36.0,0.9,2.0,64.0,1.6,3.0,100.0,2.5,3.0,48.0,1.2,6.0,148.0,3.7,Yes,120.0,No
258,MI0435,Harrison Township Public Library,"Class 4: Serve 12,000-25,999",24587.0,4.0,90.0,2.25,0.0,0.0,0.0,4.0,90.0,2.25,10.0,116.0,2.9,14.0,206.0,5.15,Yes,240.0,No
259,MI0145,Hastings Public Library,"Class 4: Serve 12,000-25,999",13233.0,3.0,108.0,2.7,10.0,204.0,5.1,12.0,312.0,7.8,2.0,25.0,0.625,14.0,337.0,8.425,No,0.0,No
260,MI0146,Hazel Park Memorial District Library,"Class 4: Serve 12,000-25,999",16422.0,4.0,124.0,3.1,0.0,0.0,0.0,4.0,124.0,3.1,12.0,170.0,4.25,16.0,294.0,7.35,Yes,64.0,No
261,MI0152,Highland Township Public Library,"Class 4: Serve 12,000-25,999",19202.0,7.0,245.0,6.125,0.0,0.0,0.0,7.0,245.0,6.125,16.0,286.0,7.15,23.0,531.0,13.275,No,0.0,No
262,MI0153,Holly Township Library,"Class 4: Serve 12,000-25,999",23088.0,1.0,40.0,1.0,3.0,114.0,2.85,4.0,154.0,3.85,4.0,154.0,3.85,8.0,308.0,7.7,No,0.0,No
263,MI0158,Houghton Lake Public Library,"Class 4: Serve 12,000-25,999",15322.0,1.0,40.0,1.0,1.0,40.0,1.0,2.0,80.0,2.0,5.0,200.0,5.0,7.0,280.0,7.0,No,0.0,No
264,MI0378,Howard Miller Library,"Class 4: Serve 12,000-25,999",22115.0,2.0,80.0,2.0,10.0,239.0,5.975,12.0,343.0,8.575,4.0,35.0,0.875,17.0,378.0,9.45,No,0.0,No
265,MI0136,Ionia Community Library,"Class 4: Serve 12,000-25,999",21638.0,1.0,40.0,1.0,2.0,72.0,1.8,3.0,112.0,2.8,10.0,240.0,6.0,13.0,352.0,8.8,No,0.0,No
266,MI0173,Ishpeming Carnegie Public Library,"Class 4: Serve 12,000-25,999",13600.0,3.0,87.0,2.175,2.0,60.0,1.5,5.0,147.0,3.675,0.0,0.0,0.0,5.0,147.0,3.675,Yes,820.0,No
267,MI0181,Kalkaska County Library,"Class 4: Serve 12,000-25,999",17153.0,3.0,76.0,1.9,2.0,51.0,1.275,5.0,127.0,3.175,8.0,115.0,2.875,13.0,242.0,6.05,No,0.0,No
268,MI0431,Leanna Hicks Public Library of Inkster,"Class 4: Serve 12,000-25,999",25369.0,1.0,40.0,1.0,0.0,0.0,0.0,1.0,40.0,1.0,3.0,153.0,3.825,4.0,193.0,4.825,No,0.0,No
269,MI0198,Lincoln Township Public Library,"Class 4: Serve 12,000-25,999",22258.0,2.0,80.0,2.0,3.0,120.0,3.0,5.0,200.0,5.0,16.0,426.0,10.65,21.0,626.0,15.65,No,0.0,No
270,MI0204,Lyon Township Public Library,"Class 4: Serve 12,000-25,999",14545.0,3.0,120.0,3.0,0.0,0.0,0.0,3.0,120.0,3.0,10.0,220.0,5.5,13.0,340.0,8.5,No,0.0,No
271,MI0242,MacDonald Public Library,"Class 4: Serve 12,000-25,999",13452.0,4.0,160.0,4.0,0.0,0.0,0.0,4.0,160.0,4.0,7.0,113.0,2.825,11.0,273.0,6.825,Yes,17.0,No
272,MI0213,Manistee County Library,"Class 4: Serve 12,000-25,999",22995.0,1.0,40.0,1.0,4.0,152.5,3.8125,5.0,192.5,4.8125,11.0,397.5,9.9375,16.0,590.0,14.75,Yes,5050.0,No
273,MI0218,Marshall District Library,"Class 4: Serve 12,000-25,999",14948.0,4.0,160.0,4.0,1.0,40.0,1.0,5.0,200.0,5.0,13.0,360.0,9.0,18.0,560.0,14.0,No,0.0,No
274,MI0220,Maud Preston Palenske Memorial Library,"Class 4: Serve 12,000-25,999",18393.0,4.0,144.0,3.6,9.0,247.0,6.175,13.0,391.0,9.775,8.0,105.0,2.625,21.0,496.0,12.4,No,0.0,No
275,MI0226,Menominee County Library,"Class 4: Serve 12,000-25,999",14384.0,1.0,40.0,1.0,2.0,80.0,2.0,3.0,120.0,3.0,3.0,75.0,1.875,6.0,195.0,4.875,Yes,1925.0,No
276,MI0228,Milan Public Library,"Class 4: Serve 12,000-25,999",17511.0,4.0,88.0,2.2,2.0,56.0,1.4,6.0,144.0,3.6,4.0,76.0,1.9,10.0,220.0,5.5,Yes,18.0,No
277,MI0229,Milford Public Library,"Class 4: Serve 12,000-25,999",15736.0,10.0,268.0,6.7,1.0,17.0,0.425,11.0,285.0,7.125,12.0,238.5,5.9625,23.0,523.5,13.0875,No,0.0,No
278,MI0231,Missaukee District Library,"Class 4: Serve 12,000-25,999",13097.0,0.0,0.0,0.0,1.0,40.0,1.0,1.0,40.0,1.0,8.0,89.0,2.225,9.0,129.0,3.225,Yes,104.0,No
279,MI0237,Mount Clemens Public Library,"Class 4: Serve 12,000-25,999",22857.0,7.0,210.0,5.25,0.0,0.0,0.0,7.0,210.0,5.25,11.0,418.0,10.45,17.0,628.0,15.7,Yes,896.0,No
280,MI0245,Niles District Library,"Class 4: Serve 12,000-25,999",24520.0,2.0,75.0,1.875,6.0,225.0,5.625,7.0,262.5,6.5625,16.0,387.5,9.6875,23.0,650.0,16.25,No,0.0,No
281,MI0253,Ogemaw District Library,"Class 4: Serve 12,000-25,999",12561.0,1.0,40.0,1.0,3.0,100.0,2.5,4.0,180.0,4.5,4.0,84.0,2.1,8.0,264.0,6.6,Yes,2043.0,No
282,MI0258,Otsego County Library,"Class 4: Serve 12,000-25,999",24164.0,2.0,80.0,2.0,1.0,38.0,0.95,3.0,118.0,2.95,15.0,320.0,8.0,18.0,438.0,10.95,Yes,3038.0,No
283,MI0259,Otsego District Public Library,"Class 4: Serve 12,000-25,999",14230.0,1.0,40.0,1.0,1.0,40.0,1.0,2.0,80.0,2.0,10.0,230.0,5.75,12.0,310.0,7.75,Yes,45.0,No
284,MI0262,Oxford Public Library,"Class 4: Serve 12,000-25,999",20526.0,7.0,264.0,6.6,8.0,181.0,4.525,15.0,445.0,11.125,15.0,133.0,3.325,30.0,578.0,14.45,No,0.0,No
285,MI0265,Paw Paw District Library,"Class 4: Serve 12,000-25,999",13579.0,2.0,64.0,1.6,5.0,180.0,4.5,7.0,224.0,5.6,10.0,175.0,4.375,17.0,399.0,9.975,Yes,500.0,No
286,MI0269,Petoskey District Library,"Class 4: Serve 12,000-25,999",16709.0,5.0,189.0,4.725,2.0,60.0,1.5,8.0,249.0,6.225,18.0,324.0,8.1,23.0,573.0,14.325,Yes,15.0,No
287,MI0276,Portage Lake District Library,"Class 4: Serve 12,000-25,999",19629.0,2.0,70.0,1.75,12.0,330.0,8.25,12.0,330.0,8.25,6.0,90.0,2.25,19.0,420.0,10.5,No,0.0,No
288,MI0278,Portland District Library,"Class 4: Serve 12,000-25,999",13912.0,2.0,78.0,1.95,0.0,0.0,0.0,2.0,78.0,1.95,10.0,207.0,5.175,12.0,285.0,7.125,Yes,3180.0,No
289,MI0279,Presque Isle District Library,"Class 4: Serve 12,000-25,999",14878.0,1.0,40.0,1.0,9.0,360.0,9.0,10.0,400.0,10.0,13.0,150.0,3.75,23.0,550.0,13.75,Yes,2340.0,No
290,MI0292,Riverview Veterans Memorial Library,"Class 4: Serve 12,000-25,999",12486.0,1.0,40.0,1.0,0.0,0.0,0.0,1.0,40.0,1.0,8.0,117.0,2.925,9.0,157.0,3.925,Yes,16.0,No
291,MI0315,Salem-South Lyon District Library,"Class 4: Serve 12,000-25,999",16753.0,13.0,282.0,7.05,5.0,50.0,1.25,18.0,332.0,8.3,38.0,509.0,12.725,56.0,841.0,21.025,No,0.0,No
292,MI0355,Spring Lake District Library,"Class 4: Serve 12,000-25,999",18260.0,5.0,160.0,4.0,4.0,128.0,3.2,9.0,288.0,7.2,22.0,434.0,10.85,33.0,722.0,18.05,No,0.0,No
293,MI0319,Springfield Township Library,"Class 4: Serve 12,000-25,999",13940.0,5.0,143.0,3.575,1.0,35.0,0.875,6.0,183.0,4.575,11.0,207.0,5.175,17.0,390.0,9.75,No,0.0,No
294,MI0326,Sturgis District Library,"Class 4: Serve 12,000-25,999",17937.0,1.0,40.0,1.0,2.0,75.0,1.875,3.0,112.5,2.8125,10.0,212.0,5.3,13.0,324.5,8.1125,No,0.0,No
295,MI0333,Tecumseh District Library,"Class 4: Serve 12,000-25,999",18134.0,3.0,120.0,3.0,1.0,40.0,1.0,4.0,160.0,4.0,9.0,269.0,6.725,13.0,429.0,10.725,No,0.0,No
296,MI0338,Thornapple Kellogg School and Community Library,"Class 4: Serve 12,000-25,999",15497.0,1.0,40.0,1.0,1.0,8.0,0.2,2.0,48.0,1.2,2.0,8.0,0.2,4.0,56.0,1.4,Yes,143.0,No
297,MI0340,Three Rivers Public Library,"Class 4: Serve 12,000-25,999",14253.0,2.0,69.0,1.725,1.0,40.0,1.0,3.0,109.0,2.725,9.0,226.0,5.65,12.0,335.0,8.375,Yes,2418.0,No
298,MI0349,Vicksburg District Library,"Class 4: Serve 12,000-25,999",12238.0,2.0,75.0,1.875,1.0,30.0,0.75,3.0,105.0,2.625,11.0,174.25,4.35625,14.0,279.25,6.98125,No,0.0,No
299,MI0403,Wayne Public Library,"Class 4: Serve 12,000-25,999",17593.0,7.0,117.0,2.925,0.0,0.0,0.0,7.0,117.0,2.925,11.0,199.0,4.975,18.0,316.0,7.9,No,0.0,No
300,MI0374,Wixom Public Library,"Class 4: Serve 12,000-25,999",13498.0,6.0,229.0,5.725,0.0,0.0,0.0,7.0,229.0,5.725,12.0,180.0,4.5,19.0,409.0,10.225,No,0.0,No
301,MI9017,Allen Park Public Library,"Class 5: Serve 26,000-49,999",28210.0,2.0,70.0,1.75,0.0,0.0,0.0,2.0,70.0,1.75,24.0,293.0,7.325,26.0,363.0,9.075,Yes,268.0,No
302,MI0411,Allendale Township Library,"Class 5: Serve 26,000-49,999",28283.0,1.0,40.0,1.0,6.0,138.0,3.45,7.0,178.0,4.45,4.0,56.0,1.4,11.0,234.0,5.85,Yes,1217.0,No
303,MI0414,Alpena County Library,"Class 5: Serve 26,000-49,999",29598.0,2.0,80.0,2.0,8.0,245.5,6.1375,10.0,325.5,8.1375,14.0,355.5,8.8875,24.0,681.0,17.025,No,0.0,No
304,MI0019,Baldwin Public Library,"Class 5: Serve 26,000-49,999",35350.0,43.0,671.39,16.78475,0.0,0.0,0.0,43.0,671.39,16.78475,60.0,879.83,21.99575,103.0,1551.22,38.7805,No,0.0,No
305,MI0430,Belleville Area District Library,"Class 5: Serve 26,000-49,999",42361.0,14.0,344.0,8.6,0.0,0.0,0.0,14.0,344.0,8.6,27.0,450.75,11.26875,41.0,794.75,19.86875,No,0.0,No
306,MI0037,Bloomfield Township Public Library,"Class 5: Serve 26,000-49,999",41070.0,23.0,732.5,18.3125,0.0,0.0,0.0,23.0,732.5,18.3125,66.0,1378.0,34.45,89.0,2110.5,52.7625,No,0.0,No
307,MI0039,Branch District Library,"Class 5: Serve 26,000-49,999",46905.0,5.0,200.0,5.0,0.0,0.0,0.0,5.0,200.0,5.0,31.0,550.0,13.75,36.0,750.0,18.75,No,0.0,No
308,MI0043,Brighton District Library,"Class 5: Serve 26,000-49,999",43254.0,18.0,435.82,10.8955,0.0,0.0,0.0,18.0,435.82,10.8955,39.0,686.87,17.17175,57.0,1122.69,28.06725,No,0.0,No
309,MI0049,Cadillac-Wexford County Public Library,"Class 5: Serve 26,000-49,999",35087.0,4.0,130.0,3.25,1.0,40.0,1.0,5.0,170.0,4.25,22.0,475.0,11.875,27.0,645.0,16.125,No,0.0,No
310,MI0055,Cass District Library,"Class 5: Serve 26,000-49,999",38002.0,2.0,50.0,1.25,11.0,440.0,11.0,13.0,490.0,12.25,7.0,106.0,2.65,20.0,596.0,14.9,No,0.0,No
311,MI0416,Chesterfield Township Library,"Class 5: Serve 26,000-49,999",43381.0,9.0,232.26,5.8065,0.0,0.0,0.0,9.0,232.26,5.8065,26.0,295.19,7.37975,36.0,527.45,13.18625,Yes,3653.0,No
312,MI0166,Clarkston Independence District Library,"Class 5: Serve 26,000-49,999",35563.0,18.0,404.44,10.111,0.0,0.0,0.0,18.0,404.44,10.111,31.0,519.23,12.98075,49.0,923.67,23.09175,No,0.0,No
313,MI0426,Commerce Township Community Library,"Class 5: Serve 26,000-49,999",40186.0,11.0,403.0,10.075,0.0,0.0,0.0,11.0,403.0,10.075,13.0,268.0,6.7,24.0,671.0,16.775,No,0.0,No
314,MI0310,Community District Library,"Class 5: Serve 26,000-49,999",28263.0,1.0,40.0,1.0,7.0,162.0,4.05,8.0,228.0,5.7,4.0,96.0,2.4,12.0,324.0,8.1,No,0.0,No
315,MI0075,Cromaine District Library,"Class 5: Serve 26,000-49,999",26391.0,12.0,470.0,11.75,0.0,0.0,0.0,12.0,470.0,11.75,17.0,410.0,10.25,29.0,880.0,22.0,No,0.0,No
316,MI9009,Delta Township District Library,"Class 5: Serve 26,000-49,999",32799.0,4.0,160.0,4.0,10.0,236.0,5.9,14.0,396.0,9.9,14.0,234.0,5.85,28.0,630.0,15.75,No,0.0,No
317,MI0085,Dickinson County Library,"Class 5: Serve 26,000-49,999",26168.0,2.0,77.5,1.9375,3.0,112.5,2.8125,5.0,190.0,4.75,18.0,352.0,8.8,23.0,542.0,13.55,Yes,216.0,No
318,MI0093,East Lansing Public Library,"Class 5: Serve 26,000-49,999",48579.0,5.0,188.0,4.7,6.0,105.0,2.625,11.0,349.0,8.725,18.0,301.0,7.525,32.0,650.0,16.25,Yes,1259.0,No
319,MI0092,Eastpointe Memorial Library,"Class 5: Serve 26,000-49,999",32442.0,6.0,171.5,4.2875,0.0,0.0,0.0,6.0,171.5,4.2875,7.0,180.0,4.5,13.0,351.5,8.7875,Yes,2044.0,No
320,MI0121,Garden City Public Library,"Class 5: Serve 26,000-49,999",27692.0,1.0,40.0,1.0,2.0,80.0,2.0,3.0,120.0,3.0,7.0,136.0,3.4,10.0,256.0,6.4,No,0.0,No
321,MI0124,Georgetown Township Public Library,"Class 5: Serve 26,000-49,999",46985.0,3.0,104.0,2.6,0.0,0.0,0.0,3.0,104.0,2.6,17.0,515.0,12.875,20.0,619.0,15.475,No,0.0,No
322,MI0135,Hackley Public Library,"Class 5: Serve 26,000-49,999",40898.0,5.0,200.0,5.0,0.0,0.0,0.0,5.0,200.0,5.0,20.0,442.5,11.0625,25.0,642.5,16.0625,Yes,200.0,No
323,MI0171,Iosco-Arenac District Library,"Class 5: Serve 26,000-49,999",41786.0,3.0,120.0,3.0,1.0,40.0,1.0,4.0,160.0,4.0,5.0,160.0,4.0,9.0,320.0,8.0,Yes,2472.0,No
324,MI0195,Lenawee District Library,"Class 5: Serve 26,000-49,999",40771.0,4.0,121.0,3.025,14.0,290.0,7.25,18.0,450.0,11.25,3.0,36.0,0.9,21.0,486.0,12.15,No,0.0,No
325,MI9025,Lincoln Park Public Library,"Class 5: Serve 26,000-49,999",38144.0,2.0,80.0,2.0,0.0,0.0,0.0,2.0,80.0,2.0,4.0,100.0,2.5,6.0,180.0,4.5,Yes,480.0,No
326,MI0201,Loutit District Library,"Class 5: Serve 26,000-49,999",35540.0,7.0,272.0,6.8,3.0,92.0,2.3,10.0,364.0,9.1,12.0,374.0,9.35,22.0,738.0,18.45,Yes,435.0,No
327,MI0210,Madison Heights Public Library,"Class 5: Serve 26,000-49,999",29694.0,4.0,115.0,2.875,1.0,20.0,0.5,5.0,135.0,3.375,8.0,155.5,3.8875,13.0,290.5,7.2625,Yes,2674.0,No
328,MI0401,Mason County District Library,"Class 5: Serve 26,000-49,999",28646.0,1.0,40.0,1.0,3.0,110.0,2.75,4.0,150.0,3.75,31.0,370.0,9.25,35.0,520.0,13.0,No,0.0,No
329,MI0248,Northville District Library,"Class 5: Serve 26,000-49,999",34467.0,19.0,500.0,12.5,0.0,0.0,0.0,19.0,500.0,12.5,32.0,610.0,15.25,51.0,1110.0,27.75,No,0.0,No
330,MI0251,Oak Park Public Library,"Class 5: Serve 26,000-49,999",29319.0,7.0,174.0,4.35,1.0,4.0,0.1,7.0,178.0,4.45,13.0,165.0,4.125,20.0,343.0,8.575,Yes,17.0,No
331,MI0255,Orion Township Public Library,"Class 5: Serve 26,000-49,999",35394.0,16.0,402.0,10.05,1.0,37.5,0.9375,17.0,439.5,10.9875,30.0,697.0,17.425,47.0,1136.5,28.4125,No,0.0,No
332,MI0268,Peter White Public Library,"Class 5: Serve 26,000-49,999",36441.0,5.0,197.0,4.925,18.0,483.0,12.075,23.0,680.0,17.0,12.0,306.0,7.65,34.0,986.0,24.65,No,0.0,No
333,MI0273,Plymouth District Library,"Class 5: Serve 26,000-49,999",36656.0,16.0,515.0,12.875,0.0,0.0,0.0,16.0,515.0,12.875,45.0,815.63,20.39075,61.0,1330.63,33.26575,Yes,1.0,No
334,MI0402,Redford Township District Library,"Class 5: Serve 26,000-49,999",48362.0,14.0,339.3,8.4825,4.0,88.0,2.2,18.0,427.3,10.6825,25.0,498.5,12.4625,43.0,925.8,23.145,No,0.0,No
335,MI0294,Romeo District Library,"Class 5: Serve 26,000-49,999",33839.0,11.0,440.0,11.0,0.0,0.0,0.0,11.0,440.0,11.0,19.0,362.0,9.05,30.0,802.0,20.05,No,0.0,No
336,MI0433,Romulus Public Library,"Class 5: Serve 26,000-49,999",39868.0,3.0,120.0,3.0,1.0,29.0,0.725,4.0,149.0,3.725,7.0,195.0,4.875,11.0,344.0,8.6,Yes,2415.0,No
337,MI0295,Roseville Public Library,"Class 5: Serve 26,000-49,999",47299.0,11.0,271.0,6.775,2.0,56.0,1.4,13.0,377.0,9.425,12.0,236.0,5.9,23.0,613.0,15.325,No,0.0,No
338,MI0300,Saline District Library,"Class 5: Serve 26,000-49,999",26376.0,10.0,295.0,7.375,0.0,0.0,0.0,10.0,295.0,7.375,33.0,585.0,14.625,43.0,880.0,22.0,No,0.0,No
339,MI0261,Shiawassee District Library,"Class 5: Serve 26,000-49,999",27920.0,2.0,79.0,1.975,4.0,150.0,3.75,2.0,229.0,5.725,17.0,456.0,11.4,23.0,685.0,17.125,No,0.0,No
340,MI0434,Southgate Veterans Memorial Library,"Class 5: Serve 26,000-49,999",30047.0,3.0,120.0,3.0,0.0,0.0,0.0,3.0,120.0,3.0,6.0,149.0,3.725,9.0,269.0,6.725,Yes,4740.0,No
341,MI0022,Superior District Library,"Class 5: Serve 26,000-49,999",43031.0,2.0,68.0,1.7,17.0,285.0,7.125,19.0,345.0,8.625,22.0,22.0,0.55,39.0,367.0,9.175,No,0.0,No
342,MI0345,Van Buren District Library,"Class 5: Serve 26,000-49,999",44265.0,5.0,176.0,4.4,6.0,201.0,5.025,11.0,377.0,9.425,45.0,869.4,21.735,56.0,1246.4,31.16,No,0.0,No
343,MI0366,White Lake Township Library,"Class 5: Serve 26,000-49,999",30019.0,9.0,288.0,7.2,2.0,64.0,1.6,11.0,332.0,8.3,25.0,230.0,5.75,36.0,562.0,14.05,Yes,500.0,No
344,MI0012,Ann Arbor District Library,"Class 6: Serve 50,000+",163590.0,17.0,680.0,17.0,0.0,0.0,0.0,17.0,680.0,17.0,200.0,6160.0,154.0,217.0,6840.0,171.0,No,0.0,No
345,MI0021,Bay County Library System,"Class 6: Serve 50,000+",107681.0,10.0,400.0,10.0,4.0,17.0,0.425,14.0,417.0,10.425,102.0,2167.0,54.175,116.0,2584.0,64.6,No,0.0,No
346,MI0052,Canton Public Library,"Class 6: Serve 50,000+",90173.0,32.0,812.0,20.3,0.0,0.0,0.0,32.0,812.0,20.3,64.0,1384.1,34.6025,96.0,2196.1,54.9025,No,0.0,No
347,MI0424,Capital Area District Libraries,"Class 6: Serve 50,000+",238859.0,40.0,1555.0,38.875,0.0,0.0,0.0,40.0,1555.0,38.875,187.0,3874.0,96.85,227.0,5429.0,135.725,No,0.0,No
348,MI0348,Chippewa River District Library System,"Class 6: Serve 50,000+",51640.0,6.0,240.0,6.0,3.0,120.0,3.0,9.0,360.0,9.0,31.0,752.0,18.8,40.0,1112.0,27.8,No,0.0,No
349,MI0397,Clinton-Macomb Public Library,"Class 6: Serve 50,000+",169833.0,55.0,1002.0,25.05,0.0,0.0,0.0,55.0,1002.0,25.05,95.0,1414.0,35.35,150.0,2416.0,60.4,No,0.0,No
350,MI0425,Dearborn Heights City Libraries,"Class 6: Serve 50,000+",57774.0,13.0,410.0,10.25,0.0,0.0,0.0,13.0,410.0,10.25,35.0,475.0,11.875,48.0,885.0,22.125,No,0.0,Yes
351,MI0078,Dearborn Public Library,"Class 6: Serve 50,000+",98153.0,16.0,612.0,15.3,0.0,0.0,0.0,16.0,612.0,15.3,64.0,1466.0,36.65,80.0,2078.0,51.95,Yes,128.0,No
352,MI0083,Detroit Public Library,"Class 6: Serve 50,000+",713777.0,73.0,2920.0,73.0,0.0,0.0,0.0,73.0,2920.0,73.0,229.0,8160.0,204.0,302.0,11080.0,277.0,Yes,61600.0,No
353,MI0105,Farmington Community Library,"Class 6: Serve 50,000+",90112.0,8.0,264.0,6.6,12.0,383.0,9.575,20.0,647.0,16.175,20.0,656.0,16.4,40.0,1303.0,32.575,Yes,942.0,No
354,MI0111,Flint Public Library,"Class 6: Serve 50,000+",102434.0,14.0,544.0,13.6,2.0,80.0,2.0,16.0,624.0,15.6,24.0,678.0,16.95,40.0,1302.0,32.55,No,0.0,No
355,MI0123,Genesee District Library,"Class 6: Serve 50,000+",332567.0,26.0,1040.0,26.0,0.0,0.0,0.0,26.0,1040.0,26.0,110.0,2282.0,57.05,136.0,3322.0,83.05,No,0.0,No
356,MI0129,Grace A. Dow Memorial Library,"Class 6: Serve 50,000+",76707.0,14.0,440.0,11.0,5.0,104.0,2.6,19.0,544.0,13.6,31.0,599.0,14.975,49.0,1143.0,28.575,No,0.0,No
357,MI0131,Grand Rapids Public Library,"Class 6: Serve 50,000+",188040.0,20.0,800.0,20.0,5.0,200.0,5.0,25.0,1000.0,25.0,137.0,3260.0,81.5,162.0,4260.0,106.5,No,0.0,No
358,MI0134,Grosse Pointe Public Library,"Class 6: Serve 50,000+",51133.0,18.0,657.0,16.425,12.0,16.0,0.4,18.0,657.0,16.425,90.0,1152.38,28.8095,108.0,1809.38,45.2345,No,0.0,No
359,MI0150,Herrick District Library,"Class 6: Serve 50,000+",102423.0,13.0,479.92,11.998,2.0,80.0,2.0,15.0,559.92,13.998,64.0,1496.6,37.415,79.0,2056.52,51.413,No,0.0,No
360,MI0160,Howell Carnegie District Library,"Class 6: Serve 50,000+",52529.0,5.0,170.0,4.25,0.0,0.0,0.0,5.0,170.0,4.25,36.0,796.75,19.91875,41.0,966.75,24.16875,No,0.0,No
361,MI0175,Jackson District Library,"Class 6: Serve 50,000+",160248.0,19.0,760.0,19.0,5.0,200.0,5.0,24.0,960.0,24.0,133.0,3203.0,80.075,157.0,4163.0,104.075,No,0.0,No
362,MI0180,Kalamazoo Public Library,"Class 6: Serve 50,000+",123979.0,25.0,980.0,24.5,2.0,70.0,1.75,28.0,1130.0,28.25,147.0,4105.0,102.625,174.0,5235.0,130.875,Yes,24.0,No
363,MI0182,Kent District Library,"Class 6: Serve 50,000+",395660.0,71.0,2608.0,65.2,2.0,80.0,2.0,73.0,2688.0,67.2,249.0,6767.0,169.175,322.0,9455.0,236.375,No,0.0,No
364,MI0190,Lapeer District Library,"Class 6: Serve 50,000+",60006.0,5.0,200.0,5.0,14.0,340.0,8.5,19.0,540.0,13.5,20.0,291.0,7.275,39.0,831.0,20.775,Yes,1260.0,No
365,MI0200,Livonia Public Library,"Class 6: Serve 50,000+",96942.0,18.0,640.0,16.0,2.0,40.0,1.0,18.0,640.0,16.0,33.0,819.0,20.475,51.0,1459.0,36.475,Yes,6624.0,No
366,MI0233,Monroe County Library System,"Class 6: Serve 50,000+",149955.0,22.0,799.0,19.975,1.0,40.0,1.0,23.0,839.0,20.975,126.0,3068.5,76.7125,149.0,3907.5,97.6875,Yes,5800.0,Yes
367,MI0240,Muskegon Area District Library,"Class 6: Serve 50,000+",105852.0,14.0,520.0,13.0,3.0,120.0,3.0,16.0,640.0,16.0,50.0,1168.0,29.2,66.0,1808.0,45.2,No,0.0,No
368,MI0250,Novi Public Library,"Class 6: Serve 50,000+",55374.0,18.0,544.0,13.6,0.0,0.0,0.0,18.0,544.0,13.6,41.0,992.0,24.8,59.0,1536.0,38.4,No,0.0,No
369,MI0274,Pontiac Public Library,"Class 6: Serve 50,000+",59515.0,5.0,200.0,5.0,1.0,40.0,1.0,6.0,240.0,6.0,5.0,150.0,3.75,11.0,390.0,9.75,No,0.0,Yes
370,MI0277,Portage District Library,"Class 6: Serve 50,000+",52170.0,14.0,470.0,11.75,5.0,110.0,2.75,19.0,580.0,14.5,27.0,645.33,16.13325,46.0,1225.33,30.63325,No,0.0,No
371,MI0299,Public Libraries of Saginaw,"Class 6: Serve 50,000+",124690.0,10.0,385.0,9.625,0.0,0.0,0.0,10.0,385.0,9.625,70.0,1300.0,32.5,80.0,1685.0,42.125,Yes,10.0,No
372,MI0293,Rochester Hills Public Library,"Class 6: Serve 50,000+",100485.0,54.0,911.0,22.775,1.0,38.0,0.95,55.0,948.0,23.7,88.0,1703.5,42.5875,143.0,2651.5,66.2875,Yes,245.0,No
373,MI0296,Royal Oak Public Library,"Class 6: Serve 50,000+",57236.0,17.0,435.0,10.875,0.0,0.0,0.0,17.0,435.0,10.875,30.0,484.0,12.1,47.0,919.0,22.975,No,0.0,No
374,MI0321,Saint Clair County Library System,"Class 6: Serve 50,000+",160312.0,15.0,487.5,12.1875,9.0,337.5,8.4375,24.0,825.0,20.625,91.0,1946.0,48.65,114.0,2771.0,69.275,Yes,20250.0,No
375,MI0322,Saint Clair Shores Public Library,"Class 6: Serve 50,000+",59715.0,7.0,250.0,6.25,1.0,15.0,0.375,8.0,265.0,6.625,14.0,390.0,9.75,21.0,655.0,16.375,No,0.0,No
376,MI0308,Shelby Township Library,"Class 6: Serve 50,000+",73804.0,5.0,187.5,4.6875,6.0,10.0,0.25,11.0,197.5,4.9375,13.0,292.0,7.3,24.0,489.5,12.2375,No,0.0,No
377,MI0316,Southfield Public Library,"Class 6: Serve 50,000+",75814.0,18.0,720.0,18.0,0.0,0.0,0.0,18.0,720.0,18.0,88.0,1350.0,33.75,106.0,2070.0,51.75,No,0.0,No
378,MI0325,Sterling Heights Public Library,"Class 6: Serve 50,000+",129699.0,15.0,458.0,11.45,0.0,0.0,0.0,15.0,458.0,11.45,22.0,605.0,15.125,37.0,1063.0,26.575,No,0.0,No
379,MI9024,Taylor Community Library,"Class 6: Serve 50,000+",63131.0,5.0,200.0,5.0,0.0,0.0,0.0,5.0,200.0,5.0,16.0,358.0,8.95,21.0,558.0,13.95,No,0.0,No
380,MI0342,Traverse Area District Library,"Class 6: Serve 50,000+",97396.0,8.0,320.0,8.0,1.0,40.0,1.0,9.0,360.0,9.0,72.0,1742.0,43.55,80.0,2102.0,52.55,Yes,2256.0,No
381,MI9020,Trenton Veteran's Memorial Library,"Class 6: Serve 50,000+",72726.0,4.0,160.0,4.0,1.0,40.0,1.0,5.0,200.0,5.0,9.0,186.0,4.65,14.0,386.0,9.65,Yes,2232.0,No
382,MI0343,Troy Public Library,"Class 6: Serve 50,000+",80980.0,24.0,620.0,15.5,1.0,40.0,1.0,25.0,660.0,16.5,53.0,1325.0,33.125,78.0,1985.0,49.625,No,0.0,No
383,MI0356,Warren Public Library,"Class 6: Serve 50,000+",134056.0,12.0,421.0,10.525,5.0,181.0,4.525,17.0,602.0,15.05,32.0,474.0,11.85,49.0,1076.0,26.9,Yes,6850.0,No
384,MI0358,Waterford Township Public Library,"Class 6: Serve 50,000+",71997.0,10.0,400.0,10.0,0.0,0.0,0.0,10.0,400.0,10.0,21.0,484.0,12.1,31.0,884.0,22.1,Yes,3248.0,No
385,MI0362,West Bloomfield Township Public Library,"Class 6: Serve 50,000+",71755.0,18.0,585.0,14.625,2.0,59.0,1.475,20.0,644.0,16.1,45.0,814.0,20.35,65.0,1458.0,36.45,No,0.0,No
386,MI0371,Willard Public Library,"Class 6: Serve 50,000+",89779.0,9.0,360.0,9.0,11.0,440.0,11.0,20.0,800.0,20.0,21.0,714.0,17.85,41.0,1514.0,37.85,Yes,7836.0,No
387,MI0415,William P. Faust Public Library of Westland,"Class 6: Serve 50,000+",84094.0,13.0,492.0,12.3,0.0,0.0,0.0,13.0,492.0,12.3,25.0,802.0,20.05,38.0,1294.0,32.35,Yes,9932.0,No
388,MI0377,Ypsilanti District Library,"Class 6: Serve 50,000+",82974.0,19.0,720.0,18.0,0.0,0.0,0.0,19.0,720.0,18.0,40.0,1032.0,25.8,59.0,1752.0,43.8,No,0.0,No
389,,,,25302.23907455013,,,,,,,,,,,,,,,,,,
390,,Total Libraries Reporting (N),389,,,,,,,,,,,,,,,,,,,
391,,,Total,9842571.0,1594.0,51266.53,1281.6632500000003,815.0,22230.23,555.7557500000001,2391.0,73535.45,1838.39125,5632.0,119223.72000000002,2980.598,8009.0,192759.16999999998,4818.97925,,246955.0,
392,,,Average,,4.097686375321337,131.79056555269923,3.2947641388174813,2.095115681233933,57.14712082262211,1.4286780205655532,6.146529562982005,189.03714652956296,4.725941516709511,14.478149100257069,306.48771208226225,7.662205655526992,20.588688946015424,495.52485861182515,12.388121465295631,,634.8457583547557,
393,,,,,,,,,,,,,,,,,,,,,,
394,End of worksheet,,,,,,,,,,,,,,,,,,,,,
