,FSCS,Location,Library Class,Total number of computers that the library provides for use by staff only,Total number of computers that the library provides for public use,Is your library circulation system automated?,Total income budgeted for the library's Integrated Library System,Circulation System Vendor Name,Is your card catalog automated?,Card Catalog Vendor Name,Patron Initiated ILL,Do you offer a Remote Catalog?,Do you provide Self Checkout?,Is your Circulation System Shared?,Do you normally provide Wireless Internet Access to Patrons?,"Did the library provide WiFi Internet access to users outside the building, at any outlet, before the Coronavirus (COVID-19) pandemic?‚Äù","Did the library provide or increase access to WiFi Internet access to users outside the building, at any outlet, during the Coronavirus (COVID-19) pandemic?"
0,MI0147,Alden District Library,"Class 1: Serve 3,999 or less",6,9,Yes,800,Book Systems,Yes,Book Systems,Yes,Yes,No,No,Yes,Yes,No
1,MI9010,Ashley District Library,"Class 1: Serve 3,999 or less",2,12,Yes,675,follett,Yes,Destiny,Yes,Yes,No,No,Yes,Yes,Yes
2,MI0023,Beaver Island District Library,"Class 1: Serve 3,999 or less",3,4,Yes,5500,Cloud Libraries,Yes,mylibrarybooks.org/cloud Libraries,No,Yes,No,No,Yes,Yes,Yes
3,MI0024,Bellaire Public Library,"Class 1: Serve 3,999 or less",3,8,Yes,5000,Biblionix Apollo,Yes,Biblionix Apollo,Yes,Yes,Yes,No,Yes,Yes,Yes
4,MI0025,Bellevue Township Library,"Class 1: Serve 3,999 or less",1,5,Yes,2247,auto-graphics,Yes,auto-graphics,Yes,Yes,No,Yes,Yes,Yes,Yes
5,MI0114,Benzie Shores District Library,"Class 1: Serve 3,999 or less",10,11,Yes,1800,Biblionix-Apollo,Yes,Biblionix-Apollo,Yes,Yes,No,No,Yes,Yes,Yes
6,MI0029,Benzonia Public Library,"Class 1: Serve 3,999 or less",3,7,Yes,1700,Biblionix Apollo,Yes,biblionix Apollo,Yes,Yes,No,No,Yes,Yes,Yes
7,MI0033,Betsie Valley District Library,"Class 1: Serve 3,999 or less",2,8,Yes,2706,Nugen,Yes,Nugen,Yes,Yes,No,No,Yes,Yes,Yes
8,MI0048,Burr Oak Township Library,"Class 1: Serve 3,999 or less",2,5,Yes,1100,Follett/Destiny,Yes,Follett/Destiny,Yes,No,No,No,Yes,Yes,No
9,MI0053,Carp Lake Township Library,"Class 1: Serve 3,999 or less",1,7,Yes,1773,Sirsi Dynix,Yes,Enterprise,No,Yes,No,Yes,Yes,Yes,Yes
10,MI0058,Central Lake District Library,"Class 1: Serve 3,999 or less",4,9,Yes,7000, NuGen Cloudnet Libraries,Yes, NuGen Cloudnet Libraries,Yes,Yes,No,No,Yes,No,No
11,MI0062,Chase Township Public Library,"Class 1: Serve 3,999 or less",2,9,No,0,,No,,No,No,No,No,Yes,Yes,Yes
12,MI0065,Clinton Township Public Library,"Class 1: Serve 3,999 or less",4,11,Yes,3400,Infovision Software,Yes,Infovision Software,Yes,Yes,No,No,Yes,Yes,Yes
13,MI0068,Colon Township Library,"Class 1: Serve 3,999 or less",3,8,Yes,1190,Book Systems- Attrium,Yes,Book Systems- Attrium,Yes,Yes,No,No,Yes,Yes,Yes
14,MI0069,Columbia Township Library,"Class 1: Serve 3,999 or less",3,9,Yes,1100,Biblionix,Yes,Biblionix,Yes,Yes,No,No,Yes,Yes,No
15,MI0076,Crooked Tree District Library,"Class 1: Serve 3,999 or less",4,8,Yes,4902,SirsiDynix,Yes,SirsiDynix,Yes,Yes,No,Yes,Yes,Yes,Yes
16,MI0429,Croton Township Library,"Class 1: Serve 3,999 or less",5,9,Yes,12000,Sierra,Yes,Sierra,Yes,Yes,No,Yes,Yes,Yes,Yes
17,MI0077,Crystal Falls District Community Library,"Class 1: Serve 3,999 or less",4,17,Yes,2600,Sirsi/Dynix,Yes,Sirsi/Dynix,No,Yes,No,Yes,Yes,Yes,No
18,MI0417,Curtis Township Library,"Class 1: Serve 3,999 or less",3,8,Yes,2400,Sirsi/Dynex,Yes,SirsiDynix,Yes,Yes,No,Yes,Yes,Yes,Yes
19,MI0034,Darcy Library of Beulah,"Class 1: Serve 3,999 or less",6,7,Yes,1500,Biblionix Apollo,Yes,Biblionix,Yes,Yes,No,Yes,Yes,Yes,No
20,MI0099,Elk Township Library,"Class 1: Serve 3,999 or less",1,2,No,0,0,No,0,Yes,No,No,No,Yes,No,No
21,MI0100,Elsie Public Library,"Class 1: Serve 3,999 or less",4,5,Yes,3000,Auto-graphics,Yes,Auto-gfraphics,Yes,Yes,No,Yes,Yes,Yes,Yes
22,MI0103,Fairgrove District Library,"Class 1: Serve 3,999 or less",3,8,Yes,6700,Auto Graphics Verso,Yes,Auto Graphics Verso,No,No,No,No,Yes,Yes,Yes
23,MI0109,Fife Lake Public Library,"Class 1: Serve 3,999 or less",5,7,Yes,0,Evergreen,Yes,Evergreen,Yes,Yes,No,Yes,Yes,Yes,Yes
24,MI0115,Franklin Public Library,"Class 1: Serve 3,999 or less",3,4,Yes,24991,Carl,Yes,Carl,Yes,Yes,No,Yes,Yes,No,No
25,MI0120,Galien Township Public Library,"Class 1: Serve 3,999 or less",2,8,Yes,550,Follett Destiny,Yes,Follett Destiny,Yes,Yes,No,No,Yes,Yes,Yes
26,MI0376,George W. Spindler Memorial Library,"Class 1: Serve 3,999 or less",1,1,Yes,95,ResourceMate,Yes,ResourceMate,Yes,No,No,No,Yes,Yes,Yes
27,MI0128,Glen Lake Community Library,"Class 1: Serve 3,999 or less",3,4,Yes,2400,NuGen,Yes,NuGen,Yes,Yes,No,No,Yes,Yes,Yes
28,MI0436,Goodland Township Library,"Class 1: Serve 3,999 or less",1,2,Yes,3000,Book System/Atriuum,Yes,OPAC,No,Yes,No,No,Yes,Yes,Yes
29,MI0155,Homer Public Library,"Class 1: Serve 3,999 or less",5,14,Yes,622,Follett,Yes,Follett,Yes,Yes,No,No,Yes,Yes,Yes
30,MI0167,Indian River Area Library,"Class 1: Serve 3,999 or less",3,4,Yes,2500,Atrium,Yes,Atrium,Yes,Yes,No,No,Yes,Yes,No
31,MI0187,Lake Linden-Hubbell School/Public Library,"Class 1: Serve 3,999 or less",2,16,Yes,5000,Sirsi/Dynix,Yes,Sirsi/Dynix,Yes,Yes,No,Yes,Yes,Yes,Yes
32,MI0191,Lawrence Memorial Public Library,"Class 1: Serve 3,999 or less",3,2,Yes,450,Library World,Yes,Library World,No,Yes,No,No,Yes,Yes,Yes
33,MI0192,Lawton Public Library,"Class 1: Serve 3,999 or less",4,7,Yes,5000,apollo biblionix,Yes,Apollo Biblionix,Yes,Yes,No,No,Yes,Yes,Yes
34,MI0193,Leelanau Township Library,"Class 1: Serve 3,999 or less",4,8,Yes,3699,Biblionix Apollo,Yes,Biblionix Apollo,Yes,Yes,No,No,Yes,Yes,Yes
35,MI0197,LeRoy Community Library,"Class 1: Serve 3,999 or less",1,4,Yes,2551,Verso,Yes,Verso,No,Yes,No,No,Yes,Yes,Yes
36,MI0199,Litchfield District Library,"Class 1: Serve 3,999 or less",3,5,Yes,2000,Follett Destiny,Yes,Follett Destiny,No,Yes,No,No,Yes,Yes,Yes
37,MI0205,Lyons Township District Library,"Class 1: Serve 3,999 or less",4,5,Yes,3200,Verso,Yes,Verso,Yes,Yes,No,Yes,Yes,No,No
38,MI0207,Mackinac Island Public Library,"Class 1: Serve 3,999 or less",2,4,Yes,2700,SIRSI,Yes,SIRSI,No,Yes,No,Yes,Yes,Yes,Yes
39,MI0215,Maple Rapids Public Library,"Class 1: Serve 3,999 or less",3,4,Yes,375,,Yes,,Yes,Yes,No,No,Yes,No,Yes
40,MI0227,Merrill District Library,"Class 1: Serve 3,999 or less",4,7,Yes,2500,Auto-Graphics,Yes,Verso,Yes,Yes,No,No,Yes,Yes,Yes
41,MI0238,Mulliken District Library,"Class 1: Serve 3,999 or less",4,3,Yes,0,,Yes,,Yes,Yes,No,No,Yes,Yes,No
42,MI0247,North Branch Township Library,"Class 1: Serve 3,999 or less",4,12,Yes,8409,Sirsi Dynix,Yes,Sirsi Dynix ,Yes,Yes,No,Yes,Yes,Yes,Yes
43,MI0254,Ontonagon Township Library,"Class 1: Serve 3,999 or less",3,13,Yes,3800,SirsiDynix,Yes,SirsiDynix,Yes,Yes,No,Yes,Yes,Yes,Yes
44,MI0256,Osceola Township School Public Library,"Class 1: Serve 3,999 or less",1,4,Yes,2500,,Yes,,No,Yes,No,Yes,Yes,No,No
45,MI0267,Pentwater Township Library,"Class 1: Serve 3,999 or less",5,12,Yes,2000,Biblionix,Yes,Biblionix,Yes,Yes,No,No,Yes,Yes,Yes
46,MI0427,Ray Township Public Library,"Class 1: Serve 3,999 or less",3,6,Yes,0,Syrsi Dynix Unicorn,Yes,Syrsi Dynix Unicorn,Yes,Yes,No,Yes,Yes,Yes,Yes
47,MI0285,Republic-Michigamme Public Library,"Class 1: Serve 3,999 or less",1,2,No,0,,No,,No,No,No,No,Yes,No,No
48,MI0287,Richfield Township Public Library,"Class 1: Serve 3,999 or less",2,7,Yes,2500,NuGen System,Yes,NuGen System,Yes,Yes,No,No,Yes,Yes,No
49,MI0289,Richland Township Library,"Class 1: Serve 3,999 or less",4,16,Yes,3000,,Yes,,No,Yes,No,No,Yes,Yes,Yes
50,MI0291,Richmond Township Library,"Class 1: Serve 3,999 or less",1,8,No,0,,No,,No,No,No,No,Yes,Yes,Yes
51,MI0305,Schoolcraft Community Library,"Class 1: Serve 3,999 or less",8,10,Yes,1500,Destiny Follett,Yes,Destiny Follett,Yes,Yes,No,No,Yes,Yes,Yes
52,MI0307,Seville Township Public Library,"Class 1: Serve 3,999 or less",2,5,Yes,1700,Auto-Graphics,Yes,Auto-Graphics,Yes,Yes,No,No,Yes,Yes,Yes
53,MI0311,Sleeper Public Library,"Class 1: Serve 3,999 or less",2,5,Yes,5000,Follett Destiny,Yes,Follett Destiny,Yes,Yes,No,No,Yes,Yes,Yes
54,MI0312,Sodus Township Library,"Class 1: Serve 3,999 or less",2,2,Yes,3175,Agent-Verso,Yes,Agent-Verso,Yes,Yes,No,No,Yes,Yes,Yes
55,MI0327,Sunfield District Library,"Class 1: Serve 3,999 or less",2,6,Yes,890,Book Systems,Yes,Book Systems,Yes,Yes,No,No,Yes,Yes,Yes
56,MI0334,Tekonsha Township Public Library,"Class 1: Serve 3,999 or less",2,7,Yes,1700,AutoGrapics,Yes,AutoGraphics,Yes,Yes,No,No,Yes,Yes,Yes
57,MI0341,Topinabee Public Library,"Class 1: Serve 3,999 or less",1,5,Yes,300, ALEXANDRIA,Yes, ALEXANDRIA,No,No,No,No,Yes,Yes,Yes
58,MI0346,Vermontville Township Library,"Class 1: Serve 3,999 or less",4,7,Yes,850,Atriuum Book Systems,Yes,Atriuum,Yes,Yes,No,No,Yes,Yes,Yes
59,MI0350,Wakefield Public Library,"Class 1: Serve 3,999 or less",2,6,Yes,3750,SirsiDynix,Yes,SirsiDynix,Yes,Yes,No,Yes,Yes,Yes,Yes
60,MI0351,Waldron District Library,"Class 1: Serve 3,999 or less",2,6,Yes,1100,Follett-Destiny,Yes,Follett-Destiny,No,No,No,No,Yes,Yes,Yes
61,MI0352,Walkerville Public/School Library,"Class 1: Serve 3,999 or less",1,2,Yes,1202,Auto Graphics,Yes,Auto Graphics,No,No,Yes,No,Yes,No,No
62,MI0359,Watertown Township Library,"Class 1: Serve 3,999 or less",1,2,No,3500,,Yes,,No,No,No,No,Yes,Yes,Yes
63,MI0365,Wheatland Township Library,"Class 1: Serve 3,999 or less",2,2,No,0,,No,,No,No,No,No,Yes,Yes,No
64,MI0369,Whitefish Township Community Library,"Class 1: Serve 3,999 or less",2,4,Yes,2500,Sirsi,Yes,Sirsi,No,Yes,No,Yes,Yes,Yes,Yes
65,MI0375,Wolverine Community Library,"Class 1: Serve 3,999 or less",3,4,Yes,0,athena,Yes,athena,No,No,No,No,No,No,No
66,MI0405,Addison Township Public Library,"Class 2: Serve 4,000-6,999",4,6,Yes,23000,Carl,Yes,Carl,Yes,Yes,No,Yes,Yes,Yes,Yes
67,MI0149,Almont District Library,"Class 2: Serve 4,000-6,999",8,12,Yes,6800,VLC/Sirsi,Yes,VLC/Sirsi,Yes,Yes,No,Yes,Yes,Yes,Yes
68,MI0013,Armada Free Public Library,"Class 2: Serve 4,000-6,999",7,10,Yes,30000,Sirsi,Yes,Sirsi,Yes,Yes,No,Yes,Yes,Yes,No
69,MI0014,Athens Community Library,"Class 2: Serve 4,000-6,999",2,4,Yes,1043,Follett,Yes,Follett,Yes,Yes,No,Yes,Yes,Yes,Yes
70,MI0018,Bad Axe District Library,"Class 2: Serve 4,000-6,999",6,10,Yes,2288,Auto-Graphics,Yes,Auto-Graphics,Yes,Yes,No,No,Yes,Yes,No
71,MI0020,Barryton Public Library,"Class 2: Serve 4,000-6,999",5,15,Yes,1500,Atriuum by Book Systems,Yes,Atriuum,Yes,Yes,No,No,Yes,Yes,Yes
72,MI0032,Bessemer Public Library,"Class 2: Serve 4,000-6,999",2,6,Yes,2708,SirsiDynix,Yes,Enterprise,Yes,Yes,No,Yes,Yes,Yes,No
73,MI0042,Bridgman Public Library,"Class 2: Serve 4,000-6,999",14,14,Yes,3500,The Library Corporation (TLC),Yes,The Library Corporation,Yes,Yes,No,Yes,Yes,Yes,Yes
74,MI0044,Brown City Public Library,"Class 2: Serve 4,000-6,999",1,3,No,0,,No,,Yes,No,No,No,Yes,Yes,Yes
75,MI0051,Camden Township Library,"Class 2: Serve 4,000-6,999",2,8,Yes,1000,Follett,Yes,Follett,Yes,Yes,No,No,Yes,Yes,Yes
76,MI0066,Coleman Area Library,"Class 2: Serve 4,000-6,999",4,9,Yes,3017,TLC,Yes,Citrix,Yes,Yes,No,Yes,Yes,Yes,Yes
77,MI0071,Constantine Township Library,"Class 2: Serve 4,000-6,999",4,11,Yes,33050,Evolve ,Yes,Infovision,Yes,Yes,No,No,Yes,Yes,No
78,MI0080,Deckerville Public Library,"Class 2: Serve 4,000-6,999",4,4,Yes,1200,Biblionix,Yes,Biblionix (Apollo),Yes,Yes,No,No,Yes,Yes,Yes
79,MI0373,Dorothy Hull Library - Windsor Township,"Class 2: Serve 4,000-6,999",2,5,Yes,2572,AutoGraphics (Verso),Yes,AutoGraphics (Verso),Yes,Yes,No,No,Yes,Yes,Yes
80,MI0088,Dowling Public Library,"Class 2: Serve 4,000-6,999",3,6,Yes,1790,Atriuum,Yes,Atriuum,Yes,Yes,No,No,Yes,Yes,Yes
81,MI0089,Dryden Township Library,"Class 2: Serve 4,000-6,999",6,10,Yes,6252,Sirsi Dynix Horizon,Yes,Sirsi Dynix Horizon,Yes,Yes,No,Yes,Yes,Yes,Yes
82,MI0098,Elk Rapids District Library,"Class 2: Serve 4,000-6,999",6,9,Yes,2000,Book Systems,Yes,Book Systems,Yes,Yes,No,No,Yes,Yes,Yes
83,MI0112,Forsyth Township Public Library,"Class 2: Serve 4,000-6,999",4,11,Yes,4621,SirsiDynix,Yes,SirsiDynix,Yes,Yes,No,Yes,Yes,Yes,Yes
84,MI0117,Freeport District Library,"Class 2: Serve 4,000-6,999",3,3,Yes,6848,Innovated Sierra,Yes,Innovative Sierra,Yes,Yes,No,Yes,Yes,Yes,Yes
85,MI0140,Harbor Beach Area District Library,"Class 2: Serve 4,000-6,999",5,10,Yes,2000,Biblionix,Yes,Biblionix,Yes,Yes,No,No,Yes,Yes,Yes
86,MI0144,Hartford Public Library,"Class 2: Serve 4,000-6,999",5,16,Yes,2650,Auto-graphics Verso,Yes,Auto-graphics Verso,Yes,Yes,No,No,Yes,Yes,Yes
87,MI0151,Hesperia Community Library,"Class 2: Serve 4,000-6,999",7,21,Yes,13400,"Innovative Interfaces, Inc, ",Yes,"Innovative Interfaces, Inc, ",Yes,Yes,Yes,Yes,Yes,Yes,Yes
88,MI0154,Home Township Library,"Class 2: Serve 4,000-6,999",2,9,Yes,10598,Sierra,Yes,Sierra,Yes,Yes,No,Yes,Yes,Yes,Yes
89,MI0157,Hopkins District Library,"Class 2: Serve 4,000-6,999",2,8,Yes,14200,Sierra,Yes,Sierra,Yes,Yes,No,Yes,Yes,No,Yes
90,MI0159,Howe Memorial Library,"Class 2: Serve 4,000-6,999",4,6,Yes,2247,Auto-Graphics,Yes,Auto-Graphics,Yes,Yes,No,Yes,Yes,No,No
91,MI0161,Hudson Carnegie District Library,"Class 2: Serve 4,000-6,999",3,5,Yes,2200,Book Systems Atriuum,Yes,Book Systems Atriuum,Yes,Yes,No,No,Yes,Yes,Yes
92,MI0170,Interlochen Public Library,"Class 2: Serve 4,000-6,999",6,12,Yes,0,Evergreen,Yes,Evergreen,Yes,Yes,Yes,Yes,Yes,Yes,No
93,MI0172,Ironwood Carnegie Library,"Class 2: Serve 4,000-6,999",3,8,Yes,5500,Sirsi,Yes,Sirsi,Yes,Yes,No,Yes,Yes,Yes,Yes
94,MI0174,J. C. Wheeler Public Library,"Class 2: Serve 4,000-6,999",2,6,Yes,700,Insignia Software,Yes,Insignia Software,No,Yes,No,No,Yes,Yes,Yes
95,MI0176,Jacquelin E. Opperman Memorial Library,"Class 2: Serve 4,000-6,999",2,8,Yes,1370,Follett Destiny,Yes,Follett Destiny,Yes,Yes,No,No,Yes,Yes,Yes
96,MI0178,Jonesville District Library,"Class 2: Serve 4,000-6,999",4,5,Yes,2540,Book Systems Atriuum,Yes,Book Systems Atriuum,Yes,Yes,No,No,Yes,Yes,Yes
97,MI0179,Jordan Valley District Library,"Class 2: Serve 4,000-6,999",6,32,Yes,23000,SirsiDynix,Yes,Horizon,Yes,Yes,No,No,Yes,Yes,No
98,MI0188,Lake Odessa Community Library,"Class 2: Serve 4,000-6,999",7,23,Yes,13500,sierra,Yes,innovative interfaces,Yes,Yes,No,Yes,Yes,Yes,Yes
99,MI0422,Leighton Township Library,"Class 2: Serve 4,000-6,999",8,10,Yes,16000,Innovative Interfaces-Sierra,Yes,Innovative Interfaces-Encore,Yes,Yes,No,Yes,Yes,Yes,No
100,MI0194,Leland Township Public Library,"Class 2: Serve 4,000-6,999",7,8,Yes,2130,Biblionix/Apollo,Yes,Biblionix/Apollo,Yes,Yes,No,No,Yes,Yes,Yes
101,MI0203,Luther Area Public Library,"Class 2: Serve 4,000-6,999",4,14,Yes,7000,Verso,Yes,Verso,Yes,Yes,No,No,Yes,Yes,Yes
102,MI0206,M. Alice Chapin Memorial Library,"Class 2: Serve 4,000-6,999",3,7,Yes,750,Auto-Graphics Verso,Yes,Auto-Graphics Verso,Yes,Yes,No,No,Yes,Yes,Yes
103,MI0208,Mackinaw Area Public Library,"Class 2: Serve 4,000-6,999",7,6,Yes,8000,Sirsi/Dynix,Yes,Bibliocommons,Yes,Yes,No,Yes,Yes,Yes,Yes
104,MI0211,Mancelona Township Library,"Class 2: Serve 4,000-6,999",3,11,Yes,5000,NuGen/Cloudnet,Yes,NuGen/Cloudnet,Yes,No,No,No,Yes,Yes,Yes
105,MI0216,Marcellus Township Wood Memorial Library,"Class 2: Serve 4,000-6,999",5,7,Yes,2000,Apollo,Yes,Apollo,Yes,Yes,No,Yes,Yes,Yes,Yes
106,MI0217,Marlette District Library,"Class 2: Serve 4,000-6,999",3,3,Yes,5500,Dynix/Horizon,Yes,Dynix/Horizon,Yes,Yes,No,Yes,Yes,Yes,Yes
107,MI0221,Mayville District Public Library,"Class 2: Serve 4,000-6,999",4,6,Yes,3100,Autographics,Yes,Autographics,Yes,Yes,No,No,Yes,Yes,Yes
108,MI0418,McBain Community Library,"Class 2: Serve 4,000-6,999",3,22,Yes,3386,VERSO-Auto-Graphics,Yes,VERSO Auto-Graphics,Yes,Yes,No,No,Yes,No,No
109,MI0225,Mendon Township Library,"Class 2: Serve 4,000-6,999",2,6,Yes,1590,Atriuum,No,Atriuum,Yes,Yes,No,No,Yes,Yes,No
110,MI0235,Moore Public Library,"Class 2: Serve 4,000-6,999",3,8,Yes,2800,Autographics,Yes,Autographics,Yes,Yes,No,No,Yes,Yes,Yes
111,MI0236,Morton Township Public Library,"Class 2: Serve 4,000-6,999",10,34,Yes,2690,Auto-Graphics,Yes,Auto-Graphics,Yes,Yes,Yes,No,Yes,Yes,No
112,MI0243,New Buffalo Township Public Library,"Class 2: Serve 4,000-6,999",10,21,Yes,2300,Biblionix Apollo,Yes,Biblionix,Yes,Yes,Yes,Yes,Yes,Yes,Yes
113,MI0244,Newaygo Area District Library,"Class 2: Serve 4,000-6,999",8,10,Yes,12618,Sierra Integrated Library,Yes,Encore,Yes,Yes,No,Yes,Yes,Yes,Yes
114,MI0246,North Adams Community Memorial Library,"Class 2: Serve 4,000-6,999",2,2,Yes,803,Auto-Graphics,Yes,Auto-Graphics,Yes,Yes,No,No,Yes,No,Yes
115,MI0249,Nottawa Township Library,"Class 2: Serve 4,000-6,999",7,7,Yes,900,Follett,Yes,Follett,Yes,Yes,No,Yes,Yes,Yes,Yes
116,MI0260,Ovid Public Library,"Class 2: Serve 4,000-6,999",5,5,Yes,4500,Auto-Graphics,Yes,Auto-Graphics,Yes,Yes,No,No,Yes,Yes,Yes
117,MI0264,Pathfinder Community Library,"Class 2: Serve 4,000-6,999",4,14,Yes,6000,Verso,Yes,Verso,Yes,Yes,No,Yes,Yes,Yes,Yes
118,MI0266,Peninsula Community Library,"Class 2: Serve 4,000-6,999",4,12,Yes,0,Evergreen,Yes,Evergreen,Yes,Yes,No,Yes,Yes,Yes,Yes
119,MI0270,Pigeon District Library,"Class 2: Serve 4,000-6,999",5,10,Yes,8500,Sirsi-Dynix,Yes,Valley Library Consortium,Yes,Yes,No,Yes,Yes,Yes,Yes
120,MI0272,Pittsford Public Library,"Class 2: Serve 4,000-6,999",2,7,Yes,1500,Atriuum,Yes,Atriuum,Yes,Yes,No,No,Yes,Yes,No
121,MI0275,Port Austin Township Library,"Class 2: Serve 4,000-6,999",2,8,Yes,2000,auto graphics,Yes,auto graphics,No,Yes,No,Yes,Yes,Yes,Yes
122,MI0028,Potterville-Benton Township District Library,"Class 2: Serve 4,000-6,999",3,7,Yes,2778,Auto-Graphics - VERSO,Yes,Auto-Graphics - VERSO,Yes,Yes,No,No,Yes,Yes,Yes
123,MI0280,Putnam District Library,"Class 2: Serve 4,000-6,999",3,8,Yes,1400,Biblionix,Yes,Biblionix,Yes,Yes,No,No,Yes,Yes,Yes
124,MI0281,Rauchholz Memorial Library,"Class 2: Serve 4,000-6,999",4,10,Yes,2000,Biblionix Apollo,Yes,Biblionix Apollo,Yes,Yes,No,No,Yes,Yes,No
125,MI0283,Reading Community Library,"Class 2: Serve 4,000-6,999",2,10,Yes,3000,Auto-graphics,Yes,Auto-graphics,No,Yes,No,No,Yes,Yes,Yes
126,MI0380,Reese Unity District Library,"Class 2: Serve 4,000-6,999",3,8,Yes,2500,,Yes,,Yes,Yes,No,No,Yes,Yes,No
127,MI0064,River Rapids District Library,"Class 2: Serve 4,000-6,999",4,17,Yes,7000,SirsiDynix,Yes,SirsiDynix,Yes,Yes,No,Yes,Yes,Yes,Yes
128,MI0125,Roscommon Area District Library,"Class 2: Serve 4,000-6,999",5,26,Yes,3000,SIRSI,Yes,SIRSI,Yes,Yes,No,Yes,Yes,Yes,Yes
129,MI0323,Saint Ignace Public Library,"Class 2: Serve 4,000-6,999",3,15,Yes,5000,SirsiDynix,Yes,SirsiDynix,Yes,Yes,No,Yes,Yes,Yes,Yes
130,MI0302,Sanilac District Library,"Class 2: Serve 4,000-6,999",7,9,Yes,2200,Auto-Graphics Verso,Yes,Auto-Graphics Verso,Yes,Yes,No,Yes,Yes,Yes,Yes
131,MI0304,Saugatuck-Douglas District Library,"Class 2: Serve 4,000-6,999",6,18,Yes,12000,Innovative Sierra,Yes,Innovative Encore,Yes,Yes,No,Yes,Yes,Yes,No
132,MI9007,Sebewaing Township Library,"Class 2: Serve 4,000-6,999",5,7,Yes,1700,Biblionix,Yes,Biblionix,Yes,Yes,No,No,Yes,Yes,Yes
133,MI0432,Sherman Township Library,"Class 2: Serve 4,000-6,999",2,5,Yes,2600,VERSO Auto-Graphics,Yes,VERSO Auto-Graphics,Yes,Yes,No,No,Yes,Yes,Yes
134,MI0324,Stair District Library,"Class 2: Serve 4,000-6,999",7,25,Yes,2800,Autographics-Verso,Yes,Autographics-Verso,Yes,Yes,No,No,Yes,Yes,Yes
135,MI0329,Suttons Bay-Bingham District Library,"Class 2: Serve 4,000-6,999",5,8,Yes,12000,Traverse Area District Library,Yes,Traverse Area District Library,Yes,Yes,No,No,Yes,Yes,Yes
136,MI0332,Taymouth Township Library,"Class 2: Serve 4,000-6,999",2,6,Yes,1200,Atriuum,Yes,Atriuum,No,Yes,No,Yes,Yes,No,No
137,MI0110,Thomas E. Fleschner Memorial Library,"Class 2: Serve 4,000-6,999",2,8,Yes,1500,Atriuum,Yes,MeL Catalog,Yes,Yes,No,Yes,Yes,Yes,Yes
138,MI0339,Three Oaks Township Public Library,"Class 2: Serve 4,000-6,999",4,8,Yes,1600,Biblionix/Apollo,Yes,Biblionix/Apollo,Yes,Yes,No,Yes,Yes,Yes,Yes
139,MI0344,Utica Public Library,"Class 2: Serve 4,000-6,999",3,5,Yes,14000,Sirsi/Dynix,Yes,Sirsi/Dynic,Yes,Yes,No,Yes,Yes,Yes,Yes
140,MI0347,Vernon District Public Library,"Class 2: Serve 4,000-6,999",3,8,Yes,1000,Book Systems,Yes,Book Systems,Yes,Yes,No,No,Yes,Yes,Yes
141,MI0353,Walled Lake City Library,"Class 2: Serve 4,000-6,999",8,13,Yes,29000,TLC,Yes,CARL,Yes,Yes,No,Yes,Yes,Yes,No
142,MI0360,Watervliet District Library,"Class 2: Serve 4,000-6,999",5,10,Yes,1600,Apollo,Yes,Apollo,Yes,Yes,No,Yes,Yes,Yes,Yes
143,MI0367,White Pigeon Township Library,"Class 2: Serve 4,000-6,999",7,14,Yes,3500,Infovision - Evolve,Yes,Infovision - Evolve,Yes,Yes,No,No,Yes,Yes,Yes
144,MI0372,Aitkin Memorial District Library,"Class 3: Serve 7,000-11,999",5,10,Yes,2000,Autographics,Yes,Autographics,Yes,Yes,No,No,Yes,Yes,No
145,MI0407,Alanson Area Public Library,"Class 3: Serve 7,000-11,999",2,9,Yes,3682,Sirsi,Yes,Sirsi,Yes,Yes,No,Yes,Yes,Yes,No
146,MI0408,Albion District Library,"Class 3: Serve 7,000-11,999",20,32,Yes,2400,Biblionix - Apollo,Yes,Biblionix - Apollo,Yes,Yes,No,No,Yes,Yes,Yes
147,MI0409,Alcona County Library,"Class 3: Serve 7,000-11,999",12,45,Yes,14000,Sirsi Dynix,Yes,sirsi Dynix,Yes,Yes,No,Yes,Yes,Yes,Yes
148,MI0412,Alma Public Library,"Class 3: Serve 7,000-11,999",7,18,Yes,8400,TLC,Yes,TLC,Yes,Yes,No,No,Yes,Yes,No
149,MI0010,Alvah N. Belding Memorial Library,"Class 3: Serve 7,000-11,999",9,21,Yes,25000,Sierra,Yes,Encore,Yes,Yes,Yes,Yes,Yes,Yes,Yes
150,MI0016,Augusta-Ross Township District Library,"Class 3: Serve 7,000-11,999",2,5,Yes,1500,Biblionix,Yes,Biblionix,Yes,Yes,No,No,Yes,Yes,No
151,MI9026,Bath Township Public Library,"Class 3: Serve 7,000-11,999",4,6,Yes,800,Apollo,Yes,Apollo,Yes,Yes,No,No,Yes,Yes,No
152,MI0031,Berrien Springs Community Library,"Class 3: Serve 7,000-11,999",11,23,Yes,3644,Biblionix,Yes,Biblionix,Yes,Yes,No,Yes,Yes,Yes,Yes
153,MI0036,Blair Memorial Library,"Class 3: Serve 7,000-11,999",6,17,Yes,33212,TLC Carl,Yes,TLC Carl,Yes,Yes,No,Yes,Yes,Yes,Yes
154,MI0038,Boyne District Library,"Class 3: Serve 7,000-11,999",9,22,Yes,13000,Sirsi,Yes,Bibliocommons,Yes,Yes,Yes,Yes,Yes,Yes,Yes
155,MI0045,Buchanan District Library,"Class 3: Serve 7,000-11,999",11,16,Yes,2876.5,Biblionix,Yes,Biblionix,Yes,Yes,Yes,Yes,Yes,Yes,Yes
156,MI0046,Bullard Sanford Memorial Library,"Class 3: Serve 7,000-11,999",6,25,Yes,4068,,Yes,,Yes,Yes,No,No,Yes,Yes,Yes
157,MI0050,Calumet Public School Library,"Class 3: Serve 7,000-11,999",4,25,Yes,7489,,Yes,,Yes,Yes,No,Yes,Yes,No,Yes
158,MI0168,Caro Area District Library,"Class 3: Serve 7,000-11,999",10,21,Yes,12113,SirsiDynix,Yes,SirsiDynix,Yes,Yes,No,Yes,Yes,Yes,Yes
159,MI0054,Carson City Public Library,"Class 3: Serve 7,000-11,999",6,19,Yes,10000,Innovative,Yes,Innovative,Yes,Yes,No,Yes,Yes,Yes,Yes
160,MI0056,Cedar Springs Public Library,"Class 3: Serve 7,000-11,999",5,14,Yes,21276,Sierra,Yes,Sierra,Yes,Yes,No,Yes,Yes,Yes,Yes
161,MI0057,Center Line Public Library,"Class 3: Serve 7,000-11,999",5,10,Yes,20000,SirsiDynix,Yes,SirsiDynix Enterprise,Yes,Yes,No,Yes,Yes,Yes,Yes
162,MI0060,Charlevoix Public Library,"Class 3: Serve 7,000-11,999",23,31,Yes,10900,SirsiDynix,Yes,Bibliocommons,Yes,Yes,Yes,Yes,Yes,Yes,Yes
163,MI0072,Coopersville Area District Library,"Class 3: Serve 7,000-11,999",7,18,Yes,15047,Sierra,Yes,Innovative,Yes,Yes,No,Yes,Yes,Yes,Yes
164,MI0081,Delton District Library,"Class 3: Serve 7,000-11,999",5,12,Yes,600,Auto-Graphics,Yes,Verso,Yes,Yes,No,Yes,Yes,Yes,Yes
165,MI0086,Dorr Township Library,"Class 3: Serve 7,000-11,999",5,10,Yes,14300,Sierra,Yes,Sierra,Yes,Yes,No,Yes,Yes,No,Yes
166,MI0095,Eau Claire District Library,"Class 3: Serve 7,000-11,999",6,14,Yes,1700,Apollo,Yes,Apollo,Yes,Yes,No,Yes,Yes,Yes,Yes
167,MI9021,Ecorse Public Library,"Class 3: Serve 7,000-11,999",3,13,Yes,57420,Carl,Yes,Carl ,Yes,Yes,No,Yes,Yes,Yes,No
168,MI0102,Evart Public Library,"Class 3: Serve 7,000-11,999",4,10,Yes,3000,verso,Yes,verso,No,Yes,No,Yes,Yes,Yes,Yes
169,MI0177,Frankenmuth James E. Wickson District Library,"Class 3: Serve 7,000-11,999",9,18,Yes,3600,auto-graphics,Yes,Auto-graphics,Yes,Yes,No,No,Yes,Yes,Yes
170,MI0119,Galesburg-Charleston Memorial District Library,"Class 3: Serve 7,000-11,999",4,7,Yes,2800,Biblionix,Yes,Biblionix,Yes,Yes,No,No,Yes,Yes,Yes
171,MI0162,Gary Byker Memorial Library of Hudsonville,"Class 3: Serve 7,000-11,999",13,14,Yes,20282,III,Yes,III,Yes,Yes,Yes,Yes,Yes,Yes,Yes
172,MI0126,Gladstone School & Public Library,"Class 3: Serve 7,000-11,999",4,22,Yes,8500,Sirsi/Dynix,Yes,Sirsi/Dynix Enterprise,Yes,Yes,No,Yes,Yes,No,No
173,MI0132,Grant Area District Library,"Class 3: Serve 7,000-11,999",7,13,Yes,6113,"Innovative Interfaces, Inc.",Yes,Lakleand Library Cooperative,Yes,Yes,No,Yes,Yes,Yes,Yes
174,MI0143,Hart Area Public Library,"Class 3: Serve 7,000-11,999",7,14,Yes,2739,Auto-Graphics Verso,Yes,Auto-Graphics Verso,Yes,Yes,No,No,Yes,Yes,Yes
175,MI0148,Henika District Library,"Class 3: Serve 7,000-11,999",5,14,Yes,8000,Sierra,Yes,Encore / Capira app,Yes,Yes,Yes,Yes,Yes,Yes,Yes
176,MI0232,Hillsdale Community Library,"Class 3: Serve 7,000-11,999",5,16,Yes,1650,Auto Graphics,Yes,Auto Graphics,No,Yes,No,No,Yes,Yes,Yes
177,MI0163,Huntington Woods Public Library,"Class 3: Serve 7,000-11,999",6,10,Yes,45000,TLC,Yes,TLC,Yes,Yes,Yes,Yes,Yes,Yes,No
178,MI0186,Laingsburg Public Library,"Class 3: Serve 7,000-11,999",3,6,Yes,2500,Evergreen,Yes,Evergreen,Yes,Yes,No,Yes,Yes,Yes,Yes
179,MI0184,L'Anse Area School-Public Library,"Class 3: Serve 7,000-11,999",2,20,Yes,1863,SIRSY/DYNIX,Yes,Ibistro,Yes,Yes,No,Yes,Yes,No,No
180,MI0196,Lenox Township Library,"Class 3: Serve 7,000-11,999",5,10,Yes,20000,Sirsi,Yes,Sirsi,Yes,Yes,No,Yes,Yes,Yes,Yes
181,MI0290,Lois Wagner Memorial Library,"Class 3: Serve 7,000-11,999",7,13,Yes,11893,SIRSI/DYNIX,Yes,SIRSI/DYNIX,Yes,Yes,No,Yes,Yes,Yes,Yes
182,MI0212,Manchester District Library,"Class 3: Serve 7,000-11,999",11,11,Yes,30000,CarlX,Yes,CarlX,Yes,Yes,No,Yes,Yes,Yes,Yes
183,MI0214,Manistique School & Public Library,"Class 3: Serve 7,000-11,999",3,38,Yes,11000,Sirsi/Dynix,Yes,Sirsi/Dynix,Yes,Yes,Yes,Yes,Yes,No,Yes
184,MI9018,Melvindale Public Library,"Class 3: Serve 7,000-11,999",2,17,Yes,32415,CarlX,Yes,Carl Discovery,Yes,Yes,No,Yes,Yes,Yes,Yes
185,MI0230,Millington Arbela District Library,"Class 3: Serve 7,000-11,999",4,10,Yes,2000,Biblionix,Yes,Apollo,Yes,Yes,No,No,Yes,Yes,Yes
186,MI0234,Montmorency County Public Libraries,"Class 3: Serve 7,000-11,999",8,30,Yes,8000,Sirsi,Yes,Sirsi,Yes,Yes,No,Yes,Yes,Yes,Yes
187,MI0239,Munising School Public Library,"Class 3: Serve 7,000-11,999",6,17,Yes,2800,Sirsi/Dynix Symphony,Yes,Enterprise,Yes,Yes,No,Yes,Yes,Yes,Yes
188,MI0241,Negaunee Public Library,"Class 3: Serve 7,000-11,999",3,12,Yes,5640,SirsiDynix,Yes,SirsiDynix,Yes,Yes,No,Yes,Yes,Yes,Yes
189,MI0379,Northfield Township Area Library,"Class 3: Serve 7,000-11,999",12,18,Yes,6500,The Library Corporation ,Yes,The Library Corporation,No,Yes,No,No,Yes,Yes,Yes
190,MI0257,Oscoda County Library,"Class 3: Serve 7,000-11,999",6,8,Yes,3485,Evergreen,Yes,Evergreen,No,Yes,No,Yes,Yes,Yes,Yes
191,MI0263,Parchment Community Library,"Class 3: Serve 7,000-11,999",11,13,Yes,2765,Biblionix Apollo,Yes,Biblionix Apollo,Yes,Yes,No,No,Yes,No,Yes
192,MI9012,Patmos Library,"Class 3: Serve 7,000-11,999",6,12,Yes,15500,Sierra,Yes,Sierra,Yes,Yes,No,Yes,Yes,Yes,Yes
193,MI0122,Pere Marquette District Library,"Class 3: Serve 7,000-11,999",10,27,Yes,6000,The Library Corporation (TLC),Yes,The Library Corporation (TLC),Yes,Yes,No,Yes,Yes,Yes,Yes
194,MI0271,Pinckney Community Public Library,"Class 3: Serve 7,000-11,999",9,25,Yes,2283,Auto-Graphics Verso,Yes,Auto-Graphics Verso,Yes,Yes,No,No,Yes,Yes,Yes
195,MI0282,Rawson Memorial Library,"Class 3: Serve 7,000-11,999",8,10,Yes,2500,Auto-Graphics,Yes,Auto-Graphics,Yes,Yes,No,No,Yes,Yes,Yes
196,MI0284,Reed City Area District Library,"Class 3: Serve 7,000-11,999",4,15,Yes,2300,Biblionix,Yes,Biblionix,Yes,Yes,No,Yes,Yes,Yes,Yes
197,MI0288,Richland Community Library,"Class 3: Serve 7,000-11,999",12,4,Yes,1200,Book Systems - Atriuum,Yes,Book Systems - Atriuum,Yes,Yes,No,No,Yes,Yes,Yes
198,MI9019,River Rouge Public Library,"Class 3: Serve 7,000-11,999",3,15,Yes,27454,CARL-X,Yes,,Yes,Yes,No,Yes,Yes,Yes,Yes
199,MI0165,Ruth Hughes Memorial District Library,"Class 3: Serve 7,000-11,999",7,19,Yes,12201,SirsiDynix,Yes,SirsiDynix,Yes,Yes,No,Yes,Yes,Yes,Yes
200,MI0320,Saint Charles District Library,"Class 3: Serve 7,000-11,999",6,7,Yes,8700,Sirsi-Dynix Horizon,Yes,Enterprise by SirsiDynix Horizon,Yes,Yes,No,Yes,Yes,No,Yes
201,MI0423,Salem Township Library,"Class 3: Serve 7,000-11,999",4,12,Yes,15361,Sierra,Yes,Sierra,Yes,Yes,No,Yes,Yes,Yes,No
202,MI0301,Sandusky District Library,"Class 3: Serve 7,000-11,999",8,7,Yes,9976,Horizon / Sirsi Dynix w/ Valley Library Consortium,Yes,Horizon / Sirsi Dynix w/ Valley Library Consortium,Yes,Yes,No,Yes,Yes,Yes,Yes
203,MI0303,Saranac Public Library,"Class 3: Serve 7,000-11,999",9,10,Yes,18000,Sierra- Lakeland,Yes,Encore,Yes,Yes,No,Yes,Yes,Yes,Yes
204,MI0428,Schultz-Holmes Memorial Library,"Class 3: Serve 7,000-11,999",8,23,Yes,3600,Auto-Graphics,Yes,Auto-Graphics,Yes,Yes,No,No,Yes,Yes,Yes
205,MI0309,Shelby Area District Library,"Class 3: Serve 7,000-11,999",9,11,Yes,2404,Verso Auto-Graphics,Yes,Verso Auto-Graphics,Yes,Yes,No,No,Yes,Yes,Yes
206,MI0314,South Haven Memorial Library,"Class 3: Serve 7,000-11,999",10,22,Yes,100,Follett,Yes,Follett,Yes,Yes,No,No,Yes,No,Yes
207,MI0317,Sparta Carnegie Township Library,"Class 3: Serve 7,000-11,999",4,11,Yes,15600,Innovative Sierra,Yes,WebPacPro/Innovative,Yes,Yes,No,Yes,Yes,Yes,Yes
208,MI0318,Spies Public Library,"Class 3: Serve 7,000-11,999",8,16,Yes,16600,Sirsi,Yes,Sirsi,Yes,Yes,No,Yes,Yes,Yes,Yes
209,MI0328,Surrey Township Public Library,"Class 3: Serve 7,000-11,999",5,12,Yes,2500,Biblionix,Yes,Biblionix,Yes,Yes,No,Yes,Yes,Yes,Yes
210,MI0330,Tahquamenon Area Public Library,"Class 3: Serve 7,000-11,999",4,18,Yes,6000,SIRSI Dynix,Yes,Bibliocommons,Yes,Yes,No,Yes,Yes,Yes,Yes
211,MI0331,Tamarack District Library,"Class 3: Serve 7,000-11,999",8,7,Yes,6800,Innovative,Yes,Innovative,Yes,Yes,Yes,Yes,Yes,Yes,Yes
212,MI0335,Theodore A. Cutler Memorial Library,"Class 3: Serve 7,000-11,999",6,13,Yes,2632,Auto-Graphics,Yes,Auto-Graphics,Yes,Yes,No,No,Yes,Yes,Yes
213,MI0336,Thomas Township Library,"Class 3: Serve 7,000-11,999",6,15,Yes,1042,follett,Yes,follett,Yes,Yes,No,No,Yes,Yes,No
214,MI0337,Thompson Home Public Library,"Class 3: Serve 7,000-11,999",5,10,Yes,2700,Auto-Graphics Verso,Yes,Auto-Graphics Verso,Yes,Yes,No,No,Yes,Yes,No
215,MI0286,Timothy C. Hauenstein Reynolds Township Library,"Class 3: Serve 7,000-11,999",10,21,Yes,14100,sierra,Yes,encore,Yes,Yes,No,Yes,Yes,Yes,Yes
216,MI0354,Walton Erickson Public Library,"Class 3: Serve 7,000-11,999",2,6,No,900,Atrium Book Systems,No,,No,No,No,Yes,Yes,Yes,Yes
217,MI0363,West Branch District Library,"Class 3: Serve 7,000-11,999",4,14,Yes,10000,Sirsi Dynix,Yes,Sirsi Dynix Enterprise,Yes,Yes,No,Yes,Yes,Yes,Yes
218,MI0364,West Iron District Library,"Class 3: Serve 7,000-11,999",10,34,Yes,8100,Sirsi,Yes,Sirsi,Yes,Yes,No,Yes,Yes,Yes,Yes
219,MI0091,White Cloud Community Library,"Class 3: Serve 7,000-11,999",10,15,Yes,16000,Sierra Innovative ,Yes,Encore ,Yes,Yes,No,Yes,Yes,Yes,Yes
220,MI0370,White Lake Community Library,"Class 3: Serve 7,000-11,999",11,24,Yes,5506,Innovative,Yes,Innovative,Yes,Yes,No,Yes,Yes,Yes,Yes
221,MI0368,White Pine District Library,"Class 3: Serve 7,000-11,999",6,13,Yes,1042,Follett,Yes,Follett,Yes,Yes,No,Yes,Yes,Yes,No
222,MI0406,Adrian District Library,"Class 4: Serve 12,000-25,999",18,40,Yes,4000,Atriuum/BookSystems,Yes,Atriuum/BookSystems,Yes,Yes,No,No,Yes,Yes,No
223,MI0410,Allegan District Library,"Class 4: Serve 12,000-25,999",10,22,Yes,2500,Auto Graphics,Yes,Auto Graphics,No,Yes,Yes,No,Yes,Yes,Yes
224,MI0015,Auburn Hills Public Library,"Class 4: Serve 12,000-25,999",21,26,Yes,30540,,Yes,,Yes,Yes,Yes,Yes,Yes,Yes,No
225,MI0017,Bacon Memorial District Library,"Class 4: Serve 12,000-25,999",15,25,Yes,29000,The Library Corporation,Yes,The Library Corporation,Yes,Yes,Yes,Yes,Yes,Yes,Yes
226,MI0027,Benton Harbor Public Library,"Class 4: Serve 12,000-25,999",15,21,Yes,2100,AutoGraphics,Yes,AutoGraphics,No,Yes,No,No,Yes,Yes,Yes
227,MI0030,Berkley Public Library,"Class 4: Serve 12,000-25,999",12,22,Yes,35700,CARL,Yes,CARL,Yes,Yes,No,Yes,Yes,Yes,Yes
228,MI0035,Big Rapids Community Library,"Class 4: Serve 12,000-25,999",10,22,Yes,3500,Biblionix-Apollo,Yes,Biblionix-Apollo,No,Yes,No,Yes,Yes,Yes,Yes
229,MI0040,Brandon Township Public Library,"Class 4: Serve 12,000-25,999",20,31,Yes,3632,Biblionix/Apollo,Yes,Biblionix/Apollo,Yes,Yes,No,No,Yes,No,No
230,MI0041,Bridgeport Public Library,"Class 4: Serve 12,000-25,999",6,24,Yes,6233,Sirsi Dynix,Yes,Sirsi Dynix,Yes,Yes,No,Yes,Yes,Yes,Yes
231,MI0026,Briggs District Library,"Class 4: Serve 12,000-25,999",10,12,Yes,3788,Auto-graphics,Yes,Auto-graphics,Yes,Yes,Yes,No,Yes,Yes,Yes
232,MI0059,Charles A. Ransom District Library,"Class 4: Serve 12,000-25,999",9,22,Yes,4000,Auto-Graphics,Yes,Auto-Graphics,Yes,Yes,Yes,No,Yes,Yes,Yes
233,MI0061,Charlotte Community Library,"Class 4: Serve 12,000-25,999",18,34,Yes,3425,Auto-Graphics/ Verso,Yes,Auto-Graphics/ Verso,No,Yes,No,No,Yes,Yes,Yes
234,MI0063,Cheboygan Area Public Library,"Class 4: Serve 12,000-25,999",12,21,Yes,9000,Sirsi/Dynix,Yes,Sirsi/Dynix,Yes,Yes,Yes,Yes,Yes,Yes,Yes
235,MI0223,Chelsea District Library,"Class 4: Serve 12,000-25,999",28,48,Yes,37200,TLC's CARL-X,Yes,CARL-X,Yes,Yes,Yes,Yes,Yes,Yes,Yes
236,MI0067,Coloma Public Library,"Class 4: Serve 12,000-25,999",8,16,Yes,3000,Biblionix Apollo,Yes,Biblionix Apollo,Yes,Yes,No,Yes,Yes,Yes,Yes
237,MI0070,Comstock Township Library,"Class 4: Serve 12,000-25,999",18,18,Yes,25000,TLC,Yes,TLC,Yes,Yes,Yes,No,Yes,No,No
238,MI0074,Crawford County Library,"Class 4: Serve 12,000-25,999",11,32,Yes,10000,sirsi,Yes,sirsi,Yes,Yes,No,Yes,Yes,Yes,No
239,MI0106,DeWitt District Library,"Class 4: Serve 12,000-25,999",20,30,Yes,42589,Sirsi Symphony,Yes,Sirsi Symphony,Yes,Yes,Yes,No,Yes,Yes,No
240,MI0084,Dexter District Library,"Class 4: Serve 12,000-25,999",18,24,Yes,51000,TLC,Yes,Carl.connect,Yes,Yes,No,Yes,Yes,Yes,No
241,MI0087,Dowagiac District Library,"Class 4: Serve 12,000-25,999",6,13,Yes,3766,Auto-Graphics,Yes,Auto-Graphics,Yes,Yes,No,No,Yes,Yes,Yes
242,MI0094,Eaton Rapids Area District Library,"Class 4: Serve 12,000-25,999",8,12,Yes,2609,Auto-Graphics,Yes,Auto-Graphics,Yes,Yes,No,No,Yes,Yes,Yes
243,MI0101,Escanaba Public Library,"Class 4: Serve 12,000-25,999",13,25,Yes,19103,SIRSI,Yes,SIRSI,Yes,Yes,No,Yes,Yes,No,Yes
244,MI0107,Fennville District Library,"Class 4: Serve 12,000-25,999",8,10,Yes,7362,Innovative,Yes,Innovative,Yes,Yes,No,Yes,Yes,Yes,Yes
245,MI0108,Ferndale Area District Library,"Class 4: Serve 12,000-25,999",23,37,Yes,37260,CARL,Yes,CARL,Yes,Yes,Yes,Yes,Yes,Yes,Yes
246,MI0133,Flat River Community Library,"Class 4: Serve 12,000-25,999",16,26,Yes,7000,III Sierra,Yes,III Sierra (Encore),Yes,Yes,Yes,Yes,Yes,Yes,Yes
247,MI0421,Flat Rock Public Library,"Class 4: Serve 12,000-25,999",10,15,Yes,39100,CARLX,Yes, LS2 PAC,Yes,Yes,No,Yes,Yes,Yes,Yes
248,MI0113,Fowlerville District Library,"Class 4: Serve 12,000-25,999",10,14,Yes,2000,Biblionix-Apollo,Yes,Biblionix-Apollo,Yes,Yes,No,Yes,Yes,Yes,Yes
249,MI0116,Fraser Public Library,"Class 4: Serve 12,000-25,999",11,10,Yes,39302,Sirsi,Yes,Sirsi,Yes,Yes,No,Yes,Yes,Yes,Yes
250,MI0118,Fremont Area District Library,"Class 4: Serve 12,000-25,999",14,38,Yes,12000,Innovative Interfaces,Yes,Innovative Interfaces,Yes,Yes,No,Yes,Yes,Yes,Yes
251,MI9022,Fruitport District Library,"Class 4: Serve 12,000-25,999",3,2,Yes,16568,"Innovative Interfaces, inc.",Yes,"Innovative Interfaces, Inc.",Yes,Yes,No,Yes,Yes,Yes,Yes
252,MI0127,Gladwin County District Library,"Class 4: Serve 12,000-25,999",13,45,Yes,18500,Sirsi/Dynix,Yes,Sirsi/Dynix,Yes,Yes,No,Yes,Yes,Yes,Yes
253,MI0130,Grand Ledge Area District Library,"Class 4: Serve 12,000-25,999",15,22,Yes,20000,The Library Corporation,Yes,The Library Corporation,Yes,Yes,No,No,Yes,Yes,No
254,MI0137,Hamburg Township Library,"Class 4: Serve 12,000-25,999",10,11,Yes,3600,AutoGraphics Verso,Yes,AutoGraphics Verso,Yes,Yes,No,No,Yes,Yes,Yes
255,MI0138,Hamtramck Public Library,"Class 4: Serve 12,000-25,999",7,36,Yes,0,CARL X,Yes,CARL X,Yes,Yes,No,Yes,Yes,Yes,Yes
256,MI0141,Harper Woods Public Library,"Class 4: Serve 12,000-25,999",13,30,Yes,17932,SirsiDynix,Yes,Enterprise,Yes,Yes,No,Yes,Yes,Yes,No
257,MI0142,Harrison District Library,"Class 4: Serve 12,000-25,999",9,25,Yes,8000,Dynix/Horizon,Yes,Dynix/Horizon,Yes,Yes,No,Yes,Yes,Yes,Yes
258,MI0435,Harrison Township Public Library,"Class 4: Serve 12,000-25,999",6,8,Yes,2468,Biblionix,Yes,Biblionix,Yes,Yes,No,No,Yes,Yes,Yes
259,MI0145,Hastings Public Library,"Class 4: Serve 12,000-25,999",13,19,Yes,11900,III,Yes,III,Yes,Yes,Yes,Yes,Yes,Yes,Yes
260,MI0146,Hazel Park Memorial District Library,"Class 4: Serve 12,000-25,999",11,27,Yes,40000,The Library Corporoation,Yes,TLN Carl.Connect Discovery,Yes,Yes,No,Yes,Yes,Yes,Yes
261,MI0152,Highland Township Public Library,"Class 4: Serve 12,000-25,999",26,37,Yes,47019,CARL,Yes,CARL,Yes,Yes,No,Yes,Yes,Yes,Yes
262,MI0153,Holly Township Library,"Class 4: Serve 12,000-25,999",7,16,Yes,3000,Bibilionix/Apollo,Yes,,Yes,Yes,No,No,Yes,Yes,Yes
263,MI0158,Houghton Lake Public Library,"Class 4: Serve 12,000-25,999",11,24,Yes,12000, Sirsi Dynix - Horizon,Yes, Sirsi Dynix - Horizon,Yes,Yes,No,No,Yes,Yes,Yes
264,MI0378,Howard Miller Library,"Class 4: Serve 12,000-25,999",10,17,Yes,11832,Innovative Interface,Yes,Innovative Interface,Yes,Yes,Yes,Yes,Yes,Yes,Yes
265,MI0136,Ionia Community Library,"Class 4: Serve 12,000-25,999",9,11,Yes,13196,Innovative/Sierra,Yes,Innovative/Sierra,Yes,Yes,No,Yes,Yes,Yes,Yes
266,MI0173,Ishpeming Carnegie Public Library,"Class 4: Serve 12,000-25,999",6,16,Yes,6149,SirsiDynix,Yes,SirsiDynix,Yes,Yes,No,Yes,Yes,Yes,Yes
267,MI0181,Kalkaska County Library,"Class 4: Serve 12,000-25,999",8,10,Yes,16000,Evergreen via TADL ,Yes,Evergreen via TADL,Yes,Yes,No,Yes,Yes,Yes,No
268,MI0431,Leanna Hicks Public Library of Inkster,"Class 4: Serve 12,000-25,999",3,10,Yes,58000,Carl,Yes,Carl,Yes,Yes,No,Yes,Yes,Yes,No
269,MI0198,Lincoln Township Public Library,"Class 4: Serve 12,000-25,999",20,38,Yes,9332,The Library Company,Yes,The Library Company,Yes,Yes,Yes,Yes,Yes,Yes,Yes
270,MI0204,Lyon Township Public Library,"Class 4: Serve 12,000-25,999",10,24,Yes,60000,CARL,Yes,CARL,Yes,Yes,No,Yes,Yes,Yes,Yes
271,MI0242,MacDonald Public Library,"Class 4: Serve 12,000-25,999",8,11,Yes,30500,SIRSI/DYNIX,Yes,SIRSI/DYNIX,Yes,Yes,No,Yes,Yes,Yes,Yes
272,MI0213,Manistee County Library,"Class 4: Serve 12,000-25,999",56,31,Yes,20000,Book Systems-Atriuum,Yes,Book Systems,Yes,Yes,Yes,No,Yes,Yes,Yes
273,MI0218,Marshall District Library,"Class 4: Serve 12,000-25,999",18,29,Yes,12000,Infovision Evolve,Yes,Infovision Evolve,Yes,Yes,No,No,Yes,Yes,Yes
274,MI0220,Maud Preston Palenske Memorial Library,"Class 4: Serve 12,000-25,999",14,27,Yes,12000,TLC,Yes,TLC,Yes,Yes,No,Yes,Yes,Yes,Yes
275,MI0226,Menominee County Library,"Class 4: Serve 12,000-25,999",7,14,Yes,5500,sirsi dynix,Yes,sirsi dynix,Yes,Yes,No,Yes,Yes,Yes,Yes
276,MI0228,Milan Public Library,"Class 4: Serve 12,000-25,999",8,19,Yes,3500,VersoAutographics,Yes,Verso/Autographics,Yes,Yes,No,No,Yes,Yes,Yes
277,MI0229,Milford Public Library,"Class 4: Serve 12,000-25,999",28,29,Yes,34300,Carl,Yes,Carl,Yes,Yes,Yes,Yes,Yes,Yes,Yes
278,MI0231,Missaukee District Library,"Class 4: Serve 12,000-25,999",4,14,Yes,1595,COMPanion Corp,Yes,COMPanion Corp,Yes,Yes,No,Yes,Yes,Yes,Yes
279,MI0237,Mount Clemens Public Library,"Class 4: Serve 12,000-25,999",14,14,Yes,32688,Sirsi Dynix,Yes,Sirsi Dynix,Yes,Yes,No,Yes,Yes,Yes,Yes
280,MI0245,Niles District Library,"Class 4: Serve 12,000-25,999",27,45,Yes,13000,Michigan Evergreen,Yes,Michigan Evergreen,No,Yes,No,Yes,Yes,No,Yes
281,MI0253,Ogemaw District Library,"Class 4: Serve 12,000-25,999",7,19,No,0,,No,,No,No,No,No,Yes,Yes,Yes
282,MI0258,Otsego County Library,"Class 4: Serve 12,000-25,999",24,80,Yes,6521,SirsiDynix Horizon,Yes,SirsiDynix Horizon,Yes,Yes,No,Yes,Yes,Yes,Yes
283,MI0259,Otsego District Public Library,"Class 4: Serve 12,000-25,999",15,25,Yes,3000,Autographics Verso,Yes,Autographics Verso,Yes,Yes,Yes,No,Yes,No,Yes
284,MI0262,Oxford Public Library,"Class 4: Serve 12,000-25,999",29,43,Yes,32447,TLC Carl x,Yes,TLC Carl Connect,Yes,Yes,Yes,Yes,Yes,Yes,Yes
285,MI0265,Paw Paw District Library,"Class 4: Serve 12,000-25,999",21,15,Yes,2800,Auto-Graphics,Yes,Auto-Graphics,Yes,Yes,Yes,No,Yes,No,Yes
286,MI0269,Petoskey District Library,"Class 4: Serve 12,000-25,999",15,11,Yes,9000,SirsiDynix,Yes,Bibliocommons,Yes,Yes,Yes,Yes,Yes,Yes,Yes
287,MI0276,Portage Lake District Library,"Class 4: Serve 12,000-25,999",11,18,Yes,7200,Dell,Yes,Sirsi,Yes,Yes,No,Yes,Yes,No,Yes
288,MI0278,Portland District Library,"Class 4: Serve 12,000-25,999",7,23,Yes,1285,Book Systems,Yes,Book Systems,Yes,Yes,No,No,Yes,No,No
289,MI0279,Presque Isle District Library,"Class 4: Serve 12,000-25,999",18,45,Yes,9400,Sirsi Workflows,Yes,BiblioCommons,Yes,Yes,No,Yes,Yes,Yes,No
290,MI0292,Riverview Veterans Memorial Library,"Class 4: Serve 12,000-25,999",4,11,Yes,34000,CARL X,Yes,CARL X,Yes,Yes,No,Yes,Yes,Yes,Yes
291,MI0315,Salem-South Lyon District Library,"Class 4: Serve 12,000-25,999",20,42,Yes,37000,CARL,Yes,CARL,Yes,Yes,Yes,Yes,Yes,Yes,Yes
292,MI0355,Spring Lake District Library,"Class 4: Serve 12,000-25,999",DNR,DNR,Yes,20000,Innovative Sierra,Yes,Innovative,Yes,Yes,Yes,Yes,Yes,No,Yes
293,MI0319,Springfield Township Library,"Class 4: Serve 12,000-25,999",10,11,Yes,40000,Carl,Yes,Carl,Yes,Yes,No,Yes,Yes,Yes,Yes
294,MI0326,Sturgis District Library,"Class 4: Serve 12,000-25,999",12,17,Yes,4000,Book Systems,Yes,Book Systems,Yes,Yes,No,No,Yes,Yes,Yes
295,MI0333,Tecumseh District Library,"Class 4: Serve 12,000-25,999",13,20,Yes,3674,Auto-Graphics Verso,Yes,Auto-Graphics Verso,Yes,Yes,No,No,Yes,Yes,Yes
296,MI0338,Thornapple Kellogg School and Community Library,"Class 4: Serve 12,000-25,999",3,14,Yes,14758,Innovative - Sierra,Yes,Innovative - Sierra,Yes,Yes,No,Yes,Yes,Yes,Yes
297,MI0340,Three Rivers Public Library,"Class 4: Serve 12,000-25,999",9,22,Yes,3100,Autographics,Yes,Autographics,Yes,Yes,Yes,No,Yes,Yes,No
298,MI0349,Vicksburg District Library,"Class 4: Serve 12,000-25,999",6,10,Yes,3000,Auto Graphics/Verso,Yes,Auto Graphics/Verso,Yes,Yes,No,No,Yes,No,No
299,MI0403,Wayne Public Library,"Class 4: Serve 12,000-25,999",14,20,Yes,27206,CARL,Yes,CARL,Yes,Yes,No,Yes,Yes,Yes,Yes
300,MI0374,Wixom Public Library,"Class 4: Serve 12,000-25,999",15,26,Yes,29397,TLC CARL,Yes,TLC CARL,Yes,Yes,Yes,Yes,Yes,Yes,Yes
301,MI9017,Allen Park Public Library,"Class 5: Serve 26,000-49,999",16,29,Yes,27890,CARL-X,Yes,CARL-X,Yes,Yes,No,Yes,Yes,Yes,Yes
302,MI0411,Allendale Township Library,"Class 5: Serve 26,000-49,999",5,9,Yes,21979,Innovative,Yes,Innovative,Yes,Yes,Yes,Yes,Yes,Yes,No
303,MI0414,Alpena County Library,"Class 5: Serve 26,000-49,999",15,22,Yes,29261,Sirsidynix,Yes,SirsiDynix,Yes,Yes,No,Yes,Yes,Yes,Yes
304,MI0019,Baldwin Public Library,"Class 5: Serve 26,000-49,999",50,35,Yes,45500,"Innovative Interfaces, Inc.",Yes,"Innovative Interfaces, Inc.",Yes,Yes,Yes,No,Yes,Yes,No
305,MI0430,Belleville Area District Library,"Class 5: Serve 26,000-49,999",29,60,Yes,40000,The Library Corporation,Yes,The Library Corporation,Yes,Yes,Yes,Yes,Yes,Yes,Yes
306,MI0037,Bloomfield Township Public Library,"Class 5: Serve 26,000-49,999",101,76,Yes,75700,Innovative Interfaces Inc,Yes,Innovative Interfaces Inc,Yes,Yes,Yes,No,Yes,No,No
307,MI0039,Branch District Library,"Class 5: Serve 26,000-49,999",51,88,Yes,23000,Evergreen,Yes,Equinox Open Library Initiative,Yes,Yes,No,No,Yes,Yes,Yes
308,MI0043,Brighton District Library,"Class 5: Serve 26,000-49,999",36,32,Yes,38783,TLC,Yes,TLC,Yes,Yes,Yes,Yes,Yes,Yes,Yes
309,MI0049,Cadillac-Wexford County Public Library,"Class 5: Serve 26,000-49,999",25,74,Yes,2800,Biblionix,Yes,Biblionix,Yes,Yes,No,No,Yes,Yes,Yes
310,MI0055,Cass District Library,"Class 5: Serve 26,000-49,999",18,49,Yes,34243,SirsiDynix,Yes,SirsiDynix,Yes,Yes,No,No,Yes,Yes,Yes
311,MI0416,Chesterfield Township Library,"Class 5: Serve 26,000-49,999",18,22,Yes,60500,SirsiDynix Symphony,Yes,SirsiDynix Symphony,Yes,Yes,Yes,Yes,Yes,Yes,Yes
312,MI0166,Clarkston Independence District Library,"Class 5: Serve 26,000-49,999",29,42,Yes,19000,Polaris - III,Yes,Polaris - III,Yes,Yes,Yes,No,Yes,Yes,Yes
313,MI0426,Commerce Township Community Library,"Class 5: Serve 26,000-49,999",26,47,Yes,55000,The Library Corporation,Yes,The Library Corporation,Yes,Yes,Yes,Yes,Yes,No,Yes
314,MI0310,Community District Library,"Class 5: Serve 26,000-49,999",14,46,Yes,16000,Sirsi Dynx,Yes,Sirsi Dynx,Yes,Yes,No,Yes,Yes,Yes,Yes
315,MI0075,Cromaine District Library,"Class 5: Serve 26,000-49,999",25,21,Yes,25766,TLC CARL,Yes,TLC CARL,Yes,Yes,Yes,Yes,Yes,Yes,Yes
316,MI9009,Delta Township District Library,"Class 5: Serve 26,000-49,999",18,32,Yes,36758,SirsiDynix,Yes,SirsiDynix,Yes,Yes,Yes,Yes,Yes,Yes,No
317,MI0085,Dickinson County Library,"Class 5: Serve 26,000-49,999",21,37,Yes,21053,SIRSI,Yes,SIRSI,Yes,Yes,No,Yes,Yes,Yes,Yes
318,MI0093,East Lansing Public Library,"Class 5: Serve 26,000-49,999",20,34,Yes,58000,Innovative Interfaces Inc,Yes, Bibliocommons,Yes,Yes,Yes,No,Yes,Yes,Yes
319,MI0092,Eastpointe Memorial Library,"Class 5: Serve 26,000-49,999",8,14,Yes,60000,Sirsi/Dynix,Yes,Sirsi/Dynix,Yes,Yes,No,Yes,Yes,Yes,Yes
320,MI0121,Garden City Public Library,"Class 5: Serve 26,000-49,999",9,15,Yes,30621,TLC CARL,Yes,TLC CARL,Yes,Yes,No,Yes,Yes,Yes,Yes
321,MI0124,Georgetown Township Public Library,"Class 5: Serve 26,000-49,999",36,25,Yes,39889,Innovative Interfaces,Yes,Innovative Interfaces,Yes,Yes,No,Yes,Yes,No,No
322,MI0135,Hackley Public Library,"Class 5: Serve 26,000-49,999",29,79,Yes,18000,iii,Yes,iii,Yes,Yes,No,Yes,Yes,Yes,Yes
323,MI0171,Iosco-Arenac District Library,"Class 5: Serve 26,000-49,999",23,63,Yes,27000,SirsiDynix Horizon,Yes,SirsiDynix Horizon (Enterprise),Yes,Yes,No,Yes,Yes,Yes,Yes
324,MI0195,Lenawee District Library,"Class 5: Serve 26,000-49,999",18,31,Yes,50000,Polaris,Yes,Polaris,Yes,Yes,No,No,Yes,No,No
325,MI9025,Lincoln Park Public Library,"Class 5: Serve 26,000-49,999",6,1,Yes,24264, THE LIBRARY CORPORATION,Yes,THE LIBRARY CORPORATION,Yes,Yes,No,Yes,Yes,Yes,Yes
326,MI0201,Loutit District Library,"Class 5: Serve 26,000-49,999",37,52,Yes,24000,III,Yes,III,Yes,Yes,Yes,Yes,Yes,Yes,Yes
327,MI0210,Madison Heights Public Library,"Class 5: Serve 26,000-49,999",12,22,Yes,49504,CARL,Yes,Carl Connect,Yes,Yes,Yes,Yes,Yes,Yes,No
328,MI0401,Mason County District Library,"Class 5: Serve 26,000-49,999",31,44,Yes,5306,Biblionix,Yes,Biblionix,Yes,Yes,No,No,Yes,Yes,Yes
329,MI0248,Northville District Library,"Class 5: Serve 26,000-49,999",31,23,Yes,44214,TLC,Yes,TLC,Yes,Yes,Yes,Yes,Yes,Yes,Yes
330,MI0251,Oak Park Public Library,"Class 5: Serve 26,000-49,999",12,20,Yes,35000,CARL-X,Yes,Carl Connect,Yes,Yes,Yes,Yes,Yes,Yes,Yes
331,MI0255,Orion Township Public Library,"Class 5: Serve 26,000-49,999",41,54,Yes,32000,Polaris Library System,Yes,Polaris Library System,Yes,Yes,Yes,No,Yes,Yes,Yes
332,MI0268,Peter White Public Library,"Class 5: Serve 26,000-49,999",45,48,Yes,30090,Sirsi Dynix,Yes,Sirsi Dynix,Yes,Yes,Yes,Yes,Yes,Yes,Yes
333,MI0273,Plymouth District Library,"Class 5: Serve 26,000-49,999",57,95,Yes,88000,Sirsi-Dynix,Yes,Sirsi-Dynix,Yes,Yes,Yes,No,Yes,Yes,No
334,MI0402,Redford Township District Library,"Class 5: Serve 26,000-49,999",25,56,Yes,37501, The Library Corporation (TLC),Yes,The Library Corporation (TLC),Yes,Yes,Yes,Yes,Yes,Yes,Yes
335,MI0294,Romeo District Library,"Class 5: Serve 26,000-49,999",28,34,Yes,85000,Sirsi/Dynix,Yes,Sirsi/Dynix,Yes,Yes,Yes,Yes,Yes,Yes,Yes
336,MI0433,Romulus Public Library,"Class 5: Serve 26,000-49,999",11,17,Yes,27300,TLC CARL,Yes,TLC CARL,Yes,Yes,No,Yes,Yes,Yes,Yes
337,MI0295,Roseville Public Library,"Class 5: Serve 26,000-49,999",22,25,Yes,74859,SirsiDynix,Yes,SirsiDynix Enterprise,Yes,Yes,No,Yes,Yes,Yes,Yes
338,MI0300,Saline District Library,"Class 5: Serve 26,000-49,999",22,43,Yes,34500,Polaris,Yes,Polaris,Yes,Yes,Yes,No,Yes,Yes,Yes
339,MI0261,Shiawassee District Library,"Class 5: Serve 26,000-49,999",13,22,Yes,3900,Biblionix,Yes,Biblionix,Yes,Yes,No,Yes,Yes,Yes,Yes
340,MI0434,Southgate Veterans Memorial Library,"Class 5: Serve 26,000-49,999",8,16,Yes,30576,CARL,Yes,The Library Corporation,Yes,Yes,No,Yes,Yes,Yes,Yes
341,MI0022,Superior District Library,"Class 5: Serve 26,000-49,999",36,96,Yes,59000,SirsiDynix,Yes,SirsiDynix,Yes,Yes,No,Yes,Yes,Yes,Yes
342,MI0345,Van Buren District Library,"Class 5: Serve 26,000-49,999",29,91,Yes,9000,Auto-Graphics,Yes,Auto-Graphics,Yes,Yes,No,Yes,Yes,No,Yes
343,MI0366,White Lake Township Library,"Class 5: Serve 26,000-49,999",22,21,Yes,49000,TLC CARL,Yes,TLC CARL,Yes,Yes,Yes,Yes,Yes,Yes,Yes
344,MI0012,Ann Arbor District Library,"Class 6: Serve 50,000+",161,225,Yes,10000,Evergreen,Yes,Homegrown,Yes,Yes,Yes,No,Yes,Yes,Yes
345,MI0021,Bay County Library System,"Class 6: Serve 50,000+",84,127,Yes,88000,Valley Library Consortuim,Yes,Valley Library Consortium,Yes,Yes,No,Yes,Yes,No,Yes
346,MI0052,Canton Public Library,"Class 6: Serve 50,000+",82,94,Yes,66822,Innovative,Yes,Innovative,Yes,Yes,Yes,No,Yes,No,Yes
347,MI0424,Capital Area District Libraries,"Class 6: Serve 50,000+",168,355,Yes,95000,Innovative Interfaces - Sierra,Yes,Innovative Interfaces - Sierra,Yes,Yes,Yes,No,Yes,Yes,Yes
348,MI0348,Chippewa River District Library System,"Class 6: Serve 50,000+",37,120,Yes,34634,The Library Corporation,Yes,The Library Corporation,Yes,Yes,Yes,Yes,Yes,Yes,Yes
349,MI0397,Clinton-Macomb Public Library,"Class 6: Serve 50,000+",90,100,Yes,55000,Proquest/III/Polaris,Yes,Proquest/III/Polaris,Yes,Yes,Yes,No,Yes,Yes,Yes
350,MI0425,Dearborn Heights City Libraries,"Class 6: Serve 50,000+",36,66,Yes,47234,CARL,Yes,CARL,Yes,Yes,No,Yes,Yes,Yes,Yes
351,MI0078,Dearborn Public Library,"Class 6: Serve 50,000+",44,74,Yes,88321,SirsiDynix,Yes,SirsiDynix,Yes,Yes,Yes,No,Yes,Yes,Yes
352,MI0083,Detroit Public Library,"Class 6: Serve 50,000+",331,1148,Yes,183691,SIRSI,Yes,SIRSI,Yes,Yes,Yes,No,Yes,Yes,Yes
353,MI0105,Farmington Community Library,"Class 6: Serve 50,000+",93,129,Yes,49793,"Innovative Interface, Inc",Yes,"Innovative Interface, Inc",Yes,Yes,Yes,No,Yes,No,Yes
354,MI0111,Flint Public Library,"Class 6: Serve 50,000+",71,108,Yes,25420,Innovative,Yes,Innovative,No,Yes,No,No,Yes,Yes,No
355,MI0123,Genesee District Library,"Class 6: Serve 50,000+",85,306,Yes,70897,Innovative Interfaces Inc,Yes,Innovative Interfaces Inc,Yes,Yes,Yes,No,Yes,Yes,Yes
356,MI0129,Grace A. Dow Memorial Library,"Class 6: Serve 50,000+",39,25,Yes,58500,Biblionix/Apollo,Yes,Biblionix/Apollo,Yes,Yes,Yes,No,Yes,Yes,No
357,MI0131,Grand Rapids Public Library,"Class 6: Serve 50,000+",140,190,Yes,0,Evergreen,Yes,Evergreen,Yes,Yes,Yes,No,Yes,Yes,Yes
358,MI0134,Grosse Pointe Public Library,"Class 6: Serve 50,000+",68,76,Yes,98000,Innovative Interfaces,Yes,Innovative Interfaces,Yes,Yes,Yes,Yes,Yes,Yes,Yes
359,MI0150,Herrick District Library,"Class 6: Serve 50,000+",59,105,Yes,43753,III Sierra,Yes,III and Bibliocommons,Yes,Yes,Yes,Yes,Yes,Yes,Yes
360,MI0160,Howell Carnegie District Library,"Class 6: Serve 50,000+",34,65,Yes,88576,Innovative Interfaces,Yes,Innovative Interfaces,Yes,Yes,Yes,No,Yes,Yes,Yes
361,MI0175,Jackson District Library,"Class 6: Serve 50,000+",127,189,Yes,65000,SirsiDynix,Yes,SirsiDynix,Yes,Yes,Yes,Yes,Yes,Yes,Yes
362,MI0180,Kalamazoo Public Library,"Class 6: Serve 50,000+",126,119,Yes,205269,Sirsi/Dynix,Yes,Sirsi/Dynix,Yes,Yes,Yes,No,Yes,Yes,No
363,MI0182,Kent District Library,"Class 6: Serve 50,000+",260,270,Yes,195618,SirsiDynix,Yes,SirsiDynix,Yes,Yes,Yes,No,Yes,Yes,Yes
364,MI0190,Lapeer District Library,"Class 6: Serve 50,000+",26,38,Yes,26640,SirsiDynix,Yes,SirsiDynix,Yes,Yes,Yes,Yes,Yes,Yes,Yes
365,MI0200,Livonia Public Library,"Class 6: Serve 50,000+",60,57,Yes,79500,TLC Carl,Yes,TLC Carl,Yes,Yes,Yes,Yes,Yes,Yes,Yes
366,MI0233,Monroe County Library System,"Class 6: Serve 50,000+",131,222,Yes,87000,Innovative Interface,Yes,Innovative Interface,Yes,Yes,Yes,No,Yes,No,Yes
367,MI0240,Muskegon Area District Library,"Class 6: Serve 50,000+",53,113,Yes,59834,"Innovative Interfaces, Inc",Yes,"Innovative Interfaces, Inc",Yes,Yes,Yes,Yes,Yes,Yes,Yes
368,MI0250,Novi Public Library,"Class 6: Serve 50,000+",72,98,Yes,63008,TLC CARL,Yes,TLC CARL,Yes,Yes,Yes,Yes,Yes,Yes,No
369,MI0274,Pontiac Public Library,"Class 6: Serve 50,000+",20,60,Yes,26292,The Library Corporation,Yes,Carl X,Yes,Yes,No,Yes,Yes,Yes,Yes
370,MI0277,Portage District Library,"Class 6: Serve 50,000+",50,76,Yes,59000,SirsiDynix,Yes,SirsiDynix,Yes,Yes,Yes,No,Yes,No,Yes
371,MI0299,Public Libraries of Saginaw,"Class 6: Serve 50,000+",64,103,Yes,78023,Horizon,Yes,Horizon,Yes,Yes,Yes,Yes,Yes,Yes,Yes
372,MI0293,Rochester Hills Public Library,"Class 6: Serve 50,000+",78,93,Yes,35700,Innovative,Yes,Innovative,Yes,Yes,Yes,No,Yes,Yes,Yes
373,MI0296,Royal Oak Public Library,"Class 6: Serve 50,000+",31,34,Yes,45000,CARL,Yes,CARL,Yes,Yes,Yes,Yes,Yes,No,No
374,MI0321,Saint Clair County Library System,"Class 6: Serve 50,000+",109,155,Yes,65542,Sirsi Dynix,Yes,Sirsi Dynix,Yes,Yes,No,No,Yes,Yes,Yes
375,MI0322,Saint Clair Shores Public Library,"Class 6: Serve 50,000+",25,29,Yes,76200,Sirsi/Dynix,Yes,Sirsi/Synix,Yes,Yes,Yes,Yes,Yes,Yes,Yes
376,MI0308,Shelby Township Library,"Class 6: Serve 50,000+",18,27,Yes,44000,Sirsi/Dynix,Yes,Sirsi/Dynix,Yes,Yes,No,Yes,Yes,Yes,No
377,MI0316,Southfield Public Library,"Class 6: Serve 50,000+",95,150,Yes,50000,Innovative Interfaces,Yes,Innovative Interfaces,Yes,Yes,Yes,Yes,Yes,No,No
378,MI0325,Sterling Heights Public Library,"Class 6: Serve 50,000+",26,62,Yes,106370,SirsiDynix,Yes,SirsiDynix,Yes,Yes,No,Yes,Yes,Yes,Yes
379,MI9024,Taylor Community Library,"Class 6: Serve 50,000+",17,33,Yes,32977,The Library Corporation,Yes,The Library Corporation,Yes,Yes,Yes,Yes,Yes,Yes,Yes
380,MI0342,Traverse Area District Library,"Class 6: Serve 50,000+",69,93,Yes,0,Evergreen,Yes,Evergreen,Yes,Yes,Yes,Yes,Yes,Yes,No
381,MI9020,Trenton Veteran's Memorial Library,"Class 6: Serve 50,000+",16,34,Yes,33497,CARLX,Yes,CARLX,Yes,Yes,Yes,Yes,Yes,No,Yes
382,MI0343,Troy Public Library,"Class 6: Serve 50,000+",60,35,Yes,75000,Innovative/Polaris,Yes,Innovative/Polaris,Yes,Yes,Yes,No,Yes,Yes,Yes
383,MI0356,Warren Public Library,"Class 6: Serve 50,000+",40,130,Yes,162237,SirsiDynix,Yes,SirsiDynix,Yes,Yes,Yes,Yes,Yes,Yes,Yes
384,MI0358,Waterford Township Public Library,"Class 6: Serve 50,000+",22,58,Yes,63499,THE LIBRARY CORPORATION,Yes,THE LIBRARY CORPORATION,Yes,Yes,Yes,Yes,Yes,Yes,Yes
385,MI0362,West Bloomfield Township Public Library,"Class 6: Serve 50,000+",60,139,Yes,99000,Innovative Interfaces,Yes,Innovative Interfaces,Yes,Yes,Yes,No,Yes,No,No
386,MI0371,Willard Public Library,"Class 6: Serve 50,000+",83,120,Yes,67000,SirsiDynix,Yes,SirsiDynix,No,Yes,Yes,No,Yes,Yes,Yes
387,MI0415,William P. Faust Public Library of Westland,"Class 6: Serve 50,000+",49,81,Yes,49936,Innovative Sierra,Yes,Innovative Sierra/Encore,Yes,Yes,Yes,No,Yes,No,No
388,MI0377,Ypsilanti District Library,"Class 6: Serve 50,000+",62,114,Yes,62230,Horizon,Yes,Sirsi Dynix,Yes,Yes,Yes,No,Yes,No,Yes
389,,Total Libraries Reporting (N),389,,,,,,,,,,,,,,
390,,,Total,6731,12131,,,,,,,,,,,,
391,,,Average,17.3479381443299,31.265463917525775,,,,,,,,,,,,
392,,,,,,,,,,,,,,,,,
393,,,,,,,,,,,,,,,,,
394,,,Is your library circulation system automated?,Is your card catalog automated?,Patron Initiated ILL,Do you offer a Remote Catalog?,Do you provide Self Checkout?,Is your Circulation System Shared?,Do you normally provide Wireless Internet Access to Patrons?,"Did the library provide WiFi Internet access to users outside the building, at any outlet, before the Coronavirus (COVID-19) pandemic?‚Äù","Did the library provide or increase access to WiFi Internet access to users outside the building, at any outlet, during the Coronavirus (COVID-19) pandemic?",,,,,,
395,,Class 1,0.9090909090909091,0.9242424242424242,0.6818181818181818,0.803030303030303,0.030303030303030304,0.2878787878787879,0.9848484848484849,0.8636363636363636,0.7424242424242424,,,,,,
396,,Class 2,0.9871794871794872,0.9743589743589743,0.9487179487179487,0.9743589743589743,0.05128205128205128,0.5,1,0.9358974358974359,0.782051282051282,,,,,,
397,,Class 3,0.9871794871794872,0.9871794871794872,0.9358974358974359,0.9871794871794872,0.11538461538461539,0.717948717948718,1,0.8974358974358975,0.8333333333333334,,,,,,
398,,Class 4,0.9873417721518988,0.9873417721518988,0.9240506329113924,0.9873417721518988,0.3037974683544304,0.6582278481012658,1,0.8734177215189873,0.810126582278481,,,,,,
399,,Class 5,1,1,1,1,0.5116279069767442,0.7209302325581395,1,0.8837209302325582,0.813953488372093,,,,,,
400,,Class 6,1,1,0.9555555555555556,1,0.8444444444444444,0.4888888888888889,1,0.7555555555555555,0.7777777777777778,,,,,,
401,,,,,,,,,,,,,,,,,
402,End of worksheet,,,,,,,,,,,,,,,,
